cap,seed,startDefense,endDefense,delta,grazingPressure,finalPop,plantGen,biomassDispersion
0,42,0.33109,0.12078,-0.21031,0.000000,0,16,0.1009
0,43,0.27142,0.32385,0.05242,0.000000,0,20,0.0963
0,44,0.28353,0.48013,0.19660,0.000000,0,15,0.1297
0,45,0.28521,0.58440,0.29919,0.000000,0,19,0.1176
0,46,0.29681,0.18314,-0.11367,0.000000,0,17,0.1071
0,47,0.23641,0.08839,-0.14802,0.000000,0,16,0.1066
0,48,0.33565,0.12560,-0.21004,0.000000,0,13,0.1057
0,49,0.25668,0.18994,-0.06673,0.000000,0,19,0.1231
0,50,0.37041,0.40861,0.03819,0.000000,0,17,0.1113
0,51,0.24081,0.14920,-0.09160,0.000000,0,20,0.1514
0,52,0.34306,0.33087,-0.01220,0.000000,0,14,0.1056
0,53,0.29888,0.41143,0.11254,0.000000,0,17,0.1162
0,54,0.25130,0.10530,-0.14599,0.000000,0,19,0.1217
0,55,0.28689,0.14946,-0.13743,0.000000,0,16,0.1256
0,56,0.35252,0.40294,0.05042,0.000000,0,17,0.1427
0,57,0.31420,0.44191,0.12771,0.000000,0,14,0.1015
0,58,0.23897,0.51337,0.27440,0.000000,0,14,0.1488
0,59,0.28345,0.22216,-0.06128,0.000000,0,18,0.1375
0,60,0.27625,0.35804,0.08179,0.000000,0,15,0.1295
0,61,0.35180,0.27513,-0.07667,0.000000,0,13,0.1040
0,62,0.30712,0.11022,-0.19690,0.000000,0,17,0.1395
0,63,0.30905,0.54771,0.23866,0.000000,0,16,0.1221
0,64,0.27925,0.03562,-0.24363,0.000000,0,18,0.1404
0,65,0.31400,0.47437,0.16038,0.000000,0,16,0.0882
0,66,0.28170,0.19025,-0.09144,0.000000,0,16,0.1364
0,67,0.33913,0.65968,0.32055,0.000000,0,15,0.1302
0,68,0.28868,0.29420,0.00552,0.000000,0,15,0.1164
0,69,0.22331,0.11205,-0.11126,0.000000,0,18,0.0966
0,70,0.28036,0.15356,-0.12680,0.000000,0,15,0.1263
0,71,0.33118,0.37179,0.04061,0.000000,0,20,0.1214
3,42,0.33109,0.12078,-0.21031,0.000621,1,16,0.1011
3,43,0.27142,0.32385,0.05242,0.000576,0,20,0.0965
3,44,0.28353,0.48013,0.19660,0.000778,0,15,0.1298
3,45,0.28521,0.42660,0.14139,0.000328,0,14,0.1186
3,46,0.29681,0.16986,-0.12696,0.000620,3,15,0.1238
3,47,0.23641,0.08839,-0.14802,0.000482,0,16,0.1069
3,48,0.33565,0.12560,-0.21004,0.000496,0,13,0.1062
3,49,0.25668,0.18994,-0.06673,0.000853,2,19,0.1231
3,50,0.37041,0.40861,0.03819,0.000460,0,17,0.1116
3,51,0.24081,0.52812,0.28732,0.001092,2,18,0.1271
3,52,0.34306,0.33087,-0.01220,0.000476,0,14,0.1057
3,53,0.29888,0.41143,0.11254,0.000283,0,17,0.1163
3,54,0.25130,0.10530,-0.14599,0.000298,0,19,0.1217
3,55,0.28689,0.64871,0.36182,0.000711,2,19,0.1225
3,56,0.35252,0.40294,0.05042,0.000217,0,17,0.1427
3,57,0.31420,0.44191,0.12771,0.000182,0,14,0.1015
3,58,0.23897,0.51337,0.27440,0.000255,0,14,0.1488
3,59,0.28345,0.22216,-0.06128,0.000660,0,18,0.1375
3,60,0.27625,0.08178,-0.19447,0.000610,3,14,0.1163
3,61,0.35180,0.34073,-0.01107,0.000341,0,14,0.0911
3,62,0.30712,0.07827,-0.22884,0.000371,0,14,0.1313
3,63,0.30905,0.72898,0.41993,0.001060,0,17,0.1089
3,64,0.27925,0.08009,-0.19916,0.000254,0,16,0.1179
3,65,0.31400,0.42149,0.10749,0.000656,3,15,0.0863
3,66,0.28170,0.19025,-0.09144,0.000463,0,16,0.1364
3,67,0.33913,0.65968,0.32055,0.000607,3,15,0.1303
3,68,0.28868,0.29420,0.00552,0.000826,3,15,0.1182
3,69,0.22331,0.31117,0.08787,0.000268,0,16,0.1065
3,70,0.28036,0.15356,-0.12680,0.000329,0,15,0.1265
3,71,0.33118,0.37179,0.04061,0.000382,0,20,0.1232
6,42,0.28423,0.42155,0.13732,0.000741,0,14,0.1283
6,43,0.25242,0.12410,-0.12832,0.000898,6,14,0.1320
6,44,0.26109,0.57794,0.31685,0.000724,0,16,0.1481
6,45,0.30124,0.13617,-0.16507,0.000772,6,15,0.1464
6,46,0.29681,0.12366,-0.17316,0.000871,6,15,0.1538
6,47,0.32084,0.41684,0.09600,0.001607,6,18,0.1396
6,48,0.33565,0.58426,0.24861,0.001695,6,18,0.1127
6,49,0.25916,0.57939,0.32023,0.001565,6,17,0.1289
6,50,0.33076,0.30376,-0.02700,0.000962,6,19,0.1443
6,51,0.25314,0.35690,0.10376,0.001056,6,14,0.1310
6,52,0.32382,0.12832,-0.19549,0.000920,6,16,0.1273
6,53,0.27589,0.20161,-0.07428,0.000757,6,14,0.1170
6,54,0.28547,0.05335,-0.23211,0.000764,6,17,0.1743
6,55,0.34911,0.32856,-0.02055,0.000913,6,16,0.1603
6,56,0.35252,0.08897,-0.26355,0.001052,6,14,0.1167
6,57,0.29569,0.40536,0.10967,0.000947,6,17,0.1571
6,58,0.23897,0.57109,0.33212,0.001115,6,16,0.1569
6,59,0.30402,0.16101,-0.14301,0.000764,0,20,0.1626
6,60,0.27023,0.43017,0.15993,0.001227,6,16,0.1423
6,61,0.35835,0.37064,0.01229,0.000955,6,15,0.1535
6,62,0.30712,0.06694,-0.24018,0.001022,6,16,0.1125
6,63,0.28706,0.28392,-0.00314,0.002297,6,20,0.1515
6,64,0.27925,0.05943,-0.21982,0.000781,6,18,0.1428
6,65,0.31400,0.32329,0.00930,0.000822,6,15,0.1466
6,66,0.31626,0.32927,0.01301,0.001135,6,15,0.1343
6,67,0.33913,0.46241,0.12328,0.000824,6,17,0.1131
6,68,0.28868,0.12913,-0.15955,0.000878,6,15,0.1318
6,69,0.27699,0.08977,-0.18722,0.000927,6,15,0.1348
6,70,0.25699,0.16517,-0.09182,0.001010,6,14,0.1578
6,71,0.27844,0.11386,-0.16457,0.000851,6,15,0.1173
12,42,0.27620,0.66203,0.38583,0.001478,12,17,0.1874
12,43,0.29630,0.17079,-0.12552,0.001046,12,14,0.2164
12,44,0.32854,0.35746,0.02891,0.001111,12,14,0.2030
12,45,0.29815,0.18748,-0.11067,0.000848,12,17,0.1732
12,46,0.29681,0.07213,-0.22468,0.000866,12,16,0.2410
12,47,0.27481,0.09787,-0.17693,0.001109,12,15,0.2206
12,48,0.29538,0.40265,0.10726,0.001092,12,14,0.2035
12,49,0.28272,0.37533,0.09261,0.001059,12,16,0.2228
12,50,0.33003,0.30558,-0.02445,0.001296,12,14,0.2230
12,51,0.30208,0.30971,0.00762,0.001291,12,15,0.2090
12,52,0.32676,0.38053,0.05377,0.001021,12,14,0.2370
12,53,0.33023,0.26077,-0.06946,0.001090,12,15,0.1860
12,54,0.25910,0.41526,0.15616,0.000937,12,16,0.1705
12,55,0.30582,0.36560,0.05978,0.001302,12,14,0.2096
12,56,0.30997,0.02623,-0.28374,0.001051,12,14,0.2071
12,57,0.32134,0.08928,-0.23205,0.000987,12,16,0.2069
12,58,0.23904,0.25944,0.02040,0.000871,12,15,0.1766
12,59,0.30402,0.03024,-0.27379,0.000867,12,19,0.1861
12,60,0.31075,0.07187,-0.23888,0.000922,12,17,0.1849
12,61,0.32647,0.08093,-0.24553,0.000788,12,14,0.2038
12,62,0.30712,0.03939,-0.26773,0.000971,12,16,0.1801
12,63,0.30716,0.24217,-0.06499,0.001023,12,16,0.1848
12,64,0.27809,0.03578,-0.24231,0.000959,12,19,0.1862
12,65,0.30719,0.14600,-0.16119,0.000951,12,14,0.1986
12,66,0.31583,0.06386,-0.25197,0.000909,12,16,0.1937
12,67,0.29965,0.29533,-0.00432,0.000916,12,15,0.2151
12,68,0.30951,0.10464,-0.20487,0.001064,12,15,0.2263
12,69,0.30286,0.04532,-0.25754,0.001070,12,18,0.1889
12,70,0.30207,0.15659,-0.14548,0.001146,12,15,0.1806
12,71,0.28742,0.11117,-0.17625,0.000750,12,16,0.1978
18,42,0.27620,0.41935,0.14315,0.001606,18,15,0.2224
18,43,0.29630,0.07628,-0.22002,0.001546,18,14,0.2091
18,44,0.32854,0.24215,-0.08639,0.001509,18,15,0.2250
18,45,0.29815,0.19792,-0.10023,0.001374,18,15,0.1849
18,46,0.29681,0.29467,-0.00214,0.001283,18,15,0.2063
18,47,0.27481,0.33097,0.05616,0.001491,18,15,0.2245
18,48,0.29538,0.06663,-0.22875,0.001396,18,15,0.1689
18,49,0.28272,0.23259,-0.05013,0.001713,18,14,0.1969
18,50,0.33003,0.03599,-0.29403,0.001516,18,15,0.2098
18,51,0.30208,0.55540,0.25332,0.001759,18,13,0.2167
18,52,0.32676,0.53981,0.21304,0.001608,18,16,0.2042
18,53,0.33023,0.07704,-0.25319,0.001342,18,12,0.1981
18,54,0.25910,0.10604,-0.15306,0.001432,18,16,0.2052
18,55,0.30582,0.70350,0.39769,0.001724,18,17,0.2207
18,56,0.30997,0.09572,-0.21425,0.001757,18,15,0.2169
18,57,0.32134,0.06553,-0.25581,0.001303,18,18,0.2102
18,58,0.23904,0.20286,-0.03618,0.001275,18,15,0.2337
18,59,0.30402,0.25462,-0.04941,0.001704,18,15,0.2261
18,60,0.31075,0.20896,-0.10180,0.001537,18,16,0.1901
18,61,0.32647,0.05730,-0.26917,0.001240,18,17,0.1974
18,62,0.30712,0.06488,-0.24223,0.001510,18,17,0.2060
18,63,0.30716,0.29612,-0.01104,0.001595,18,14,0.2008
18,64,0.27809,0.08673,-0.19136,0.001481,18,18,0.1958
18,65,0.30719,0.57180,0.26461,0.001755,18,15,0.2211
18,66,0.31583,0.02528,-0.29055,0.001436,18,14,0.1997
18,67,0.29965,0.11567,-0.18398,0.001539,18,19,0.2149
18,68,0.30951,0.31615,0.00664,0.001477,18,16,0.2302
18,69,0.30286,0.23169,-0.07117,0.001476,18,14,0.2064
18,70,0.30207,0.19284,-0.10924,0.001587,18,13,0.2073
18,71,0.28742,0.03970,-0.24772,0.001323,18,14,0.2173
24,42,0.27620,0.21338,-0.06282,0.002000,24,15,0.2319
24,43,0.29630,0.17085,-0.12546,0.001927,24,15,0.2227
24,44,0.32854,0.19127,-0.13727,0.002174,24,15,0.2099
24,45,0.29815,0.24441,-0.05374,0.001739,24,17,0.1792
24,46,0.29681,0.11974,-0.17708,0.001864,24,16,0.2059
24,47,0.27481,0.30287,0.02806,0.001996,24,16,0.2407
24,48,0.29538,0.09699,-0.19839,0.001822,24,13,0.2183
24,49,0.28272,0.13150,-0.15122,0.002226,24,14,0.2206
24,50,0.33003,0.18177,-0.14825,0.002044,24,17,0.2344
24,51,0.30208,0.11962,-0.18247,0.002043,24,17,0.2067
24,52,0.32676,0.30472,-0.02205,0.002218,24,16,0.2107
24,53,0.33023,0.05740,-0.27283,0.001997,24,14,0.2352
24,54,0.25910,0.11093,-0.14816,0.001875,24,18,0.1923
24,55,0.30582,0.57162,0.26580,0.002333,24,15,0.2157
24,56,0.30997,0.19284,-0.11713,0.002278,24,15,0.1870
24,57,0.32134,0.01732,-0.30402,0.002168,24,12,0.2158
24,58,0.23904,0.47315,0.23412,0.001961,24,14,0.2311
24,59,0.30402,0.21585,-0.08817,0.002150,24,15,0.2229
24,60,0.31075,0.24815,-0.06260,0.002207,24,14,0.2017
24,61,0.32647,0.04219,-0.28428,0.001624,24,16,0.1898
24,62,0.30712,0.28048,-0.02664,0.002212,24,17,0.2581
24,63,0.30716,0.53113,0.22397,0.002535,24,16,0.2326
24,64,0.27809,0.06977,-0.20833,0.001869,24,19,0.1911
24,65,0.30719,0.15680,-0.15039,0.002361,24,17,0.2377
24,66,0.31583,0.02929,-0.28654,0.001828,24,16,0.2164
24,67,0.29965,0.45844,0.15879,0.001984,24,16,0.2125
24,68,0.30951,0.38234,0.07283,0.002247,24,13,0.2500
24,69,0.30286,0.04597,-0.25689,0.002221,24,16,0.1853
24,70,0.30207,0.55141,0.24934,0.002534,24,14,0.2055
24,71,0.28742,0.10752,-0.17990,0.001832,24,17,0.2092
36,42,0.27620,0.70984,0.43364,0.004174,36,16,0.2167
36,43,0.29630,0.30390,0.00759,0.003383,36,14,0.2241
36,44,0.32854,0.30463,-0.02392,0.003067,36,15,0.2336
36,45,0.29815,0.41611,0.11795,0.003119,36,13,0.2370
36,46,0.29681,0.16672,-0.13010,0.002778,36,17,0.2043
36,47,0.27481,0.41579,0.14098,0.003529,36,16,0.2279
36,48,0.29538,0.02357,-0.27181,0.002927,36,14,0.2159
36,49,0.28272,0.12117,-0.16154,0.003091,36,18,0.1968
36,50,0.33003,0.33349,0.00347,0.004015,36,16,0.2214
36,51,0.30208,0.34481,0.04272,0.003468,36,13,0.2148
36,52,0.32676,0.64933,0.32257,0.003739,36,16,0.2438
36,53,0.33023,0.13303,-0.19720,0.002992,36,13,0.2239
36,54,0.25910,0.12929,-0.12980,0.002797,36,17,0.1884
36,55,0.30582,0.61209,0.30627,0.003345,36,15,0.2281
36,56,0.30997,0.07631,-0.23366,0.002981,36,16,0.1964
36,57,0.32134,0.02702,-0.29432,0.003051,36,17,0.2310
36,58,0.23904,0.16254,-0.07650,0.002705,36,17,0.2409
36,59,0.30402,0.21015,-0.09387,0.002595,36,17,0.2032
36,60,0.31075,0.26930,-0.04145,0.003623,36,17,0.2257
36,61,0.32647,0.09634,-0.23012,0.002774,36,14,0.2139
36,62,0.30712,0.05327,-0.25385,0.002995,36,17,0.2161
36,63,0.30716,0.62069,0.31353,0.004332,36,16,0.2264
36,64,0.27809,0.05168,-0.22642,0.002959,36,17,0.2095
36,65,0.30719,0.05008,-0.25711,0.003580,36,16,0.2124
36,66,0.31583,0.04919,-0.26664,0.003127,36,14,0.2029
36,67,0.29965,0.26488,-0.03478,0.002917,36,15,0.2208
36,68,0.30951,0.43645,0.12694,0.003913,36,15,0.2590
36,69,0.30286,0.09997,-0.20289,0.003393,36,15,0.2047
36,70,0.30207,0.26931,-0.03277,0.003654,36,14,0.2131
36,71,0.28742,0.32847,0.04105,0.002614,36,13,0.2080
48,42,0.27620,0.59683,0.32063,0.005950,48,15,0.2440
48,43,0.29630,0.06064,-0.23567,0.003902,48,15,0.2639
48,44,0.32854,0.33910,0.01056,0.004858,48,15,0.2477
48,45,0.29815,0.09605,-0.20210,0.003593,48,17,0.2264
48,46,0.29681,0.13547,-0.16135,0.003958,48,15,0.2395
48,47,0.27481,0.54074,0.26593,0.005173,48,15,0.2472
48,48,0.29538,0.18932,-0.10606,0.004622,48,14,0.2350
48,49,0.28272,0.13910,-0.14362,0.003932,48,15,0.2347
48,50,0.33003,0.26019,-0.06984,0.004440,48,15,0.2164
48,51,0.30208,0.09501,-0.20707,0.004282,48,15,0.2251
48,52,0.32676,0.54909,0.22233,0.005154,48,14,0.2295
48,53,0.33023,0.11969,-0.21054,0.003361,48,14,0.2347
48,54,0.25910,0.12079,-0.13830,0.004055,48,18,0.2015
48,55,0.30582,0.65302,0.34720,0.005733,48,15,0.2309
48,56,0.30997,0.10713,-0.20284,0.004775,48,17,0.2291
48,57,0.32134,0.22133,-0.10000,0.004376,48,15,0.2264
48,58,0.23904,0.19845,-0.04058,0.003899,48,14,0.2494
48,59,0.30402,0.46205,0.15803,0.004962,48,15,0.2163
48,60,0.31075,0.05464,-0.25611,0.004658,48,19,0.2132
48,61,0.32647,0.08993,-0.23654,0.003530,48,15,0.2226
48,62,0.30712,0.04749,-0.25963,0.003985,48,15,0.2253
48,63,0.30716,0.38236,0.07520,0.005466,48,15,0.2689
48,64,0.27809,0.06663,-0.21147,0.004496,48,17,0.2155
48,65,0.30719,0.37847,0.07129,0.005345,48,19,0.2600
48,66,0.31583,0.09997,-0.21586,0.004388,48,19,0.2443
48,67,0.29965,0.07503,-0.22463,0.003582,48,14,0.2456
48,68,0.30951,0.04970,-0.25981,0.004776,48,16,0.2465
48,69,0.30286,0.52367,0.22081,0.005440,48,15,0.2696
48,70,0.30207,0.68594,0.38387,0.005682,48,15,0.2509
48,71,0.28742,0.04991,-0.23751,0.003701,48,15,0.2234
