build,arm,seed,hash,final_population,births,deaths,plant_count,plant_births,highest_plant_generation,mean_growth,mean_seed_investment,mean_dispersal,mean_resilience,mean_seed_production,mean_nutrition,mean_defense
pre-fix-15c7a5a,stable,42,10380714861655913604,40,69,33,2,0,0,0.500000,0.500000,0.500000,0.500000,0.500000,0.500000,0.500000
pre-fix-15c7a5a,stable-homerange,42,14429269760899139531,40,71,35,2,0,0,0.500000,0.500000,0.500000,0.500000,0.500000,0.500000,0.500000
pre-fix-15c7a5a,ring,42,14782115650560627487,0,0,4,4,0,0,0.500000,0.500000,0.500000,0.500000,0.500000,0.500000,0.500000
pre-fix-15c7a5a,ring-homerange,42,5542583537500788813,0,0,4,4,0,0,0.500000,0.500000,0.500000,0.500000,0.500000,0.500000,0.500000
pre-fix-15c7a5a,shifting,42,13368862183588017293,0,1,5,12,36,5,0.484993,0.503190,0.535008,0.482176,0.536043,0.484365,0.507989
pre-fix-15c7a5a,stable,43,1043068452047798448,40,67,31,2,0,0,0.500000,0.500000,0.500000,0.500000,0.500000,0.500000,0.500000
pre-fix-15c7a5a,stable-homerange,43,14702387048293550927,40,67,31,2,0,0,0.500000,0.500000,0.500000,0.500000,0.500000,0.500000,0.500000
pre-fix-15c7a5a,ring,43,7192130097011239283,40,46,10,4,0,0,0.500000,0.500000,0.500000,0.500000,0.500000,0.500000,0.500000
pre-fix-15c7a5a,ring-homerange,43,5620627540893727008,39,43,7,4,0,0,0.500000,0.500000,0.500000,0.500000,0.500000,0.500000,0.500000
pre-fix-15c7a5a,shifting,43,9253024022537775065,40,62,26,6,29,5,0.498369,0.494949,0.521551,0.539000,0.486945,0.466388,0.525307
pre-fix-15c7a5a,stable,44,11527038114098670639,40,70,34,2,0,0,0.500000,0.500000,0.500000,0.500000,0.500000,0.500000,0.500000
pre-fix-15c7a5a,stable-homerange,44,11376112000286741228,40,70,34,2,0,0,0.500000,0.500000,0.500000,0.500000,0.500000,0.500000,0.500000
pre-fix-15c7a5a,ring,44,9346353588288477685,0,0,4,4,0,0,0.500000,0.500000,0.500000,0.500000,0.500000,0.500000,0.500000
pre-fix-15c7a5a,ring-homerange,44,3319376875424846933,40,43,7,4,0,0,0.500000,0.500000,0.500000,0.500000,0.500000,0.500000,0.500000
pre-fix-15c7a5a,shifting,44,1685393095965221029,40,66,30,8,31,6,0.447273,0.514135,0.514504,0.525318,0.430888,0.550640,0.475641
pre-fix-15c7a5a,stable,45,16183664376660414600,40,78,42,2,0,0,0.500000,0.500000,0.500000,0.500000,0.500000,0.500000,0.500000
pre-fix-15c7a5a,stable-homerange,45,10559979368192922410,40,78,42,2,0,0,0.500000,0.500000,0.500000,0.500000,0.500000,0.500000,0.500000
pre-fix-15c7a5a,ring,45,13096516267311938424,0,0,4,4,0,0,0.500000,0.500000,0.500000,0.500000,0.500000,0.500000,0.500000
pre-fix-15c7a5a,ring-homerange,45,13096516267311938424,0,0,4,4,0,0,0.500000,0.500000,0.500000,0.500000,0.500000,0.500000,0.500000
pre-fix-15c7a5a,shifting,45,4963484941996006476,40,57,21,12,36,5,0.522314,0.491241,0.513592,0.450667,0.537269,0.477551,0.500338
pre-fix-15c7a5a,stable,46,9730124049806361150,40,69,33,2,0,0,0.500000,0.500000,0.500000,0.500000,0.500000,0.500000,0.500000
pre-fix-15c7a5a,stable-homerange,46,16112329738751842515,40,68,32,2,0,0,0.500000,0.500000,0.500000,0.500000,0.500000,0.500000,0.500000
pre-fix-15c7a5a,ring,46,16816142172801536496,40,53,17,4,0,0,0.500000,0.500000,0.500000,0.500000,0.500000,0.500000,0.500000
pre-fix-15c7a5a,ring-homerange,46,17431876370420217200,40,56,20,4,0,0,0.500000,0.500000,0.500000,0.500000,0.500000,0.500000,0.500000
pre-fix-15c7a5a,shifting,46,9069145082139090238,0,0,4,12,37,6,0.566047,0.465130,0.522461,0.475493,0.546903,0.542467,0.528157
pre-fix-15c7a5a,calibration-competition,42,17310937432700105178,48,153,117,22,212,16,0.435934,0.574636,0.611767,0.623455,0.500466,0.618164,0.272428
pre-fix-15c7a5a,calibration-contest,42,10639295572370939311,48,146,110,22,171,13,0.541659,0.542487,0.560630,0.561475,0.543976,0.582494,0.332759
pre-fix-15c7a5a,calibration-competition,43,6262430131630510408,48,147,111,23,207,14,0.485809,0.591944,0.578117,0.530573,0.474421,0.641652,0.309840
pre-fix-15c7a5a,calibration-contest,43,7397238235838650226,48,149,113,22,181,14,0.648454,0.529627,0.609557,0.468810,0.551116,0.616038,0.316395
pre-fix-15c7a5a,calibration-competition,44,5347601523848546623,48,166,130,23,243,15,0.562338,0.542336,0.601640,0.415120,0.486772,0.647085,0.345679
pre-fix-15c7a5a,calibration-contest,44,12281197459994090534,48,153,117,24,165,15,0.498306,0.580409,0.537383,0.472363,0.435117,0.628159,0.246085
pre-fix-15c7a5a,calibration-competition,45,17392959746262000329,48,140,104,24,226,18,0.646129,0.512677,0.604562,0.449045,0.547067,0.634121,0.201030
pre-fix-15c7a5a,calibration-contest,45,16254168709145071512,48,145,109,24,189,17,0.544678,0.492840,0.660176,0.490129,0.557835,0.693134,0.205655
pre-fix-15c7a5a,calibration-competition,46,7426937178219966000,48,134,98,21,209,15,0.463709,0.500637,0.490007,0.534671,0.569542,0.628392,0.393066
pre-fix-15c7a5a,calibration-contest,46,2227494451001801409,46,133,97,22,179,15,0.546774,0.561649,0.652749,0.508758,0.479386,0.602770,0.343771
pre-fix-15c7a5a,calibration-competition,47,2340968312016641010,48,142,106,22,223,15,0.615329,0.562422,0.614400,0.512887,0.498435,0.596813,0.363004
pre-fix-15c7a5a,calibration-contest,47,2402769321647839430,48,138,102,23,181,14,0.577838,0.547282,0.526961,0.459014,0.506562,0.682683,0.321773
pre-fix-15c7a5a,calibration-competition,48,17585405826719868512,48,136,100,23,224,16,0.526660,0.517333,0.646178,0.599834,0.440582,0.580963,0.317869
pre-fix-15c7a5a,calibration-contest,48,13393663329641257660,48,138,102,23,174,12,0.512448,0.466432,0.531723,0.496373,0.428243,0.755082,0.327665
pre-fix-15c7a5a,calibration-competition,49,15549381594019452463,48,150,114,24,216,17,0.599932,0.508335,0.597977,0.496608,0.437476,0.761465,0.301043
pre-fix-15c7a5a,calibration-contest,49,12497920357692458268,48,147,111,22,187,14,0.500512,0.507938,0.615954,0.506132,0.595593,0.626525,0.287059
pre-fix-15c7a5a,calibration-competition,50,12931131256304001449,48,143,107,23,218,19,0.533122,0.468735,0.597010,0.428359,0.499749,0.681279,0.306693
pre-fix-15c7a5a,calibration-contest,50,1769011513520348552,47,147,111,24,175,15,0.512644,0.572719,0.530721,0.617953,0.517592,0.555777,0.429015
pre-fix-15c7a5a,calibration-competition,51,12929619533073577354,48,147,111,23,219,12,0.525603,0.528990,0.639957,0.411943,0.544128,0.520536,0.202027
pre-fix-15c7a5a,calibration-contest,51,12482481837010931268,48,142,106,22,192,17,0.549229,0.421385,0.731584,0.448007,0.433706,0.611572,0.306934
pre-fix-15c7a5a,calibration-competition,52,17558044491812245798,48,131,95,22,211,14,0.494433,0.525141,0.561550,0.646406,0.462714,0.707643,0.400454
pre-fix-15c7a5a,calibration-contest,52,9477049054390123117,48,130,94,22,181,13,0.538531,0.579709,0.521436,0.539125,0.544282,0.670835,0.358973
pre-fix-15c7a5a,calibration-competition,53,5643989882752960996,48,151,115,23,208,13,0.451750,0.468929,0.622834,0.501923,0.463056,0.731587,0.282765
pre-fix-15c7a5a,calibration-contest,53,8867857704801804988,48,159,123,24,195,17,0.546374,0.518479,0.650161,0.625907,0.644749,0.670128,0.312505
pre-fix-15c7a5a,calibration-competition,54,13565022893649122865,48,144,108,24,223,14,0.445686,0.578916,0.569750,0.574623,0.487623,0.780827,0.404498
pre-fix-15c7a5a,calibration-contest,54,8208444962070023673,47,151,115,24,167,17,0.402591,0.487303,0.503048,0.464624,0.604384,0.668700,0.255740
pre-fix-15c7a5a,calibration-competition,55,7181748866478997001,48,141,105,24,228,17,0.445384,0.494877,0.720815,0.477748,0.393073,0.656972,0.392648
pre-fix-15c7a5a,calibration-contest,55,15242717063558817657,48,149,113,24,185,14,0.571202,0.599438,0.542567,0.530208,0.424312,0.743915,0.166594
pre-fix-15c7a5a,calibration-competition,56,15989192548196744979,48,145,109,24,213,16,0.514434,0.546399,0.625638,0.437086,0.523117,0.562805,0.252896
pre-fix-15c7a5a,calibration-contest,56,8100486822712390051,48,147,111,22,172,20,0.566658,0.476581,0.594854,0.570971,0.559170,0.733389,0.299385
pre-fix-15c7a5a,calibration-competition,57,2921077232125214334,48,142,106,24,223,19,0.653176,0.589196,0.622186,0.594124,0.398614,0.747063,0.127440
pre-fix-15c7a5a,calibration-contest,57,3644992075039406262,48,148,112,22,175,15,0.569672,0.607134,0.570935,0.615997,0.507331,0.628387,0.164785
pre-fix-15c7a5a,calibration-competition,58,4607818490786538372,48,140,104,21,222,14,0.533795,0.570506,0.523916,0.472214,0.549341,0.686823,0.283158
pre-fix-15c7a5a,calibration-contest,58,238300781186914431,48,137,101,23,183,14,0.501039,0.465842,0.535554,0.445918,0.548553,0.729486,0.214116
pre-fix-15c7a5a,calibration-competition,59,17530179927948040531,48,141,105,22,203,17,0.493572,0.522633,0.613154,0.558126,0.495425,0.698200,0.326658
pre-fix-15c7a5a,calibration-contest,59,6742265273980157121,48,140,104,23,167,13,0.575336,0.478955,0.492697,0.564848,0.570160,0.618472,0.300334
pre-fix-15c7a5a,calibration-competition,60,4151651627692129984,48,141,105,24,212,14,0.554677,0.532734,0.511839,0.491021,0.506356,0.641372,0.371060
pre-fix-15c7a5a,calibration-contest,60,17543628937044222040,48,145,109,23,169,14,0.533306,0.531085,0.576007,0.459814,0.618403,0.624834,0.290524
pre-fix-15c7a5a,calibration-competition,61,1324845186245910891,48,132,96,24,221,14,0.507029,0.592563,0.708415,0.526402,0.383527,0.677283,0.183827
pre-fix-15c7a5a,calibration-contest,61,15853570149121048096,48,133,97,24,177,14,0.548351,0.543649,0.539199,0.483397,0.512994,0.630121,0.326756
pre-fix-15c7a5a,calibration-competition,62,9094146711459678060,48,141,105,22,204,16,0.596024,0.548921,0.484738,0.473143,0.426403,0.544920,0.290532
pre-fix-15c7a5a,calibration-contest,62,9763130163010357888,48,147,111,23,177,13,0.541524,0.506120,0.517812,0.534064,0.440789,0.612184,0.190144
pre-fix-15c7a5a,calibration-competition,63,1563891586794793007,48,167,131,22,227,14,0.626263,0.460471,0.593503,0.460918,0.506551,0.710097,0.312602
pre-fix-15c7a5a,calibration-contest,63,10175259589223166574,48,152,116,23,182,15,0.545159,0.438949,0.573453,0.609614,0.509927,0.632579,0.368366
pre-fix-15c7a5a,calibration-competition,64,16097486201195922742,48,148,112,23,206,15,0.495335,0.472272,0.527989,0.518811,0.487822,0.704561,0.261883
pre-fix-15c7a5a,calibration-contest,64,8260051387861143577,48,147,111,21,186,16,0.615248,0.585332,0.544777,0.570458,0.480728,0.605939,0.255209
pre-fix-15c7a5a,calibration-competition,65,15556915193062867064,48,154,118,22,244,15,0.556518,0.509833,0.639098,0.525967,0.444105,0.644926,0.465471
pre-fix-15c7a5a,calibration-contest,65,6410796725270506272,48,159,123,22,190,16,0.562524,0.578227,0.583917,0.566268,0.569559,0.561310,0.438149
pre-fix-15c7a5a,calibration-competition,66,5656199087448555596,48,134,98,23,204,14,0.598927,0.482861,0.493514,0.461986,0.472916,0.687618,0.256527
pre-fix-15c7a5a,calibration-contest,66,14986257478727579758,48,134,98,21,189,18,0.568617,0.357452,0.614106,0.482323,0.584343,0.611793,0.253923
pre-fix-15c7a5a,calibration-competition,67,3201419009114497672,48,141,105,23,236,15,0.586051,0.480649,0.632491,0.425602,0.567338,0.764033,0.278422
pre-fix-15c7a5a,calibration-contest,67,17942379428641980844,48,144,108,20,182,15,0.600373,0.480768,0.603752,0.513527,0.502291,0.528968,0.280147
pre-fix-15c7a5a,calibration-competition,68,793237855459405536,48,135,99,24,207,13,0.383120,0.564752,0.563599,0.397848,0.542430,0.655764,0.271714
pre-fix-15c7a5a,calibration-contest,68,3244688164056860240,48,135,99,22,181,16,0.415964,0.385747,0.529646,0.637981,0.563249,0.667470,0.372319
pre-fix-15c7a5a,calibration-competition,69,7826151497348153763,48,141,105,24,227,16,0.521300,0.534020,0.596289,0.549489,0.509529,0.625544,0.231101
pre-fix-15c7a5a,calibration-contest,69,1236436732937827764,48,160,124,22,188,15,0.530127,0.597747,0.540937,0.568396,0.507867,0.584422,0.311236
pre-fix-15c7a5a,calibration-competition,70,7020214245639768516,48,134,98,24,235,15,0.523965,0.434099,0.568657,0.382905,0.461508,0.584913,0.291518
pre-fix-15c7a5a,calibration-contest,70,8173900833466251829,48,138,102,24,184,16,0.555020,0.543983,0.604549,0.442528,0.583965,0.603648,0.270964
pre-fix-15c7a5a,calibration-competition,71,3661586812402385851,48,135,99,23,217,16,0.595296,0.481901,0.627275,0.422289,0.393524,0.743224,0.448458
pre-fix-15c7a5a,calibration-contest,71,7565087755858042655,48,136,100,23,186,13,0.560609,0.542805,0.635019,0.453891,0.385122,0.686000,0.451818
fixed-9763374,stable,42,10380714861655913604,40,69,33,2,0,0,0.500000,0.500000,0.500000,0.500000,0.500000,0.500000,0.500000
fixed-9763374,stable-homerange,42,14429269760899139531,40,71,35,2,0,0,0.500000,0.500000,0.500000,0.500000,0.500000,0.500000,0.500000
fixed-9763374,ring,42,14782115650560627487,0,0,4,4,0,0,0.500000,0.500000,0.500000,0.500000,0.500000,0.500000,0.500000
fixed-9763374,ring-homerange,42,5542583537500788813,0,0,4,4,0,0,0.500000,0.500000,0.500000,0.500000,0.500000,0.500000,0.500000
fixed-9763374,shifting,42,13368862183588017293,0,1,5,12,36,5,0.484993,0.503190,0.535008,0.482176,0.536043,0.484365,0.507989
fixed-9763374,stable,43,1043068452047798448,40,67,31,2,0,0,0.500000,0.500000,0.500000,0.500000,0.500000,0.500000,0.500000
fixed-9763374,stable-homerange,43,14702387048293550927,40,67,31,2,0,0,0.500000,0.500000,0.500000,0.500000,0.500000,0.500000,0.500000
fixed-9763374,ring,43,7192130097011239283,40,46,10,4,0,0,0.500000,0.500000,0.500000,0.500000,0.500000,0.500000,0.500000
fixed-9763374,ring-homerange,43,5620627540893727008,39,43,8,4,0,0,0.500000,0.500000,0.500000,0.500000,0.500000,0.500000,0.500000
fixed-9763374,shifting,43,9253024022537775065,40,62,26,6,29,5,0.498369,0.494949,0.521551,0.539000,0.486945,0.466388,0.525307
fixed-9763374,stable,44,11527038114098670639,40,70,34,2,0,0,0.500000,0.500000,0.500000,0.500000,0.500000,0.500000,0.500000
fixed-9763374,stable-homerange,44,11376112000286741228,40,70,34,2,0,0,0.500000,0.500000,0.500000,0.500000,0.500000,0.500000,0.500000
fixed-9763374,ring,44,9346353588288477685,0,0,4,4,0,0,0.500000,0.500000,0.500000,0.500000,0.500000,0.500000,0.500000
fixed-9763374,ring-homerange,44,3319376875424846933,40,43,7,4,0,0,0.500000,0.500000,0.500000,0.500000,0.500000,0.500000,0.500000
fixed-9763374,shifting,44,1685393095965221029,40,66,30,8,31,6,0.447273,0.514135,0.514504,0.525318,0.430888,0.550640,0.475641
fixed-9763374,stable,45,16183664376660414600,40,78,42,2,0,0,0.500000,0.500000,0.500000,0.500000,0.500000,0.500000,0.500000
fixed-9763374,stable-homerange,45,10559979368192922410,40,78,42,2,0,0,0.500000,0.500000,0.500000,0.500000,0.500000,0.500000,0.500000
fixed-9763374,ring,45,13096516267311938424,0,0,4,4,0,0,0.500000,0.500000,0.500000,0.500000,0.500000,0.500000,0.500000
fixed-9763374,ring-homerange,45,13096516267311938424,0,0,4,4,0,0,0.500000,0.500000,0.500000,0.500000,0.500000,0.500000,0.500000
fixed-9763374,shifting,45,4963484941996006476,40,57,21,12,36,5,0.522314,0.491241,0.513592,0.450667,0.537269,0.477551,0.500338
fixed-9763374,stable,46,9730124049806361150,40,69,33,2,0,0,0.500000,0.500000,0.500000,0.500000,0.500000,0.500000,0.500000
fixed-9763374,stable-homerange,46,16112329738751842515,40,68,32,2,0,0,0.500000,0.500000,0.500000,0.500000,0.500000,0.500000,0.500000
fixed-9763374,ring,46,16816142172801536496,40,53,17,4,0,0,0.500000,0.500000,0.500000,0.500000,0.500000,0.500000,0.500000
fixed-9763374,ring-homerange,46,17431876370420217200,40,56,20,4,0,0,0.500000,0.500000,0.500000,0.500000,0.500000,0.500000,0.500000
fixed-9763374,shifting,46,9069145082139090238,0,0,4,12,37,6,0.566047,0.465130,0.522461,0.475493,0.546903,0.542467,0.528157
fixed-9763374,calibration-competition,42,11224016175243550326,48,164,128,24,209,17,0.461548,0.567208,0.590772,0.520924,0.593383,0.645440,0.415207
fixed-9763374,calibration-contest,42,4189539786953478805,48,150,114,24,169,14,0.570550,0.504483,0.588833,0.517084,0.572998,0.613327,0.390373
fixed-9763374,calibration-competition,43,16658121305925893933,48,147,111,21,209,15,0.510854,0.720364,0.591572,0.529974,0.402802,0.609967,0.291677
fixed-9763374,calibration-contest,43,8055864833612423619,48,145,109,23,175,15,0.626100,0.543316,0.523587,0.525228,0.598316,0.603833,0.248835
fixed-9763374,calibration-competition,44,12711841872271089870,48,151,115,22,217,15,0.557637,0.555542,0.542023,0.359478,0.405709,0.734862,0.403353
fixed-9763374,calibration-contest,44,2310099746741470978,47,150,115,23,174,16,0.526059,0.492062,0.565402,0.571630,0.502239,0.662542,0.337490
fixed-9763374,calibration-competition,45,4159269420374237997,48,139,103,20,231,16,0.648249,0.416454,0.734140,0.495222,0.501288,0.686005,0.170860
fixed-9763374,calibration-contest,45,984615397814289809,48,142,106,24,178,14,0.490315,0.515659,0.612381,0.506122,0.458594,0.716822,0.268254
fixed-9763374,calibration-competition,46,4802000854201335588,48,133,97,23,204,14,0.574741,0.497015,0.531986,0.468870,0.587664,0.586717,0.238766
fixed-9763374,calibration-contest,46,14003072372557797532,48,136,100,24,188,16,0.498524,0.609277,0.611907,0.378088,0.503349,0.567396,0.298075
fixed-9763374,calibration-competition,47,3760822509887521202,48,142,106,23,202,16,0.587282,0.529868,0.546428,0.445505,0.519807,0.608593,0.329845
fixed-9763374,calibration-contest,47,9524474169742845502,48,138,102,23,179,14,0.563938,0.526419,0.549607,0.544132,0.472232,0.717915,0.302837
fixed-9763374,calibration-competition,48,2035039693203963750,48,136,100,24,221,13,0.538348,0.499582,0.633159,0.488741,0.463464,0.616510,0.358127
fixed-9763374,calibration-contest,48,2979713785109100617,48,137,101,23,167,13,0.509259,0.530032,0.501431,0.525380,0.404572,0.730437,0.298792
fixed-9763374,calibration-competition,49,17013490330156804680,48,158,122,24,237,15,0.585466,0.446252,0.663843,0.495024,0.556040,0.659067,0.274249
fixed-9763374,calibration-contest,49,15253420184275069004,48,148,112,24,177,13,0.592180,0.549643,0.597226,0.538569,0.506075,0.684001,0.331687
fixed-9763374,calibration-competition,50,3162726044278819981,48,148,112,24,205,15,0.492268,0.504533,0.590717,0.475126,0.466863,0.703421,0.266215
fixed-9763374,calibration-contest,50,14674058619399251195,48,142,106,24,183,14,0.510257,0.643376,0.567440,0.444495,0.473866,0.537358,0.286887
fixed-9763374,calibration-competition,51,7581451645332877027,48,148,112,24,212,13,0.475223,0.562340,0.594814,0.488048,0.484895,0.675484,0.299871
fixed-9763374,calibration-contest,51,6596386007437248794,48,141,105,23,181,15,0.563087,0.475431,0.634803,0.497365,0.653071,0.596607,0.371454
fixed-9763374,calibration-competition,52,10429223214655006585,48,132,96,23,216,16,0.444740,0.514713,0.605841,0.406708,0.511592,0.734379,0.455374
fixed-9763374,calibration-contest,52,11470065886376627010,48,131,95,24,184,13,0.555973,0.529375,0.618240,0.554109,0.533207,0.575929,0.356754
fixed-9763374,calibration-competition,53,398281135899494893,48,147,111,24,216,15,0.476009,0.583598,0.541450,0.451500,0.492804,0.672769,0.234950
fixed-9763374,calibration-contest,53,6407085463331643946,48,163,127,21,192,12,0.552268,0.557467,0.657483,0.537937,0.514968,0.588512,0.315092
fixed-9763374,calibration-competition,54,5108895966060211295,48,146,110,24,214,13,0.548575,0.476081,0.578176,0.444192,0.563098,0.598285,0.269466
fixed-9763374,calibration-contest,54,2545687046910984861,48,150,114,21,190,15,0.583117,0.536900,0.495011,0.467405,0.428879,0.701257,0.254562
fixed-9763374,calibration-competition,55,13240002643628434559,48,140,104,24,222,18,0.536180,0.528408,0.698112,0.522414,0.394687,0.693849,0.335970
fixed-9763374,calibration-contest,55,886765689296841719,48,149,113,23,175,12,0.540306,0.421679,0.527297,0.534904,0.464890,0.657565,0.256889
fixed-9763374,calibration-competition,56,5398343464924391308,48,146,110,22,211,18,0.571275,0.503201,0.681844,0.489038,0.483762,0.533134,0.378197
fixed-9763374,calibration-contest,56,9706677894511047698,48,149,113,24,161,13,0.513834,0.534581,0.583693,0.555048,0.479993,0.707557,0.239776
fixed-9763374,calibration-competition,57,15740244923268244516,48,143,107,23,197,13,0.591410,0.515047,0.569874,0.460933,0.499027,0.586195,0.201144
fixed-9763374,calibration-contest,57,9694625945016692056,48,146,110,24,188,14,0.498696,0.619817,0.539642,0.545594,0.525659,0.618405,0.092947
fixed-9763374,calibration-competition,58,15339053828950626165,48,142,106,24,213,13,0.558292,0.597176,0.535880,0.442873,0.488494,0.733897,0.250947
fixed-9763374,calibration-contest,58,6619917150962960309,48,137,101,22,175,15,0.528109,0.511037,0.514460,0.426085,0.528445,0.659962,0.254686
fixed-9763374,calibration-competition,59,9803312562745337180,48,139,103,24,209,16,0.473049,0.495439,0.536013,0.535744,0.484438,0.718911,0.228911
fixed-9763374,calibration-contest,59,5091307488248031899,48,142,106,20,172,13,0.557805,0.555649,0.499340,0.555298,0.520762,0.697803,0.305850
fixed-9763374,calibration-competition,60,16577817176585566087,48,143,107,24,204,14,0.487759,0.461854,0.522874,0.523257,0.577309,0.667283,0.164070
fixed-9763374,calibration-contest,60,13218843726618608736,48,146,110,23,185,15,0.524815,0.534514,0.498997,0.439613,0.504852,0.741110,0.281519
fixed-9763374,calibration-competition,61,15609847894425333843,48,130,94,23,202,17,0.518425,0.551481,0.509895,0.599778,0.343587,0.714624,0.266992
fixed-9763374,calibration-contest,61,5174795109229535496,48,131,95,22,182,13,0.436333,0.463215,0.585718,0.438748,0.527810,0.616083,0.292622
fixed-9763374,calibration-competition,62,555596135564365523,48,144,108,23,211,16,0.555929,0.493091,0.555107,0.542990,0.478349,0.683593,0.245867
fixed-9763374,calibration-contest,62,2751932069331957214,47,145,110,22,182,13,0.514059,0.507456,0.575399,0.445589,0.526686,0.582150,0.156444
fixed-9763374,calibration-competition,63,127397783642423943,48,172,136,24,229,15,0.541739,0.592818,0.585202,0.457395,0.386894,0.675228,0.291264
fixed-9763374,calibration-contest,63,9952580002393453660,47,154,119,23,175,14,0.519993,0.539405,0.595449,0.575829,0.438725,0.675255,0.266915
fixed-9763374,calibration-competition,64,3901224181184303846,48,150,114,22,214,15,0.512634,0.503563,0.646036,0.381749,0.489940,0.641493,0.185587
fixed-9763374,calibration-contest,64,2206864006921897361,48,150,114,24,188,13,0.495869,0.539418,0.702349,0.507081,0.559580,0.636896,0.365829
fixed-9763374,calibration-competition,65,3984873359082424946,48,158,122,23,213,14,0.571671,0.518505,0.575244,0.607192,0.463696,0.639997,0.396001
fixed-9763374,calibration-contest,65,10815899027854552006,48,163,127,23,184,15,0.585917,0.475043,0.561182,0.433848,0.453016,0.615460,0.371975
fixed-9763374,calibration-competition,66,10481965702335247156,48,134,98,24,202,15,0.470634,0.500713,0.581947,0.486409,0.435721,0.722162,0.270737
fixed-9763374,calibration-contest,66,13443664869447028607,48,136,100,24,186,14,0.503832,0.401582,0.553212,0.445423,0.513112,0.618070,0.334558
fixed-9763374,calibration-competition,67,6455209430542797825,48,144,108,24,229,15,0.573169,0.527727,0.628331,0.470456,0.530700,0.587999,0.315228
fixed-9763374,calibration-contest,67,17265983291674934126,48,146,110,23,187,16,0.598936,0.511623,0.521644,0.583942,0.501573,0.713759,0.273830
fixed-9763374,calibration-competition,68,1971189660969694795,48,134,98,23,199,17,0.562253,0.485460,0.493610,0.518835,0.574575,0.639998,0.433572
fixed-9763374,calibration-contest,68,9479900747696332937,48,137,101,21,163,13,0.470180,0.398340,0.478201,0.546596,0.567970,0.703255,0.322828
fixed-9763374,calibration-competition,69,18321643414605847056,48,139,103,24,226,16,0.549901,0.441397,0.658855,0.402578,0.541404,0.605301,0.236067
fixed-9763374,calibration-contest,69,11035808109361571353,48,149,113,21,180,15,0.475292,0.464245,0.495543,0.520386,0.621533,0.601292,0.195450
fixed-9763374,calibration-competition,70,1870936909403961351,48,137,101,21,217,14,0.541104,0.503011,0.555820,0.473906,0.456680,0.560150,0.317502
fixed-9763374,calibration-contest,70,4729703125598984499,48,138,102,23,199,13,0.470818,0.427974,0.572455,0.397266,0.496927,0.575819,0.281055
fixed-9763374,calibration-competition,71,7619098326155957050,48,134,98,23,208,13,0.512160,0.589815,0.563603,0.488468,0.503842,0.672956,0.227636
fixed-9763374,calibration-contest,71,8928836377682934057,48,138,102,24,185,15,0.543995,0.496578,0.511622,0.440435,0.465546,0.726493,0.360976
