cap,seed,startDefense,endDefense,delta,grazingPressure,finalPop,plantGen
0,42,0.33109,0.12078,-0.21031,0.000000,0,16
0,43,0.27142,0.32385,0.05242,0.000000,0,20
0,44,0.28353,0.48013,0.19660,0.000000,0,15
0,45,0.28521,0.58440,0.29919,0.000000,0,19
0,46,0.29681,0.18314,-0.11367,0.000000,0,17
0,47,0.23641,0.08839,-0.14802,0.000000,0,16
0,48,0.33565,0.12560,-0.21004,0.000000,0,13
0,49,0.25668,0.18994,-0.06673,0.000000,0,19
0,50,0.37041,0.40861,0.03819,0.000000,0,17
0,51,0.24081,0.14920,-0.09160,0.000000,0,20
0,52,0.34306,0.33087,-0.01220,0.000000,0,14
0,53,0.29888,0.41143,0.11254,0.000000,0,17
0,54,0.25130,0.10530,-0.14599,0.000000,0,19
0,55,0.28689,0.14946,-0.13743,0.000000,0,16
0,56,0.35252,0.40294,0.05042,0.000000,0,17
0,57,0.31420,0.44191,0.12771,0.000000,0,14
0,58,0.23897,0.51337,0.27440,0.000000,0,14
0,59,0.28345,0.22216,-0.06128,0.000000,0,18
0,60,0.27625,0.35804,0.08179,0.000000,0,15
0,61,0.35180,0.27513,-0.07667,0.000000,0,13
0,62,0.30712,0.11022,-0.19690,0.000000,0,17
0,63,0.30905,0.54771,0.23866,0.000000,0,16
0,64,0.27925,0.03562,-0.24363,0.000000,0,18
0,65,0.31400,0.47437,0.16038,0.000000,0,16
0,66,0.28170,0.19025,-0.09144,0.000000,0,16
0,67,0.33913,0.65968,0.32055,0.000000,0,15
0,68,0.28868,0.29420,0.00552,0.000000,0,15
0,69,0.22331,0.11205,-0.11126,0.000000,0,18
0,70,0.28036,0.15356,-0.12680,0.000000,0,15
0,71,0.33118,0.37179,0.04061,0.000000,0,20
12,42,0.27620,0.66203,0.38583,0.001478,12,17
12,43,0.29630,0.17079,-0.12552,0.001046,12,14
12,44,0.32854,0.35746,0.02891,0.001111,12,14
12,45,0.29815,0.18748,-0.11067,0.000848,12,17
12,46,0.29681,0.07213,-0.22468,0.000866,12,16
12,47,0.27481,0.09787,-0.17693,0.001109,12,15
12,48,0.29538,0.40265,0.10726,0.001092,12,14
12,49,0.28272,0.37533,0.09261,0.001059,12,16
12,50,0.33003,0.30558,-0.02445,0.001296,12,14
12,51,0.30208,0.30971,0.00762,0.001291,12,15
12,52,0.32676,0.38053,0.05377,0.001021,12,14
12,53,0.33023,0.26077,-0.06946,0.001090,12,15
12,54,0.25910,0.41526,0.15616,0.000937,12,16
12,55,0.30582,0.36560,0.05978,0.001302,12,14
12,56,0.30997,0.02623,-0.28374,0.001051,12,14
12,57,0.32134,0.08928,-0.23205,0.000987,12,16
12,58,0.23904,0.25944,0.02040,0.000871,12,15
12,59,0.30402,0.03024,-0.27379,0.000867,12,19
12,60,0.31075,0.07187,-0.23888,0.000922,12,17
12,61,0.32647,0.08093,-0.24553,0.000788,12,14
12,62,0.30712,0.03939,-0.26773,0.000971,12,16
12,63,0.30716,0.24217,-0.06499,0.001023,12,16
12,64,0.27809,0.03578,-0.24231,0.000959,12,19
12,65,0.30719,0.14600,-0.16119,0.000951,12,14
12,66,0.31583,0.06386,-0.25197,0.000909,12,16
12,67,0.29965,0.29533,-0.00432,0.000916,12,15
12,68,0.30951,0.10464,-0.20487,0.001064,12,15
12,69,0.30286,0.04532,-0.25754,0.001070,12,18
12,70,0.30207,0.15659,-0.14548,0.001146,12,15
12,71,0.28742,0.11117,-0.17625,0.000750,12,16
24,42,0.27620,0.21338,-0.06282,0.002000,24,15
24,43,0.29630,0.17085,-0.12546,0.001927,24,15
24,44,0.32854,0.19127,-0.13727,0.002174,24,15
24,45,0.29815,0.24441,-0.05374,0.001739,24,17
24,46,0.29681,0.11974,-0.17708,0.001864,24,16
24,47,0.27481,0.30287,0.02806,0.001996,24,16
24,48,0.29538,0.09699,-0.19839,0.001822,24,13
24,49,0.28272,0.13150,-0.15122,0.002226,24,14
24,50,0.33003,0.18177,-0.14825,0.002044,24,17
24,51,0.30208,0.11962,-0.18247,0.002043,24,17
24,52,0.32676,0.30472,-0.02205,0.002218,24,16
24,53,0.33023,0.05740,-0.27283,0.001997,24,14
24,54,0.25910,0.11093,-0.14816,0.001875,24,18
24,55,0.30582,0.57162,0.26580,0.002333,24,15
24,56,0.30997,0.19284,-0.11713,0.002278,24,15
24,57,0.32134,0.01732,-0.30402,0.002168,24,12
24,58,0.23904,0.47315,0.23412,0.001961,24,14
24,59,0.30402,0.21585,-0.08817,0.002150,24,15
24,60,0.31075,0.24815,-0.06260,0.002207,24,14
24,61,0.32647,0.04219,-0.28428,0.001624,24,16
24,62,0.30712,0.28048,-0.02664,0.002212,24,17
24,63,0.30716,0.53113,0.22397,0.002535,24,16
24,64,0.27809,0.06977,-0.20833,0.001869,24,19
24,65,0.30719,0.15680,-0.15039,0.002361,24,17
24,66,0.31583,0.02929,-0.28654,0.001828,24,16
24,67,0.29965,0.45844,0.15879,0.001984,24,16
24,68,0.30951,0.38234,0.07283,0.002247,24,13
24,69,0.30286,0.04597,-0.25689,0.002221,24,16
24,70,0.30207,0.55141,0.24934,0.002534,24,14
24,71,0.28742,0.10752,-0.17990,0.001832,24,17
48,42,0.27620,0.59683,0.32063,0.005950,48,15
48,43,0.29630,0.06064,-0.23567,0.003902,48,15
48,44,0.32854,0.33910,0.01056,0.004858,48,15
48,45,0.29815,0.09605,-0.20210,0.003593,48,17
48,46,0.29681,0.13547,-0.16135,0.003958,48,15
48,47,0.27481,0.54074,0.26593,0.005173,48,15
48,48,0.29538,0.18932,-0.10606,0.004622,48,14
48,49,0.28272,0.13910,-0.14362,0.003932,48,15
48,50,0.33003,0.26019,-0.06984,0.004440,48,15
48,51,0.30208,0.09501,-0.20707,0.004282,48,15
48,52,0.32676,0.54909,0.22233,0.005154,48,14
48,53,0.33023,0.11969,-0.21054,0.003361,48,14
48,54,0.25910,0.12079,-0.13830,0.004055,48,18
48,55,0.30582,0.65302,0.34720,0.005733,48,15
48,56,0.30997,0.10713,-0.20284,0.004775,48,17
48,57,0.32134,0.22133,-0.10000,0.004376,48,15
48,58,0.23904,0.19845,-0.04058,0.003899,48,14
48,59,0.30402,0.46205,0.15803,0.004962,48,15
48,60,0.31075,0.05464,-0.25611,0.004658,48,19
48,61,0.32647,0.08993,-0.23654,0.003530,48,15
48,62,0.30712,0.04749,-0.25963,0.003985,48,15
48,63,0.30716,0.38236,0.07520,0.005466,48,15
48,64,0.27809,0.06663,-0.21147,0.004496,48,17
48,65,0.30719,0.37847,0.07129,0.005345,48,19
48,66,0.31583,0.09997,-0.21586,0.004388,48,19
48,67,0.29965,0.07503,-0.22463,0.003582,48,14
48,68,0.30951,0.04970,-0.25981,0.004776,48,16
48,69,0.30286,0.52367,0.22081,0.005440,48,15
48,70,0.30207,0.68594,0.38387,0.005682,48,15
48,71,0.28742,0.04991,-0.23751,0.003701,48,15
