+arm,seed,mean_occupancy,seedling_resilience_delta,dispersal_delta,final_population,highest_plant_generation,state_hash
invader-24-off,42,0.904989,0.010735,0.022581,48,12,3493996204729871945
invader-24-off,43,0.907756,-0.004543,0.069057,48,17,5630505504578755807
invader-24-off,44,0.904363,0.047990,0.128449,48,14,8130851573155902182
invader-24-off,45,0.902399,0.101335,0.065002,48,13,17415631812571045526
invader-24-off,46,0.907806,-0.060032,0.170846,48,17,11753703054280952354
invader-24-off,47,0.902334,-0.018608,0.083970,48,15,17837632318311609417
invader-24-off,48,0.879893,-0.010399,0.033866,48,15,10355253169505103066
invader-24-off,49,0.894773,0.043657,0.089886,48,14,531956479957244376
invader-24-off,50,0.906416,-0.002895,0.083097,48,16,974798849759920875
invader-24-off,51,0.912903,-0.015303,0.136974,48,16,7042161284990209737
invader-24-off,52,0.897817,0.018880,0.110790,48,14,9650708072279127058
invader-24-off,53,0.905960,0.146289,0.035449,48,14,12797092536235396928
invader-24-off,54,0.907549,0.116466,0.087994,48,16,3424462156521799763
invader-24-off,55,0.896768,0.087743,0.143090,48,14,13534925035617709610
invader-24-off,56,0.896439,0.060056,0.040861,48,14,17862654125588490997
invader-24-off,57,0.890067,0.071874,0.028016,48,16,7774825081756256419
invader-24-off,58,0.894648,-0.024670,0.124416,48,13,18000993203510759865
invader-24-off,59,0.891445,0.119301,0.038988,48,13,8287780822056211952
invader-24-off,60,0.901522,-0.096511,0.038802,48,14,11050655132200523468
invader-24-off,61,0.908455,0.042764,0.051127,48,13,7219891113120479355
invader-24-off,62,0.872416,0.033202,0.050824,48,14,8669533995117660673
invader-24-off,63,0.884292,-0.061660,-0.004177,48,14,3293654643374051918
invader-24-off,64,0.906931,0.005689,0.068669,48,13,2368985946317020832
invader-24-off,65,0.901104,0.148212,0.059201,48,16,6027150084327293813
invader-24-off,66,0.907680,0.015627,0.079947,48,14,12200155663893113593
invader-24-off,67,0.909986,0.085354,0.095631,48,14,16113860821830507579
invader-24-off,68,0.896914,-0.010979,-0.000343,48,15,12068171970559765245
invader-24-off,69,0.903614,0.051023,0.044104,48,13,3230675022945848082
invader-24-off,70,0.890820,-0.016343,0.062741,48,14,15189363645312183418
invader-24-off,71,0.900894,-0.036977,-0.020054,48,14,78301773113192941
invader-24-off,72,0.890740,0.045911,0.071011,48,14,4980853807753398369
invader-24-off,73,0.907481,-0.045201,0.172698,48,16,17496154232344119202
invader-24-off,74,0.902274,0.072330,0.043067,48,15,12283746064294430066
invader-24-off,75,0.915878,0.000270,0.151526,48,16,18336262978950297957
invader-24-off,76,0.900605,0.015214,0.006051,48,14,16820807957223873772
invader-24-off,77,0.903380,0.080117,0.108702,48,13,6832797315595994670
invader-24-off,78,0.902206,0.039876,0.087771,48,15,16418412073147070976
invader-24-off,79,0.922080,0.099399,0.108854,48,16,4037382423717493407
invader-24-off,80,0.902415,-0.029305,0.020042,48,13,18405980591309690741
invader-24-off,81,0.894632,-0.006856,0.053510,48,13,9448009860876803628
invader-24-off,82,0.922338,0.146578,0.217680,48,13,4340667447694909818
invader-24-off,83,0.904275,-0.062093,0.122395,48,15,8973558496747658606
invader-24-off,84,0.900845,0.017809,0.066231,48,15,14815124618287301910
invader-24-off,85,0.895062,0.027247,0.143800,48,14,13725982101704541957
invader-24-off,86,0.903387,-0.020695,-0.023138,48,14,18044851164787560237
invader-24-off,87,0.891013,-0.079656,0.006454,48,14,2543086209338699983
invader-24-off,88,0.891784,0.010790,0.045846,48,17,6770541455646312486
invader-24-off,89,0.888239,-0.006110,0.041444,48,15,18236872015743346470
invader-24-off,90,0.905213,-0.074541,0.078559,48,15,14436918282074597727
invader-24-off,91,0.912468,-0.010747,0.210605,48,17,4733508569462107829
invader-24-off,92,0.905765,-0.001152,0.050110,48,13,14924213161254529640
invader-24-off,93,0.907905,0.049349,0.098242,48,13,492455684794861201
invader-24-off,94,0.873874,0.018445,-0.050652,48,16,11677479338170792165
invader-24-off,95,0.917396,-0.053926,0.154868,48,16,4999591206661535789
invader-24-off,96,0.901382,0.057250,0.122328,48,15,10825509459470450471
invader-24-off,97,0.893847,0.003640,0.091024,48,19,3497457800222547675
invader-24-off,98,0.894517,0.037574,0.024971,48,14,8572695734466518681
invader-24-off,99,0.907612,0.026028,-0.010866,48,16,13245628664445208270
invader-24-off,100,0.912972,-0.016976,0.023609,48,14,3339641833649388124
invader-24-off,101,0.897416,0.003394,0.052811,48,14,9738745829661884177
invader-24-off,102,0.879828,0.045184,-0.004102,48,14,1653601184166772359
invader-24-off,103,0.905600,-0.024733,0.187432,48,17,1807785621309188427
invader-24-off,104,0.897323,-0.018572,0.133356,48,14,6655926719257569108
invader-24-off,105,0.893738,0.030555,0.096801,48,16,14368559549720909337
invader-24-off,106,0.882076,-0.088388,0.041376,48,15,13854767869653205043
invader-24-off,107,0.900618,-0.055749,0.009969,48,15,8574368472209538335
invader-24-off,108,0.906871,0.059106,0.075734,48,16,8203947304053327086
invader-24-off,109,0.907823,0.052006,-0.031989,48,14,4690691625840943559
invader-24-off,110,0.911941,0.104462,0.070166,48,17,68031951760626267
invader-24-off,111,0.896946,0.020883,-0.005481,48,17,17225362374673921113
invader-24-off,112,0.905584,0.102386,0.144141,48,13,6698585263084931405
invader-24-off,113,0.910748,0.001039,0.090671,48,13,12272609589825955148
invader-24-off,114,0.910762,-0.015582,-0.004122,48,13,11176537203713525835
invader-24-off,115,0.905393,0.041820,0.020510,48,14,17973155580521514403
invader-24-off,116,0.884424,-0.081227,0.043760,48,15,12519571793501228651
invader-24-off,117,0.904276,0.000462,0.033066,48,13,8339816820695848483
invader-24-off,118,0.890742,0.093158,0.072159,48,15,9075892128292849473
invader-24-off,119,0.900449,0.011045,-0.028796,48,14,18353408977866199037
invader-24-off,120,0.900742,-0.021839,0.092462,48,16,4612735665506407167
invader-24-off,121,0.914555,-0.000474,-0.005227,48,14,11729630445735489935
invader-24-off,122,0.897126,0.031581,0.044791,48,13,8100133848368528648
invader-24-off,123,0.896320,0.043691,0.055543,48,14,1637149050427197164
invader-24-off,124,0.900824,-0.088852,0.254039,48,15,7908271093905668547
invader-24-off,125,0.909484,0.024726,0.081157,48,13,7986436310148785269
invader-24-off,126,0.917043,0.021426,0.080965,48,17,8056657278062370869
invader-24-off,127,0.917218,0.115789,0.106788,48,15,609232135434664835
invader-24-off,128,0.903949,0.083324,0.039245,48,17,8491447440576184032
invader-24-off,129,0.900256,0.077005,0.096644,48,16,6533371318538496000
invader-24-off,130,0.902779,0.086785,-0.007305,48,15,2271511115272011095
invader-24-off,131,0.884363,0.121245,0.002152,48,14,16923400400966322384
invader-24-off,132,0.880887,0.111874,0.049205,48,13,1515407633885910494
invader-24-off,133,0.901015,0.057125,0.026055,48,16,1988671064543311992
invader-24-off,134,0.890069,-0.002651,0.010420,48,13,12200466185268972388
invader-24-off,135,0.904221,-0.038027,0.046356,48,14,18011976816857935694
invader-24-off,136,0.903312,-0.005863,0.136945,48,13,17494700288753973985
invader-24-off,137,0.905657,0.059405,0.101413,48,14,6989657094567387884
invader-24-off,138,0.897114,0.026202,0.063823,48,17,16620447618503074512
invader-24-off,139,0.873612,-0.017063,-0.055962,48,14,4134871186584371720
invader-24-off,140,0.898230,-0.028648,0.084483,48,15,11546855959068730564
invader-24-off,141,0.890049,-0.023748,0.020700,48,15,12389281437386309758
invader-24-off,142,0.905277,0.097373,0.010274,48,15,9024831221337698321
invader-24-off,143,0.897635,0.000713,0.108183,48,12,687927931231469552
invader-24-off,144,0.896178,-0.007020,0.032484,48,12,16167185414390207177
invader-24-off,145,0.883797,0.072027,0.072438,48,17,15604282995551803696
invader-24-off,146,0.903245,0.098472,0.162431,48,17,5755731049060193823
invader-24-off,147,0.905105,0.010514,0.114379,48,14,8756214411840984580
invader-24-off,148,0.908315,-0.025176,0.047472,48,14,7973531654490901923
invader-24-off,149,0.911736,0.070845,0.047454,48,15,3045491862106982201
invader-24-off,150,0.893129,0.074050,0.020063,48,14,563922553605613815
invader-24-off,151,0.899356,-0.090294,0.043185,48,14,16003611211054705931
invader-24-off,152,0.890387,-0.017503,0.081647,48,14,17843983004705996457
invader-24-off,153,0.888664,-0.004585,0.034729,48,14,11856226574773802306
invader-24-off,154,0.902754,0.012498,0.043227,48,13,1321153487785798470
invader-24-off,155,0.902596,0.086905,0.117602,48,16,13292264252990973510
invader-24-off,156,0.889990,0.029759,0.042182,48,16,6001227171241305636
invader-24-off,157,0.887815,0.056846,0.040818,48,13,1959887919994347532
invader-24-off,158,0.908236,-0.111349,0.129187,48,17,3099948102849426744
invader-24-off,159,0.897782,0.108770,0.168282,48,15,17550249353002096745
invader-24-off,160,0.915394,0.016788,0.171063,48,14,6120670824062764704
invader-24-off,161,0.908646,0.005358,0.066476,48,15,17460496993759930483
invader-24-on,42,0.898258,0.043057,0.091687,48,13,1710402926108225703
invader-24-on,43,0.907972,-0.095294,0.073644,48,13,9568992831884518642
invader-24-on,44,0.892441,0.130941,0.020933,48,13,2798149235920502417
invader-24-on,45,0.912005,0.006150,0.165385,48,13,1165360151249658260
invader-24-on,46,0.880480,0.028216,-0.009146,48,18,8261089012430409974
invader-24-on,47,0.916495,0.019452,0.133747,48,15,3803991772831666401
invader-24-on,48,0.900412,0.055702,0.249703,48,16,11777421751475269841
invader-24-on,49,0.882487,-0.032264,0.112810,48,15,8897151858350451332
invader-24-on,50,0.909813,-0.091761,0.001310,48,13,9778042375442624476
invader-24-on,51,0.872269,0.069130,0.034116,48,14,2619377041854367566
invader-24-on,52,0.894495,0.023784,0.048944,48,14,4756081051445749156
invader-24-on,53,0.904921,0.140615,0.041753,48,13,526471797519898445
invader-24-on,54,0.901365,0.039749,0.002317,48,14,7598587481953298769
invader-24-on,55,0.896580,0.036527,0.135304,48,16,17307360885311018035
invader-24-on,56,0.907888,0.041384,0.052389,48,14,3251399098716912459
invader-24-on,57,0.882911,0.100488,0.036665,48,16,15125244344605952563
invader-24-on,58,0.892552,0.001392,0.045421,48,17,5152127225881386633
invader-24-on,59,0.901790,0.093423,0.109693,48,13,5299845611300458739
invader-24-on,60,0.903531,0.078169,0.104592,48,15,6408133665500763580
invader-24-on,61,0.913526,-0.061714,0.101284,48,13,12381792099101448905
invader-24-on,62,0.887135,-0.016536,0.115869,48,18,15834776474278915178
invader-24-on,63,0.892804,-0.084493,-0.010043,48,14,8350127685081019504
invader-24-on,64,0.883028,0.082564,0.032726,48,14,12919899596397283556
invader-24-on,65,0.880260,0.079492,0.209733,48,15,8300321347114460517
invader-24-on,66,0.910533,0.050403,0.169060,48,15,16734194243659374091
invader-24-on,67,0.904100,-0.047661,0.110775,48,15,14252970019252295539
invader-24-on,68,0.910526,-0.014162,0.094972,48,16,3585509995371083442
invader-24-on,69,0.892423,0.002717,-0.017310,48,12,8229190370757236188
invader-24-on,70,0.905746,0.039019,0.063351,48,14,580457498706044236
invader-24-on,71,0.895681,0.039229,0.161288,48,18,5208219482792256739
invader-24-on,72,0.878590,0.175115,0.009057,48,18,10771224103992206526
invader-24-on,73,0.886919,-0.079123,0.096847,48,16,6167556621263326161
invader-24-on,74,0.892401,0.039607,0.078805,48,15,13133057628628704834
invader-24-on,75,0.895207,0.008974,0.060303,48,14,17314720510279505772
invader-24-on,76,0.887148,-0.001301,0.007897,48,13,16710331078579511809
invader-24-on,77,0.891867,-0.030063,0.172687,48,16,13684453074084887686
invader-24-on,78,0.890690,0.070417,0.165851,48,14,11523802070750493882
invader-24-on,79,0.915755,-0.004589,0.096248,48,14,10405208083836226617
invader-24-on,80,0.896734,0.051539,0.090199,48,16,14243981940717241031
invader-24-on,81,0.895377,-0.073887,-0.016770,48,14,10916188416936412600
invader-24-on,82,0.911092,0.042349,0.044227,48,14,2565148438050760630
invader-24-on,83,0.887349,0.035731,0.045048,48,15,3569600108169417017
invader-24-on,84,0.909829,-0.069269,0.053761,48,15,12166910553776654792
invader-24-on,85,0.883264,0.097846,0.013923,48,14,13708566665084152534
invader-24-on,86,0.888462,-0.048583,0.006054,48,17,3709702062438855493
invader-24-on,87,0.899851,0.043340,-0.013002,48,15,5829749874187164253
invader-24-on,88,0.893671,0.044398,0.073670,48,15,1952579089735362627
invader-24-on,89,0.906666,0.146727,0.043548,48,19,16990068066564101470
invader-24-on,90,0.894776,-0.106736,0.068811,48,20,6633548934687917942
invader-24-on,91,0.904560,0.071330,0.088400,48,14,1490107254265928515
invader-24-on,92,0.898879,-0.042732,0.042420,48,14,12171865232119606333
invader-24-on,93,0.904646,-0.039518,0.110632,48,14,11796175953887771856
invader-24-on,94,0.876306,-0.096067,-0.003272,48,15,12153730809200858355
invader-24-on,95,0.905025,-0.058064,0.122032,48,14,8346464586841113042
invader-24-on,96,0.905936,0.011104,0.054567,48,17,11525680125004411573
invader-24-on,97,0.914775,0.007544,0.048284,48,14,7262997714044382749
invader-24-on,98,0.891306,0.006497,0.098030,48,15,7292539944551550225
invader-24-on,99,0.908240,0.031285,0.124730,48,16,13356578126974391085
invader-24-on,100,0.917290,-0.081351,0.009306,48,14,6276706355371038457
invader-24-on,101,0.883546,-0.088746,0.005854,48,16,1685930973330275681
invader-24-on,102,0.884004,0.071555,-0.011367,48,13,7638243324289495024
invader-24-on,103,0.900874,0.042751,0.255548,48,14,15198165526687285833
invader-24-on,104,0.897561,0.095028,0.076044,48,14,12883418098247801007
invader-24-on,105,0.902556,0.018380,0.111020,48,15,2999050977029992197
invader-24-on,106,0.877065,-0.096873,0.119251,48,15,2790683381639959461
invader-24-on,107,0.904235,-0.031661,0.054309,48,16,11399864400901072194
invader-24-on,108,0.896096,0.078533,0.057772,48,18,12684758062176060498
invader-24-on,109,0.914132,0.015735,0.065683,48,15,10589939763476437623
invader-24-on,110,0.898577,0.013896,0.097515,48,13,6365754270285766113
invader-24-on,111,0.900683,0.011752,0.032104,48,20,11246032778519043218
invader-24-on,112,0.900969,0.026061,0.068613,48,15,5859287837136207064
invader-24-on,113,0.900175,-0.057432,0.188084,48,16,10166710948904495903
invader-24-on,114,0.897409,-0.011106,0.054891,48,13,16910627576859480483
invader-24-on,115,0.895944,0.076168,0.082926,48,14,7665001647274262327
invader-24-on,116,0.904560,0.017893,0.123508,48,16,6495128080233771915
invader-24-on,117,0.876304,-0.021529,0.025499,48,16,15721666450805839637
invader-24-on,118,0.896924,-0.167515,0.164549,48,17,2633591844712495225
invader-24-on,119,0.897348,-0.004143,-0.013569,48,15,15885241959326351062
invader-24-on,120,0.887074,0.065200,0.046937,48,15,13700411656891411649
invader-24-on,121,0.905897,-0.050382,0.086157,48,17,13467309472586647930
invader-24-on,122,0.889714,0.023534,0.130756,48,15,13938421387634411206
invader-24-on,123,0.895897,0.081791,0.064716,48,13,13782168132632320945
invader-24-on,124,0.885959,-0.071147,0.060928,48,15,12900014103766485413
invader-24-on,125,0.887292,0.092160,-0.012981,48,14,1682638622582266719
invader-24-on,126,0.917210,0.035755,0.101808,48,17,18432330806011193700
invader-24-on,127,0.899102,0.188314,0.085421,48,14,15981060277030078744
invader-24-on,128,0.885074,0.027199,0.023108,48,14,11925625221230174021
invader-24-on,129,0.906778,0.101986,0.140154,48,14,7060983090636171884
invader-24-on,130,0.890952,0.108771,0.040310,48,15,12236010506235775521
invader-24-on,131,0.904347,-0.036725,0.097869,48,16,13469627872288750245
invader-24-on,132,0.896516,0.023975,0.006851,48,14,9390118095389249432
invader-24-on,133,0.876661,-0.017125,0.044047,48,16,6069839312293170684
invader-24-on,134,0.895600,0.029719,0.067284,48,15,852902917246619401
invader-24-on,135,0.895689,0.031390,0.057620,48,13,756500356843499061
invader-24-on,136,0.896787,-0.072502,0.111392,48,16,2385123273078833392
invader-24-on,137,0.879857,-0.018625,0.040859,48,14,14670750435911958062
invader-24-on,138,0.899219,0.035198,0.069190,48,15,17235216778546493341
invader-24-on,139,0.892196,-0.053224,-0.004355,48,15,11065813790096390352
invader-24-on,140,0.902561,0.029071,0.016525,48,17,14997078980111573619
invader-24-on,141,0.903472,-0.068488,0.070551,48,17,640331117994061768
invader-24-on,142,0.889718,-0.005978,-0.002433,48,14,8463953099319001075
invader-24-on,143,0.915354,-0.001379,0.132458,48,17,13839631433604477676
invader-24-on,144,0.903310,0.005856,0.084263,48,16,1403873776668147327
invader-24-on,145,0.888107,0.038326,0.207824,48,17,3047657380947690873
invader-24-on,146,0.880488,0.049150,0.107089,48,15,3146109995602200135
invader-24-on,147,0.911447,-0.065889,0.109567,48,15,15740434588871014094
invader-24-on,148,0.902626,-0.046804,-0.006107,48,16,6360419525573055374
invader-24-on,149,0.894975,0.014143,-0.032020,48,14,15869455838906875005
invader-24-on,150,0.894576,0.066006,0.084653,48,17,5068386109778906558
invader-24-on,151,0.906519,0.084731,0.005282,48,16,7843061424516830658
invader-24-on,152,0.899774,0.022644,0.044336,48,16,14432389710995817426
invader-24-on,153,0.906953,0.021941,0.041793,48,15,14348666807376642117
invader-24-on,154,0.893307,0.011663,0.033796,48,14,10678402879059878777
invader-24-on,155,0.897982,-0.056275,0.112791,48,19,14707197905327737203
invader-24-on,156,0.888390,0.017546,0.010458,48,13,5522340304133785282
invader-24-on,157,0.876432,-0.068810,0.042976,48,13,5452766600901460618
invader-24-on,158,0.908742,-0.069572,0.219752,48,13,11780832555439824537
invader-24-on,159,0.902232,-0.015107,0.016550,48,14,5164496897014404382
invader-24-on,160,0.904494,-0.063164,0.083377,48,15,1099999059269555211
invader-24-on,161,0.899013,0.035484,0.045089,48,16,13394575588535538010
invader-168-off,42,0.310808,-0.026850,0.168715,48,15,16404974260470934737
invader-168-off,43,0.264111,-0.020548,0.134315,48,12,4819796156783713959
invader-168-off,44,0.252955,0.009785,0.143553,48,15,4353173911176546113
invader-168-off,45,0.263010,-0.060536,0.065381,48,14,2337211205368525656
invader-168-off,46,0.252161,0.016922,0.062484,48,14,2468038453841960808
invader-168-off,47,0.294782,-0.041974,0.155998,48,19,5101317561646335961
invader-168-off,48,0.276184,-0.026505,0.129662,48,15,15972307680273360908
invader-168-off,49,0.254769,-0.061249,0.101528,48,17,14643173705173459545
invader-168-off,50,0.333548,0.019057,0.109511,48,19,774429645325054082
invader-168-off,51,0.302893,-0.039308,0.129353,48,15,14776855821863408913
invader-168-off,52,0.260282,-0.039094,0.112129,48,14,1051266713375526545
invader-168-off,53,0.292129,0.064097,0.097913,48,16,10938324622072378185
invader-168-off,54,0.278059,-0.007524,0.046538,48,18,17745668322019119837
invader-168-off,55,0.313317,-0.044853,0.282897,48,20,3997643271462620028
invader-168-off,56,0.329146,0.012867,0.195176,48,18,6351128845621885662
invader-168-off,57,0.389488,0.008616,0.257241,48,18,5030017919464276351
invader-168-off,58,0.299681,-0.014187,0.172773,48,15,14673274409950019532
invader-168-off,59,0.251991,0.007895,0.124484,48,14,172750854669268433
invader-168-off,60,0.262357,-0.047781,0.061725,48,15,6754308906358777015
invader-168-off,61,0.269590,0.047304,0.121215,48,16,4725205828810428746
invader-168-off,62,0.234421,-0.082943,0.072772,48,14,9252551714536890861
invader-168-off,63,0.276455,0.015216,0.149382,48,19,1220380073310344181
invader-168-off,64,0.308155,-0.109287,0.208487,48,17,11925310686179514149
invader-168-off,65,0.270221,-0.062619,0.049344,48,16,11530020486023733231
invader-168-off,66,0.312415,-0.023887,0.100310,48,19,14686206607620614479
invader-168-off,67,0.267322,-0.017176,0.130491,48,17,9927875735785272329
invader-168-off,68,0.245322,-0.070344,0.044428,48,14,11451353767821877567
invader-168-off,69,0.231527,-0.013207,0.194692,48,14,9675855848610145082
invader-168-off,70,0.239503,-0.134694,0.109147,48,17,13777303400269281831
invader-168-off,71,0.278744,-0.018268,0.097395,48,16,15627115242694111137
invader-168-off,72,0.253375,0.027327,0.106749,48,15,11972505136074481146
invader-168-off,73,0.290189,-0.004464,0.160341,48,15,3596090036069300393
invader-168-off,74,0.237418,0.059827,0.052221,48,14,12627031730386025482
invader-168-off,75,0.374020,-0.050518,0.239300,48,17,9715477825811191527
invader-168-off,76,0.223028,0.077684,0.065741,48,14,3937140377959505196
invader-168-off,77,0.236759,-0.013074,0.116871,48,14,16565866652683488528
invader-168-off,78,0.245336,0.033281,0.043442,48,16,5856608000808626192
invader-168-off,79,0.366908,-0.018778,0.151312,48,18,15818092802101800774
invader-168-off,80,0.297702,-0.099860,0.190890,48,17,11345996800625171753
invader-168-off,81,0.275852,0.002611,0.078280,48,17,7348977005712569290
invader-168-off,82,0.350880,0.047164,0.183438,48,16,3668835245062097366
invader-168-off,83,0.290084,-0.064582,0.131390,48,16,16966783208949432663
invader-168-off,84,0.306197,-0.028784,0.060451,48,15,11259623975899259496
invader-168-off,85,0.297836,0.051634,0.142457,48,17,13959811208259974649
invader-168-off,86,0.248623,0.059968,0.138944,48,17,2704488287898906165
invader-168-off,87,0.261539,-0.062895,0.068266,48,14,643221421521155683
invader-168-off,88,0.220766,-0.038319,0.078913,48,17,5151573926139159524
invader-168-off,89,0.330118,0.052508,0.175084,48,19,8219850085214840987
invader-168-off,90,0.253943,-0.061617,0.155764,48,16,16021702496547922356
invader-168-off,91,0.263739,0.051042,0.202446,48,16,13705941465977320465
invader-168-off,92,0.288783,-0.009358,0.119048,48,17,12936435229534713094
invader-168-off,93,0.274649,-0.005005,0.077070,48,15,12207064906096724453
invader-168-off,94,0.241409,0.014977,0.030701,48,13,4219105899825441924
invader-168-off,95,0.363486,0.134375,0.172899,48,19,16591930884181365393
invader-168-off,96,0.224345,-0.019884,0.087145,48,14,11813534824239201057
invader-168-off,97,0.321180,-0.026359,0.088018,48,16,6079770993315042639
invader-168-off,98,0.258579,-0.063970,0.045323,48,18,136505220326446348
invader-168-off,99,0.314666,0.021628,0.192632,48,18,10697007197252967312
invader-168-off,100,0.327581,0.034011,0.150915,48,16,4023299931823311118
invader-168-off,101,0.236977,-0.006989,0.088281,48,15,15849439028089479019
invader-168-off,102,0.225708,0.019355,0.020283,48,15,9330137459816322696
invader-168-off,103,0.284033,0.002591,0.130998,48,16,1402850976752613692
invader-168-off,104,0.288999,-0.010155,0.162106,48,16,4109113188609568773
invader-168-off,105,0.298469,-0.034675,0.136734,48,16,18218542386063782945
invader-168-off,106,0.260871,-0.056272,0.097080,48,14,2854190936511207482
invader-168-off,107,0.266584,0.016422,0.046121,48,15,15667753687249698301
invader-168-off,108,0.278765,0.059235,0.147707,48,17,11399037774427532174
invader-168-off,109,0.295903,-0.047972,0.153431,48,16,15107691347226537601
invader-168-off,110,0.299701,-0.094694,0.099400,48,17,7056029515002358743
invader-168-off,111,0.288559,0.044964,0.101663,48,16,11627663861093887666
invader-168-off,112,0.293099,-0.014766,0.179101,48,18,544205912907649574
invader-168-off,113,0.238221,-0.049607,0.052180,48,16,8503703809208742556
invader-168-off,114,0.329779,-0.012330,0.081426,48,17,10900990488217820652
invader-168-off,115,0.261780,-0.039871,0.086875,48,15,9323253529544592796
invader-168-off,116,0.266077,-0.013992,0.081411,48,17,12441478760476211363
invader-168-off,117,0.264146,-0.043421,0.084574,48,16,18124183920617492054
invader-168-off,118,0.262787,-0.042249,0.150294,48,16,13349731852914974935
invader-168-off,119,0.295072,-0.023824,0.101394,48,15,14549660385840650921
invader-168-off,120,0.253162,0.009606,0.097989,48,17,3537102579205158285
invader-168-off,121,0.261372,0.026215,0.052777,48,15,10805928597395484313
invader-168-off,122,0.198098,0.029192,0.067073,48,13,8526923698164038458
invader-168-off,123,0.265342,0.015811,0.085109,48,16,18160831179542431870
invader-168-off,124,0.266353,0.062901,0.107077,48,14,4163487892223307512
invader-168-off,125,0.225053,-0.028629,0.096076,48,14,5051832794533852496
invader-168-off,126,0.316382,0.010453,0.137818,48,16,1599667118672325999
invader-168-off,127,0.247571,0.084884,0.117436,48,14,12161588469302254440
invader-168-off,128,0.240244,0.056460,0.083300,48,19,2855722895150207975
invader-168-off,129,0.314041,0.135914,0.155769,48,18,17305450063482398127
invader-168-off,130,0.277443,0.016543,0.059074,48,14,11940556542376950684
invader-168-off,131,0.242172,0.041195,0.073216,48,14,14067261330240843420
invader-168-off,132,0.236377,0.013380,0.048348,48,14,7820541539012296966
invader-168-off,133,0.271368,0.011315,0.078588,48,15,2870824151616183992
invader-168-off,134,0.245349,-0.005048,0.108659,48,14,695369258295727110
invader-168-off,135,0.257724,-0.005388,0.063792,48,15,7353868268799419802
invader-168-off,136,0.262351,-0.057722,0.174098,48,18,11628970049955863058
invader-168-off,137,0.247741,-0.048785,0.049759,48,14,12856713461678992167
invader-168-off,138,0.289289,-0.035627,0.106062,48,15,6954834469825041319
invader-168-off,139,0.243665,0.008944,0.083760,48,16,18201291143661382290
invader-168-off,140,0.276736,-0.034752,0.114822,48,17,2250354751252921414
invader-168-off,141,0.299707,0.035427,0.081693,48,17,1370238866050294208
invader-168-off,142,0.292934,-0.036152,0.061956,48,14,10402349615920724670
invader-168-off,143,0.317900,0.003823,0.166945,48,17,13035304428209755584
invader-168-off,144,0.285800,0.051065,0.255357,48,20,6568325732280822438
invader-168-off,145,0.295076,-0.002718,0.058123,48,15,50462709161182598
invader-168-off,146,0.261565,0.025644,0.050863,48,16,2653716090169354699
invader-168-off,147,0.281132,-0.058759,0.118171,48,15,7541512182231139187
invader-168-off,148,0.256725,0.007525,0.078878,48,14,398910122702589584
invader-168-off,149,0.224774,0.013469,0.054624,48,17,9835511041385335564
invader-168-off,150,0.279027,0.022343,0.144335,48,17,3756550962324694200
invader-168-off,151,0.287444,0.060285,0.134057,48,16,4401179323257672349
invader-168-off,152,0.253692,0.001473,0.038712,48,17,10331511817906246116
invader-168-off,153,0.265498,-0.015753,0.163732,48,18,2137677723410901598
invader-168-off,154,0.271157,0.043573,0.120713,48,15,3797430248101844336
invader-168-off,155,0.267036,0.044869,0.123007,48,17,14192627406955989151
invader-168-off,156,0.252467,0.026038,0.095088,48,17,1926951822491510373
invader-168-off,157,0.223738,0.007062,0.045958,48,14,2036482833796424135
invader-168-off,158,0.316644,-0.011743,0.239344,48,18,13082595752940265632
invader-168-off,159,0.237878,-0.045843,0.137820,48,16,7546616260196357920
invader-168-off,160,0.267456,-0.007687,0.073328,48,18,12656225501235605213
invader-168-off,161,0.271050,-0.092370,0.065035,48,17,14030514648797330779
invader-168-on,42,0.313407,0.023390,0.086975,48,15,186880824358197438
invader-168-on,43,0.269399,0.033952,0.191390,48,16,12385086525509024832
invader-168-on,44,0.259320,0.014538,0.113438,48,14,4507352296392157164
invader-168-on,45,0.275114,-0.024393,0.068039,48,15,9082725894766011026
invader-168-on,46,0.245610,-0.010518,0.098918,48,14,9460130231889347755
invader-168-on,47,0.275969,0.035858,0.109516,48,16,12366302447591772985
invader-168-on,48,0.278441,0.021747,0.092161,48,17,9771442995334768822
invader-168-on,49,0.241567,-0.037529,0.090113,48,14,1202442282010453498
invader-168-on,50,0.277287,-0.109687,0.126255,48,18,2692439012531257825
invader-168-on,51,0.297049,0.014428,0.098351,48,16,13138859440892889502
invader-168-on,52,0.251505,0.028055,0.068411,48,16,10069108531409582298
invader-168-on,53,0.326940,0.036594,0.189324,48,16,10844419570211156049
invader-168-on,54,0.255233,-0.014252,0.050735,48,17,17649797611168812514
invader-168-on,55,0.252945,0.020002,0.087164,48,15,8823115585879693808
invader-168-on,56,0.273225,-0.003286,0.096347,48,17,15422538098049563335
invader-168-on,57,0.355432,-0.030473,0.216521,48,18,2728321251588794502
invader-168-on,58,0.242651,-0.050480,0.105551,48,17,16488897898012173434
invader-168-on,59,0.260032,0.126555,0.139507,48,15,11447499871501494977
invader-168-on,60,0.265649,-0.155836,0.106595,48,16,4963333136003163627
invader-168-on,61,0.234340,-0.017011,0.053321,48,17,4200175747115844189
invader-168-on,62,0.242307,-0.044581,0.046584,48,17,1628454321247052807
invader-168-on,63,0.271752,0.042524,0.149005,48,17,10739342833689420675
invader-168-on,64,0.248462,0.007484,0.084378,48,17,375917367803276326
invader-168-on,65,0.318278,-0.049956,0.141038,48,15,15925073953300540893
invader-168-on,66,0.273012,-0.066320,0.078116,48,15,14304771882275893357
invader-168-on,67,0.237712,0.008648,0.080436,48,16,3134855261425974343
invader-168-on,68,0.286632,-0.023967,0.109657,48,16,8745894288588165148
invader-168-on,69,0.237212,0.042891,0.116532,48,14,10151184289323786679
invader-168-on,70,0.233446,-0.044475,0.154180,48,17,3609322661143940753
invader-168-on,71,0.246222,-0.010198,0.104356,48,15,8751304937183009280
invader-168-on,72,0.288095,-0.010789,0.172509,48,18,11950103646305476184
invader-168-on,73,0.318209,-0.038355,0.152982,48,15,15718408887585860961
invader-168-on,74,0.254930,0.051399,0.020130,48,14,7943791927126490397
invader-168-on,75,0.302298,-0.086401,0.230760,48,17,9038824673987881653
invader-168-on,76,0.234450,0.055392,0.027875,48,14,2517037970319486030
invader-168-on,77,0.273510,-0.009232,0.112687,48,15,5234224431698485497
invader-168-on,78,0.288981,-0.011621,0.060301,48,14,5504273674001922937
invader-168-on,79,0.390492,-0.125261,0.191510,48,18,13170153596705818415
invader-168-on,80,0.270199,-0.091504,0.051982,48,16,15870348926154703556
invader-168-on,81,0.318053,-0.064398,0.133298,48,17,13113257600950081825
invader-168-on,82,0.357626,-0.035514,0.206816,48,19,17138383995094742177
invader-168-on,83,0.263801,-0.020316,0.110325,48,17,6172541977507057686
invader-168-on,84,0.292216,0.025939,0.106921,48,14,5745184102362248901
invader-168-on,85,0.267787,-0.077664,0.095428,48,14,1636737016092360013
invader-168-on,86,0.279773,-0.063981,0.218638,48,17,11896862659924747284
invader-168-on,87,0.234730,-0.070071,-0.029639,48,16,12562896123586865796
invader-168-on,88,0.246187,-0.006525,0.154007,48,16,4405300926020644249
invader-168-on,89,0.321639,-0.039850,0.126056,48,15,3958045935699389558
invader-168-on,90,0.241189,-0.042265,0.053934,48,14,13613711419493516255
invader-168-on,91,0.291029,-0.035568,0.109968,48,17,5909163512979339089
invader-168-on,92,0.317415,-0.024078,0.148172,48,16,14571178146745448547
invader-168-on,93,0.287094,-0.056641,0.154885,48,16,10424922590189500175
invader-168-on,94,0.233547,-0.056938,0.057733,48,15,16720628194391889830
invader-168-on,95,0.329500,0.051591,0.220464,48,18,6287412938957708693
invader-168-on,96,0.257415,-0.060270,0.143069,48,15,4933761786535446480
invader-168-on,97,0.295509,-0.082663,0.082327,48,14,16308255975269696353
invader-168-on,98,0.248355,-0.101415,0.081073,48,17,7872979568906323420
invader-168-on,99,0.259689,0.057960,0.035068,48,16,4489517426167157623
invader-168-on,100,0.271325,-0.056887,0.058819,48,14,17202824866067915358
invader-168-on,101,0.274658,-0.020474,0.146315,48,16,4879229578199275409
invader-168-on,102,0.234824,-0.097595,0.049928,48,16,5536024496255387580
invader-168-on,103,0.301543,0.011685,0.222837,48,17,5608034640781981733
invader-168-on,104,0.295222,-0.062255,0.167302,48,17,1137015972940063543
invader-168-on,105,0.255317,-0.012189,0.104471,48,15,8347753449869518663
invader-168-on,106,0.274852,-0.012783,0.046515,48,13,17182377895070014475
invader-168-on,107,0.259175,-0.006239,0.049000,48,14,5761617238158312807
invader-168-on,108,0.222083,-0.021828,0.037707,48,14,10556876531377243882
invader-168-on,109,0.288397,-0.067578,0.090361,48,14,4142241604819672557
invader-168-on,110,0.334975,-0.055386,0.151466,48,17,10044371159870499782
invader-168-on,111,0.307895,-0.038898,0.189408,48,18,10428127049855115994
invader-168-on,112,0.274619,0.078442,0.088203,48,17,7135203710673351836
invader-168-on,113,0.215524,-0.015428,0.035473,48,13,14990015150608580435
invader-168-on,114,0.287834,0.040868,0.092286,48,15,6325616908382608043
invader-168-on,115,0.246855,-0.088662,0.114941,48,16,17948110487250113529
invader-168-on,116,0.238418,0.053460,0.062518,48,18,12635889809201585967
invader-168-on,117,0.246048,0.044858,0.163731,48,16,17370333646818486025
invader-168-on,118,0.325546,-0.092470,0.219756,48,19,9494824405404182126
invader-168-on,119,0.243357,-0.004699,0.046684,48,15,16785630164830951282
invader-168-on,120,0.290583,-0.075484,0.137207,48,17,14649125076262790289
invader-168-on,121,0.298211,0.119999,0.128061,48,17,7955569624469483769
invader-168-on,122,0.249442,-0.043467,0.141078,48,15,5021985235354696661
invader-168-on,123,0.210257,0.014407,0.061511,48,16,842837953837064573
invader-168-on,124,0.283250,-0.054900,0.131349,48,19,14009720978732439327
invader-168-on,125,0.227107,0.048850,0.126117,48,14,16462957830719874269
invader-168-on,126,0.335553,-0.019671,0.181996,48,17,9321643978791195458
invader-168-on,127,0.268106,-0.031202,0.129945,48,15,12437191358487911895
invader-168-on,128,0.256395,-0.029703,0.110142,48,16,146303223427663876
invader-168-on,129,0.256716,0.090730,0.050613,48,15,428639497568277616
invader-168-on,130,0.291737,-0.028057,0.079206,48,16,7107088053651433711
invader-168-on,131,0.229883,0.006434,0.105396,48,14,699371278214057747
invader-168-on,132,0.274303,0.045613,0.092775,48,15,9447646330711880277
invader-168-on,133,0.198131,-0.028827,-0.014267,48,13,7308348859710015004
invader-168-on,134,0.233595,-0.050399,0.110485,48,15,17077940537354839941
invader-168-on,135,0.242962,0.013519,0.110404,48,15,11224652102766856045
invader-168-on,136,0.226832,-0.057252,0.089385,48,15,1309468005575691016
invader-168-on,137,0.229277,-0.112967,0.104385,48,15,12427750946716466766
invader-168-on,138,0.266907,-0.071656,0.143773,48,15,18133325407035557259
invader-168-on,139,0.281029,0.052199,0.126833,48,19,16646034341258873258
invader-168-on,140,0.247180,0.105499,0.074081,48,16,6813914786455651259
invader-168-on,141,0.312972,-0.050587,0.066091,48,18,14083339455477537740
invader-168-on,142,0.288892,0.021437,0.168388,48,16,5415312374285956207
invader-168-on,143,0.333318,-0.002842,0.194215,48,21,4733315488593969056
invader-168-on,144,0.234094,0.015991,0.133741,48,16,3810024003793110504
invader-168-on,145,0.276459,-0.017707,0.069107,48,15,3082072044517581668
invader-168-on,146,0.264195,0.033943,0.029977,48,16,14876673983795361078
invader-168-on,147,0.240680,-0.013306,0.076263,48,15,8663159061184138461
invader-168-on,148,0.292802,0.008817,0.096886,48,15,3312066365343243344
invader-168-on,149,0.275544,-0.084060,0.050248,48,14,9713586556272209081
invader-168-on,150,0.264101,-0.046792,0.133676,48,15,16616858838537909767
invader-168-on,151,0.302482,0.093628,0.099029,48,17,11393981532874152918
invader-168-on,152,0.269418,-0.055867,0.203901,48,16,12487104897813303361
invader-168-on,153,0.282112,-0.057589,0.173233,48,16,12284204315141788822
invader-168-on,154,0.242084,-0.062555,0.042115,48,13,8266582360188559356
invader-168-on,155,0.246984,0.046689,0.106001,48,18,15866702539151980062
invader-168-on,156,0.276045,-0.108673,0.172726,48,17,7517144765961317395
invader-168-on,157,0.227772,-0.034281,0.024862,48,15,15200680481360176512
invader-168-on,158,0.298216,-0.093231,0.140808,48,17,10088227217496345232
invader-168-on,159,0.241139,0.041702,0.027486,48,13,18435188421535725466
invader-168-on,160,0.286655,-0.147659,0.109801,48,16,12524944181870947315
invader-168-on,161,0.253056,0.124633,0.058412,48,17,1035956384677507565

