arm,seed,mean_site_occupancy,trait_delta,dispersal_delta,final_population,highest_plant_generation,state_hash
lifespan-mortality-off,42,0.482177,-0.007203,0.055253,48,13,5820369291849889792
lifespan-mortality-off,43,0.564400,-0.014272,0.044564,48,13,4611209025501576442
lifespan-mortality-off,44,0.481460,-0.023298,0.043817,48,14,1356486854373755647
lifespan-mortality-off,45,0.519274,0.002253,0.064355,48,14,3795535786599948291
lifespan-mortality-off,46,0.461511,0.042646,0.025313,48,12,4631692665232673970
lifespan-mortality-off,47,0.378994,0.058548,0.037693,48,13,3099782926407430777
lifespan-mortality-off,48,0.460086,-0.036550,0.016356,48,11,2131560595646621445
lifespan-mortality-off,49,0.442351,0.000796,0.024178,48,11,2650809371576496384
lifespan-mortality-off,50,0.482498,0.011601,0.037801,48,13,2601940992111219531
lifespan-mortality-off,51,0.411893,0.052675,-0.002371,48,10,7218295371614569463
lifespan-mortality-off,52,0.495485,-0.000908,0.034863,48,12,13028443519175063907
lifespan-mortality-off,53,0.410226,0.012079,0.014271,48,10,13117269293414214221
lifespan-mortality-off,54,0.479442,-0.006213,0.016887,48,12,974760782137617691
lifespan-mortality-off,55,0.530065,-0.003675,0.039848,48,11,9013446470219397683
lifespan-mortality-off,56,0.524848,-0.037413,0.050152,48,13,6998375993196330880
lifespan-mortality-off,57,0.598993,0.005764,0.074197,48,13,8970168680800422348
lifespan-mortality-off,58,0.491802,-0.018085,0.011309,48,10,12452872842020413152
lifespan-mortality-off,59,0.507323,0.013916,0.013632,48,11,15288741243234912460
lifespan-mortality-off,60,0.378831,-0.022576,-0.037127,48,9,4862158969751440765
lifespan-mortality-off,61,0.472168,-0.023377,0.011415,48,11,11286251443788480183
lifespan-mortality-off,62,0.434437,0.006434,0.003227,48,11,16675380964533295969
lifespan-mortality-off,63,0.501859,0.012996,0.043704,48,12,18115414014029697365
lifespan-mortality-off,64,0.534411,-0.004810,0.045852,48,14,7354055030057134365
lifespan-mortality-off,65,0.446298,0.039066,0.036284,48,12,11599032825650603962
lifespan-mortality-off,66,0.386281,-0.003642,0.030666,48,10,3965417561268530367
lifespan-mortality-off,67,0.587189,0.007892,0.078805,48,13,14032722382820155697
lifespan-mortality-off,68,0.387591,-0.001895,-0.005186,48,8,12848480768805156571
lifespan-mortality-off,69,0.510323,-0.009048,0.037105,48,10,7841487886594220540
lifespan-mortality-off,70,0.541487,-0.029722,0.014827,48,11,14865219070825637672
lifespan-mortality-off,71,0.511722,-0.002442,0.042673,48,12,6186043702762115841
lifespan-mortality-off,72,0.525750,0.040604,0.038159,48,12,3209959917930268695
lifespan-mortality-off,73,0.514278,-0.009920,0.076135,48,13,17132056910320052413
lifespan-mortality-off,74,0.475732,-0.011388,0.006605,48,11,8658089066130796973
lifespan-mortality-off,75,0.539373,-0.017018,0.061647,48,13,10146461560309500742
lifespan-mortality-off,76,0.434428,0.007718,0.001873,48,10,1334709255307761794
lifespan-mortality-off,77,0.447000,-0.010482,0.016436,48,11,5179515878767152454
lifespan-mortality-off,78,0.435292,-0.001864,0.037954,48,11,16144961029969267155
lifespan-mortality-off,79,0.490449,0.004234,0.049871,48,13,2344060134189174382
lifespan-mortality-off,80,0.400813,0.050726,-0.002883,48,9,5297128933601720232
lifespan-mortality-off,81,0.460980,0.011750,0.032596,48,11,8631383020137038091
lifespan-mortality-off,82,0.418856,-0.025693,0.026054,48,9,8475093799661120958
lifespan-mortality-off,83,0.564957,0.009725,0.051750,48,13,1126937736421002714
lifespan-mortality-off,84,0.420558,-0.016806,0.038086,48,12,2740505950770920982
lifespan-mortality-off,85,0.436844,-0.014477,0.046825,48,11,11018810111386338451
lifespan-mortality-off,86,0.401651,0.000324,0.007536,48,10,17369927989941062954
lifespan-mortality-off,87,0.463622,0.033465,0.009617,48,10,2830803281021206599
lifespan-mortality-off,88,0.478641,0.015008,-0.005991,48,12,636134271124450297
lifespan-mortality-off,89,0.501650,0.045038,0.004634,48,13,8872792224582517492
lifespan-mortality-off,90,0.491885,0.018092,0.041700,48,16,473436897784296313
lifespan-mortality-off,91,0.443367,-0.007227,0.024309,48,12,10719329317413907852
lifespan-mortality-off,92,0.477476,-0.011682,0.057800,48,13,9505920104424179927
lifespan-mortality-off,93,0.534993,-0.006705,0.037445,48,13,10475120392603310789
lifespan-mortality-off,94,0.482718,-0.001129,0.002409,48,10,2128579320620558555
lifespan-mortality-off,95,0.585478,0.018913,0.097318,48,12,6547893530192931182
lifespan-mortality-off,96,0.471845,0.053872,0.008099,48,11,11194690148490566307
lifespan-mortality-off,97,0.431300,-0.009810,0.022410,48,10,1338985294344856747
lifespan-mortality-off,98,0.502092,0.022870,0.063608,48,13,185789435373904241
lifespan-mortality-off,99,0.479762,0.015084,0.036254,48,11,16699117978125274923
lifespan-mortality-off,100,0.445462,-0.001969,0.033368,48,10,11539422417338590969
lifespan-mortality-off,101,0.505068,0.001394,0.025476,48,12,15599926142716143791
lifespan-mortality-off,102,0.426209,-0.008742,0.005285,48,12,1877019811171125405
lifespan-mortality-off,103,0.553700,-0.009540,0.050761,48,14,10860745424526469741
lifespan-mortality-off,104,0.539969,-0.008834,0.037399,48,12,15627724138528722863
lifespan-mortality-off,105,0.442955,0.034816,0.023310,48,10,17379666036747539415
lifespan-mortality-off,106,0.502065,-0.007180,0.057705,48,14,2173309828363261081
lifespan-mortality-off,107,0.470906,0.025628,0.024507,48,13,897591795881380099
lifespan-mortality-off,108,0.413581,0.011208,0.023116,48,10,17492166883437517749
lifespan-mortality-off,109,0.401199,-0.014534,0.020090,48,12,16649587939333146595
lifespan-mortality-off,110,0.553886,0.017222,0.026485,48,14,6938992940519620704
lifespan-mortality-off,111,0.438763,-0.008372,0.047113,48,11,2128919194801307533
lifespan-mortality-off,112,0.539585,0.056351,0.040912,48,12,3792249528290901638
lifespan-mortality-off,113,0.502413,-0.009933,0.049951,48,13,835719637798466702
lifespan-mortality-off,114,0.371091,-0.019051,0.022790,48,8,11617205978968440780
lifespan-mortality-off,115,0.491506,0.002515,0.038538,48,16,12142338064636099676
lifespan-mortality-off,116,0.492632,0.009995,0.032051,48,13,9905626504747002880
lifespan-mortality-off,117,0.557893,-0.018541,0.048189,48,12,16922720083620128292
lifespan-mortality-off,118,0.479365,0.020648,0.042567,48,12,16945300044649103004
lifespan-mortality-off,119,0.423853,0.005690,0.038340,48,11,12904292489530159601
lifespan-mortality-off,120,0.528299,-0.015803,0.030800,48,11,2854260866575136155
lifespan-mortality-off,121,0.434379,0.012841,0.007043,48,10,15410454988724216061
lifespan-mortality-off,122,0.472717,-0.005383,0.013985,48,13,2272932106563208677
lifespan-mortality-off,123,0.496600,-0.029207,0.041222,48,11,9639629798765204640
lifespan-mortality-off,124,0.470952,0.016031,0.039435,48,15,5470215907449053795
lifespan-mortality-off,125,0.540664,-0.012796,0.018284,48,12,9326213844144797376
lifespan-mortality-off,126,0.494779,0.041761,0.019334,48,11,14906063949253093315
lifespan-mortality-off,127,0.459202,-0.009329,0.040288,48,12,5012516168589889208
lifespan-mortality-off,128,0.464823,-0.000611,0.018929,48,10,151696945222659889
lifespan-mortality-off,129,0.472782,0.037375,0.039346,48,10,10359458421691824688
lifespan-mortality-off,130,0.408811,-0.012920,0.025705,48,12,5254614508828957132
lifespan-mortality-off,131,0.517586,0.006094,0.034761,48,13,7416075967323370955
lifespan-mortality-off,132,0.459089,-0.013335,0.015601,48,11,6636622879923614219
lifespan-mortality-off,133,0.441428,-0.023647,-0.004715,48,11,14848189859720834575
lifespan-mortality-off,134,0.439453,0.007715,0.015605,48,12,445578673463959351
lifespan-mortality-off,135,0.528465,-0.005631,0.046598,48,15,4011498042375092074
lifespan-mortality-off,136,0.465877,-0.026114,0.076410,48,14,2549342179964662175
lifespan-mortality-off,137,0.496495,0.050280,0.022759,48,12,18127349437331919736
lifespan-mortality-off,138,0.491854,0.022275,0.065520,48,15,17588406256657574752
lifespan-mortality-off,139,0.450727,-0.004019,0.013419,48,15,11038086668993262516
lifespan-mortality-off,140,0.543827,0.041700,0.034595,48,14,13686712535331044784
lifespan-mortality-off,141,0.438615,0.025023,0.001954,48,10,4275591165467534027
lifespan-mortality-off,142,0.551959,0.012182,0.059666,48,15,17262988873844788722
lifespan-mortality-off,143,0.440969,-0.033547,0.029492,48,11,7856344094468937004
lifespan-mortality-off,144,0.495938,0.005435,0.033900,48,11,748106405412435168
lifespan-mortality-off,145,0.472850,0.005730,0.042718,48,14,9770515755664692318
lifespan-mortality-off,146,0.431188,0.013917,0.009484,48,11,8587887555260044029
lifespan-mortality-off,147,0.483606,0.033482,0.069257,48,15,6911131191989767798
lifespan-mortality-off,148,0.507072,0.004268,0.039647,48,13,4439503815429802534
lifespan-mortality-off,149,0.468099,-0.012894,0.043895,48,12,12398855394207021853
lifespan-mortality-off,150,0.486217,-0.011923,0.019990,48,12,496192830709544102
lifespan-mortality-off,151,0.399707,0.016241,0.033852,48,9,5360133041681888917
lifespan-mortality-off,152,0.408508,-0.021252,0.011158,48,9,4436841064070567808
lifespan-mortality-off,153,0.489375,0.027672,0.047562,48,12,610411400189302843
lifespan-mortality-off,154,0.475227,0.005673,0.039624,48,17,3442236272436504954
lifespan-mortality-off,155,0.525630,0.025757,0.047899,48,14,7084032623342777688
lifespan-mortality-off,156,0.623947,0.050228,0.108227,48,16,2632704490722076461
lifespan-mortality-off,157,0.486840,0.015145,0.023981,48,13,11186812876221937648
lifespan-mortality-off,158,0.428781,-0.006637,0.052397,48,10,10131165575071276991
lifespan-mortality-off,159,0.463224,0.031244,0.028475,48,13,14627748668804310576
lifespan-mortality-off,160,0.415971,-0.023320,0.018714,48,11,5034005565267118610
lifespan-mortality-off,161,0.486137,-0.002780,0.014713,48,11,13153328776333284729
lifespan-mortality-on,42,0.368764,-0.003684,0.116258,48,14,941061041851419050
lifespan-mortality-on,43,0.362205,-0.027189,0.223032,48,26,17541102027901861499
lifespan-mortality-on,44,0.363519,-0.024826,0.154497,48,20,1741490159052669774
lifespan-mortality-on,45,0.334512,-0.004459,0.082815,48,14,8963985766595291500
lifespan-mortality-on,46,0.291622,-0.015726,0.065256,48,13,4101015385596426938
lifespan-mortality-on,47,0.305984,0.071773,0.130947,48,17,9952505526440057690
lifespan-mortality-on,48,0.383829,-0.049707,0.077188,48,15,8960023985446824191
lifespan-mortality-on,49,0.273284,-0.038075,0.099822,48,17,17777500070116107385
lifespan-mortality-on,50,0.340606,-0.003634,0.082256,48,15,5628518427742554737
lifespan-mortality-on,51,0.295390,0.072699,0.071276,48,17,3493727690439210153
lifespan-mortality-on,52,0.316171,-0.056105,0.065715,48,15,14703046619300395759
lifespan-mortality-on,53,0.354481,-0.021374,0.137663,48,13,5124709064276415384
lifespan-mortality-on,54,0.335199,0.004123,0.142322,48,15,6285262691903146181
lifespan-mortality-on,55,0.332366,-0.059155,0.217828,48,19,14349869433034831901
lifespan-mortality-on,56,0.342304,-0.027903,0.066143,48,16,3071019146960162969
lifespan-mortality-on,57,0.419435,-0.045792,0.164921,48,17,254819964469624292
lifespan-mortality-on,58,0.283989,-0.046389,0.077953,48,19,4644120204266228854
lifespan-mortality-on,59,0.343790,-0.059526,0.298704,48,21,15280233706822345916
lifespan-mortality-on,60,0.294402,0.012911,0.023989,48,14,15732888498106173517
lifespan-mortality-on,61,0.314234,0.002389,0.113475,48,19,14628766127918421563
lifespan-mortality-on,62,0.280101,-0.009773,0.092121,48,17,9611473480414519165
lifespan-mortality-on,63,0.313694,-0.006783,0.089820,48,15,12867967912545455081
lifespan-mortality-on,64,0.302184,0.001387,0.156190,48,20,17113383334668902199
lifespan-mortality-on,65,0.312864,0.049616,0.084544,48,12,6240947918874320749
lifespan-mortality-on,66,0.296001,-0.079586,0.051860,48,13,10984750910448188535
lifespan-mortality-on,67,0.323590,-0.087122,0.191993,48,19,9202559540397959328
lifespan-mortality-on,68,0.293623,-0.034016,0.088320,48,14,6989285651108628709
lifespan-mortality-on,69,0.431069,-0.047257,0.147090,48,19,7466412816149475963
lifespan-mortality-on,70,0.337193,-0.114396,0.155594,48,17,12634718609818503512
lifespan-mortality-on,71,0.391679,0.007111,0.179773,48,18,6252438167235764068
lifespan-mortality-on,72,0.379311,-0.002997,0.131282,48,17,13519349209469462086
lifespan-mortality-on,73,0.387798,-0.109079,0.144461,48,18,8535884220726930871
lifespan-mortality-on,74,0.299576,-0.004430,0.032463,48,14,13097219532089678149
lifespan-mortality-on,75,0.421789,-0.004693,0.192373,48,19,7902332504267758917
lifespan-mortality-on,76,0.275750,0.022945,0.037719,48,14,3308494364201875825
lifespan-mortality-on,77,0.291250,0.030261,0.086553,48,19,15487646460841197354
lifespan-mortality-on,78,0.284838,0.072733,0.017514,48,13,9813673986366848313
lifespan-mortality-on,79,0.346315,-0.005028,0.090618,48,15,16752254156119214770
lifespan-mortality-on,80,0.338947,0.068150,0.122191,48,14,9491865782453478417
lifespan-mortality-on,81,0.344663,-0.040268,0.033048,48,13,12493349042788323386
lifespan-mortality-on,82,0.379721,-0.020746,0.085803,48,14,1373996534728420637
lifespan-mortality-on,83,0.359882,-0.040942,0.104471,48,16,1130975592260271845
lifespan-mortality-on,84,0.382446,-0.066570,0.078538,48,15,8421421248802100576
lifespan-mortality-on,85,0.278323,-0.046411,0.137225,48,18,15246189676549238608
lifespan-mortality-on,86,0.283606,-0.042394,0.109607,48,15,17468679029910679882
lifespan-mortality-on,87,0.307934,-0.018113,0.057122,48,15,6421289982141966791
lifespan-mortality-on,88,0.316333,-0.006743,0.134398,48,15,13773519109897960998
lifespan-mortality-on,89,0.372926,-0.029786,0.111631,48,16,13281591126349017253
lifespan-mortality-on,90,0.333389,0.004372,0.186069,48,19,11424543227510689320
lifespan-mortality-on,91,0.338061,-0.015829,0.126305,48,16,10831588711745594083
lifespan-mortality-on,92,0.365262,-0.070799,0.102192,48,14,10733219422999494055
lifespan-mortality-on,93,0.415021,-0.002973,0.180077,48,19,4264419194701058387
lifespan-mortality-on,94,0.315357,0.053158,0.088257,48,15,4663382843233395798
lifespan-mortality-on,95,0.329878,-0.004692,0.114354,48,15,17703203548258512301
lifespan-mortality-on,96,0.327908,0.054617,0.172772,48,20,15412563348664745296
lifespan-mortality-on,97,0.320959,-0.008778,0.056850,48,13,8500917139027329462
lifespan-mortality-on,98,0.349318,0.007885,0.125657,48,13,14060867338066975571
lifespan-mortality-on,99,0.309656,0.072694,0.049593,48,17,14867951961416168743
lifespan-mortality-on,100,0.295680,-0.037547,0.114252,48,15,17621591278262731984
lifespan-mortality-on,101,0.313924,-0.137471,0.123398,48,17,1956071410136925631
lifespan-mortality-on,102,0.259227,0.020546,0.059449,48,16,11035205815997838224
lifespan-mortality-on,103,0.422581,-0.053180,0.220272,48,18,16387560518391801710
lifespan-mortality-on,104,0.318525,-0.078523,0.118716,48,17,12265198726131252950
lifespan-mortality-on,105,0.316031,-0.080751,0.071062,48,14,7925332982528377233
lifespan-mortality-on,106,0.335786,-0.050226,0.099219,48,17,2590472554050449376
lifespan-mortality-on,107,0.323840,0.039750,0.054317,48,12,14750787926129728334
lifespan-mortality-on,108,0.297778,0.020433,0.043524,48,14,16759785214130698052
lifespan-mortality-on,109,0.306279,-0.033062,0.089341,48,12,10142074530505295805
lifespan-mortality-on,110,0.305076,-0.022330,0.059969,48,16,13289936363382165520
lifespan-mortality-on,111,0.258291,0.004184,0.046836,48,13,5880955505381008058
lifespan-mortality-on,112,0.403438,0.086727,0.141057,48,17,11998959185332330263
lifespan-mortality-on,113,0.388307,0.012555,0.165769,48,19,12484019629537133422
lifespan-mortality-on,114,0.317198,-0.002045,0.040350,48,15,3165689331208518200
lifespan-mortality-on,115,0.367268,-0.048595,0.169413,48,17,1735922043644875333
lifespan-mortality-on,116,0.319324,0.054461,0.084977,48,16,16437209962525975639
lifespan-mortality-on,117,0.356075,-0.021217,0.194948,48,20,15995186245562442002
lifespan-mortality-on,118,0.348800,-0.063921,0.149274,48,16,7734985553938793366
lifespan-mortality-on,119,0.268139,0.048002,0.108259,48,15,6485167532741784304
lifespan-mortality-on,120,0.379129,0.021130,0.169289,48,15,13929719228462886764
lifespan-mortality-on,121,0.290664,0.010836,0.052097,48,11,6398748326267768193
lifespan-mortality-on,122,0.280832,-0.003396,0.176983,48,19,6803435988392948149
lifespan-mortality-on,123,0.331853,-0.083607,0.138077,48,16,1358214166851670195
lifespan-mortality-on,124,0.415924,0.019153,0.179074,48,18,17865834179525676704
lifespan-mortality-on,125,0.309111,-0.154989,0.209918,48,20,9214902167201537259
lifespan-mortality-on,126,0.368920,0.033584,0.122540,48,15,3936606990099079811
lifespan-mortality-on,127,0.315322,0.022483,0.135755,48,19,9153969376659280363
lifespan-mortality-on,128,0.380112,0.003603,0.118286,48,19,13739067141056286861
lifespan-mortality-on,129,0.397799,0.029732,0.134448,48,15,3664643268348476157
lifespan-mortality-on,130,0.322012,0.018507,0.080771,48,12,12394690306955245774
lifespan-mortality-on,131,0.276011,0.035067,0.055187,48,19,7500394519095762508
lifespan-mortality-on,132,0.283425,0.009169,0.072979,48,17,13089772664918567742
lifespan-mortality-on,133,0.361897,0.062935,0.122385,48,16,12746998481962401059
lifespan-mortality-on,134,0.267614,-0.065204,0.070701,48,16,16310124944033273845
lifespan-mortality-on,135,0.335667,0.004389,0.110838,48,15,11495517252844343675
lifespan-mortality-on,136,0.346491,-0.054803,0.163340,48,22,14726116782666537270
lifespan-mortality-on,137,0.314987,-0.003746,0.121899,48,20,14564038807904642654
lifespan-mortality-on,138,0.357496,-0.024586,0.174270,48,19,9566233964318074322
lifespan-mortality-on,139,0.318851,-0.003891,0.081080,48,16,10558728572057007661
lifespan-mortality-on,140,0.339021,0.045187,0.137197,48,23,18332221708252976759
lifespan-mortality-on,141,0.308522,0.045607,0.027865,48,14,2861831706144187139
lifespan-mortality-on,142,0.366511,-0.045229,0.085274,48,15,9943015359242498991
lifespan-mortality-on,143,0.342990,-0.010939,0.141369,48,14,7081351528526171273
lifespan-mortality-on,144,0.326825,0.023212,0.066387,48,14,15948709621951737691
lifespan-mortality-on,145,0.327774,0.009703,0.062781,48,17,13537602516840274740
lifespan-mortality-on,146,0.321275,0.031988,0.096290,48,14,17768886734294702825
lifespan-mortality-on,147,0.345197,-0.008730,0.083303,48,17,10788806712935591064
lifespan-mortality-on,148,0.343747,-0.058262,0.077425,48,15,971803529128339503
lifespan-mortality-on,149,0.286751,-0.002548,0.050056,48,14,7383765691522811661
lifespan-mortality-on,150,0.362653,-0.123444,0.141019,48,19,777549008766356263
lifespan-mortality-on,151,0.303987,0.086751,0.130265,48,14,2935546870567568033
lifespan-mortality-on,152,0.265385,-0.018063,0.053976,48,13,16519853001385343537
lifespan-mortality-on,153,0.367715,-0.017344,0.174883,48,19,3814733875526080155
lifespan-mortality-on,154,0.316312,-0.046845,0.063178,48,17,456485593840692004
lifespan-mortality-on,155,0.415255,-0.068076,0.140754,48,18,17612416333101352679
lifespan-mortality-on,156,0.356712,0.058310,0.190019,48,21,3156352832447346222
lifespan-mortality-on,157,0.277070,-0.015764,0.146887,48,19,5708913851648181417
lifespan-mortality-on,158,0.375246,0.035781,0.133866,48,16,14411502947158242600
lifespan-mortality-on,159,0.298711,0.010371,0.126647,48,18,15370253502153328024
lifespan-mortality-on,160,0.287463,-0.017857,0.055825,48,15,982208285378533483
lifespan-mortality-on,161,0.309320,-0.009749,0.059599,48,17,7962191408582966167
growth-nutrient-off,42,0.328105,0.126096,0.116410,48,22,14450486856413500658
growth-nutrient-off,43,0.371519,0.033890,0.110256,48,17,4403442388763259356
growth-nutrient-off,44,0.349477,0.025579,0.097678,48,19,5708729722492687995
growth-nutrient-off,45,0.338892,-0.031543,0.132951,48,16,2398932645268096893
growth-nutrient-off,46,0.289081,-0.026563,0.149589,48,19,894898335275684160
growth-nutrient-off,47,0.386866,-0.027644,0.202295,48,19,11600089320388656005
growth-nutrient-off,48,0.319750,-0.207411,0.130469,48,19,2756639870796135006
growth-nutrient-off,49,0.301821,-0.026236,0.151359,48,17,1108682457166246364
growth-nutrient-off,50,0.305284,-0.011449,0.071444,48,14,469824690948199218
growth-nutrient-off,51,0.312125,0.045936,0.102850,48,16,14782692052276938188
growth-nutrient-off,52,0.301635,0.005956,0.122528,48,17,4852549936223861305
growth-nutrient-off,53,0.402626,-0.002167,0.188779,48,17,17544870467695807917
growth-nutrient-off,54,0.314190,0.019659,0.080701,48,15,4669635598411859492
growth-nutrient-off,55,0.282641,0.043986,0.149568,48,17,8494576012805733741
growth-nutrient-off,56,0.342041,-0.012768,0.104516,48,15,536831685973366898
growth-nutrient-off,57,0.377939,-0.088446,0.182264,48,20,1841498606790802012
growth-nutrient-off,58,0.331410,0.006962,0.073262,48,16,6923477548420815498
growth-nutrient-off,59,0.385029,0.022067,0.170774,48,19,12985633646168316569
growth-nutrient-off,60,0.323119,-0.029908,0.021516,48,16,3527026834579311282
growth-nutrient-off,61,0.316602,0.045424,0.143322,48,17,9153141439807247294
growth-nutrient-off,62,0.295840,0.036153,0.107216,48,15,10569603083164901688
growth-nutrient-off,63,0.322012,-0.008589,0.134923,48,15,4235479509281305995
growth-nutrient-off,64,0.307146,-0.039891,0.108720,48,18,2179250101311621580
growth-nutrient-off,65,0.375121,0.005387,0.089984,48,16,15246336052155052103
growth-nutrient-off,66,0.283108,-0.029482,0.084960,48,17,10217973855176456993
growth-nutrient-off,67,0.346531,-0.010797,0.108162,48,17,10163474002979415722
growth-nutrient-off,68,0.284164,-0.077898,0.085473,48,15,15240288899337362062
growth-nutrient-off,69,0.351707,-0.021579,0.098737,48,18,7822530640845113854
growth-nutrient-off,70,0.352692,0.004695,0.091560,48,15,1724630103950329184
growth-nutrient-off,71,0.340152,0.028052,0.155446,48,15,7310368069251484076
growth-nutrient-off,72,0.375636,-0.021547,0.179346,48,19,8729814391548511292
growth-nutrient-off,73,0.369684,0.032222,0.146038,48,17,17266443789794914189
growth-nutrient-off,74,0.271520,0.003106,0.040758,48,16,11798777191466942070
growth-nutrient-off,75,0.355350,0.026832,0.106216,48,18,5110977465161911933
growth-nutrient-off,76,0.298331,-0.010985,0.054328,48,18,1905999641756947126
growth-nutrient-off,77,0.341261,-0.036080,0.183077,48,18,167392934842833596
growth-nutrient-off,78,0.294131,0.074833,0.085631,48,18,17832560937393321509
growth-nutrient-off,79,0.387750,-0.069415,0.188534,48,16,8429625689638008731
growth-nutrient-off,80,0.325109,0.009886,0.148436,48,20,18189565571433813191
growth-nutrient-off,81,0.371461,0.012995,0.171057,48,16,424926980206111286
growth-nutrient-off,82,0.422196,-0.153318,0.345654,48,20,9865550398836038157
growth-nutrient-off,83,0.368740,0.017490,0.094534,48,17,7142537775733092123
growth-nutrient-off,84,0.369922,0.022375,0.146048,48,19,6342147008457883260
growth-nutrient-off,85,0.378949,-0.002265,0.140807,48,19,11432845223564440577
growth-nutrient-off,86,0.262658,-0.052553,0.078347,48,12,678826627341531156
growth-nutrient-off,87,0.304355,0.034000,0.128169,48,16,13343311368061051569
growth-nutrient-off,88,0.318837,0.003253,0.099139,48,17,5389073855435920829
growth-nutrient-off,89,0.324712,-0.038620,0.120673,48,16,7965158669939615859
growth-nutrient-off,90,0.367435,0.026715,0.129024,48,17,3499733973921144403
growth-nutrient-off,91,0.359572,0.016513,0.109093,48,16,3999554751313646525
growth-nutrient-off,92,0.364103,-0.054646,0.118164,48,16,15336421617372611703
growth-nutrient-off,93,0.399712,0.000997,0.181139,48,17,9769104004502003605
growth-nutrient-off,94,0.241175,-0.066621,0.010121,48,18,1975319564682217426
growth-nutrient-off,95,0.369874,-0.012944,0.087693,48,18,15431288437424254559
growth-nutrient-off,96,0.342864,0.020948,0.066313,48,15,16702700031026813464
growth-nutrient-off,97,0.343406,0.033293,0.129047,48,19,1147379566879939364
growth-nutrient-off,98,0.280701,0.065367,0.052708,48,18,12535098025640310370
growth-nutrient-off,99,0.255542,0.046198,0.022852,48,16,9594773810259384907
growth-nutrient-off,100,0.284162,-0.001481,0.070102,48,14,6693246540748068032
growth-nutrient-off,101,0.234150,-0.038446,-0.000753,48,17,4182257811861791274
growth-nutrient-off,102,0.308734,-0.028458,0.087283,48,18,13786253649518055281
growth-nutrient-off,103,0.355034,0.114601,0.156566,48,16,8634125927972565764
growth-nutrient-off,104,0.338257,-0.002393,0.125928,48,17,8353626001247035161
growth-nutrient-off,105,0.299247,-0.010963,0.133786,48,18,16095188769890649111
growth-nutrient-off,106,0.410173,-0.027142,0.142272,48,16,5227423234807352134
growth-nutrient-off,107,0.311584,-0.037097,0.087473,48,15,15783085441373764682
growth-nutrient-off,108,0.366364,-0.016821,0.106516,48,18,7281434944228500084
growth-nutrient-off,109,0.323601,0.036455,0.042724,48,20,9676828954802699448
growth-nutrient-off,110,0.346937,0.079868,0.131136,48,15,1622984961329036474
growth-nutrient-off,111,0.349477,-0.130509,0.185392,48,18,3706640188560430710
growth-nutrient-off,112,0.322235,0.014904,0.133120,48,16,8535044280194852151
growth-nutrient-off,113,0.332502,-0.082417,0.115148,48,16,13511367581577434941
growth-nutrient-off,114,0.333595,0.007948,0.112909,48,15,2048244170728345077
growth-nutrient-off,115,0.307661,-0.013004,0.088674,48,16,2494389019160010954
growth-nutrient-off,116,0.313368,-0.026014,0.093156,48,17,9905158854461846336
growth-nutrient-off,117,0.262044,-0.001660,0.008543,48,14,16576533586703121614
growth-nutrient-off,118,0.385663,-0.027630,0.163065,48,19,6856595381790712230
growth-nutrient-off,119,0.298171,-0.045783,0.104632,48,16,13332173051877003450
growth-nutrient-off,120,0.314363,-0.036720,0.071096,48,16,14245720218801180953
growth-nutrient-off,121,0.261828,-0.008210,0.054237,48,15,7288253125710198697
growth-nutrient-off,122,0.342633,0.008063,0.169958,48,18,11498243163001650203
growth-nutrient-off,123,0.278520,0.015455,0.035821,48,18,10747604339194245044
growth-nutrient-off,124,0.316843,0.003104,0.115420,48,20,7932519869269842974
growth-nutrient-off,125,0.341896,0.026108,0.127656,48,15,9183546804876381078
growth-nutrient-off,126,0.372135,-0.028166,0.141241,48,17,8960924820531155153
growth-nutrient-off,127,0.322401,0.023121,0.124484,48,16,14479786594046409502
growth-nutrient-off,128,0.311109,0.066193,0.125761,48,18,8474735161184566143
growth-nutrient-off,129,0.318132,0.137176,0.134431,48,17,14877013011868316913
growth-nutrient-off,130,0.339782,-0.043548,0.211578,48,17,7299379104634740321
growth-nutrient-off,131,0.325881,0.012089,0.114489,48,17,3309235869410381435
growth-nutrient-off,132,0.326700,0.013505,0.076498,48,13,5007730036620944412
growth-nutrient-off,133,0.269827,0.022591,0.061624,48,17,3430748836424139614
growth-nutrient-off,134,0.289683,-0.044015,0.082700,48,15,15888113922858229975
growth-nutrient-off,135,0.309553,-0.061929,0.100170,48,16,2258035264229673343
growth-nutrient-off,136,0.389676,-0.027030,0.154436,48,17,17822957712476274023
growth-nutrient-off,137,0.312695,-0.069143,0.055594,48,15,9780746662105859782
growth-nutrient-off,138,0.417887,0.059367,0.208355,48,19,17363636668653720751
growth-nutrient-off,139,0.335673,-0.002504,0.165628,48,16,7785509860911382191
growth-nutrient-off,140,0.344679,-0.016240,0.134381,48,17,370144518913175347
growth-nutrient-off,141,0.311235,0.035562,0.100300,48,15,17983387668894815715
growth-nutrient-off,142,0.421524,0.119964,0.130424,48,19,8867934973183836184
growth-nutrient-off,143,0.375109,-0.106028,0.178093,48,21,18108284541733940075
growth-nutrient-off,144,0.361774,-0.031969,0.107487,48,16,13267693250306844892
growth-nutrient-off,145,0.391432,0.028733,0.113000,48,17,14779006519183401979
growth-nutrient-off,146,0.275997,-0.009587,0.055572,48,15,5795686085350864685
growth-nutrient-off,147,0.290823,0.016243,0.106799,48,16,9731568244525502887
growth-nutrient-off,148,0.357067,-0.050373,0.103504,48,16,1150579626291638972
growth-nutrient-off,149,0.346681,0.027492,0.130297,48,19,16666845307915949319
growth-nutrient-off,150,0.372452,0.036613,0.177467,48,17,4060568250146254126
growth-nutrient-off,151,0.355417,-0.039862,0.114695,48,19,12903919654750854035
growth-nutrient-off,152,0.308255,-0.067272,0.125729,48,16,16623415877357690522
growth-nutrient-off,153,0.367847,-0.015001,0.133703,48,18,15754007040509688733
growth-nutrient-off,154,0.304613,0.014893,0.113876,48,16,5712654225150864582
growth-nutrient-off,155,0.309304,0.001566,0.149439,48,17,13963772749910672969
growth-nutrient-off,156,0.434601,0.038516,0.145198,48,17,5035569822192866851
growth-nutrient-off,157,0.307838,-0.134670,0.128047,48,18,12437055520153524444
growth-nutrient-off,158,0.339009,0.013554,0.122292,48,15,3437968332758757342
growth-nutrient-off,159,0.312390,0.072164,0.091258,48,16,8980872362751214011
growth-nutrient-off,160,0.300947,0.032480,0.055208,48,17,8386341732025550645
growth-nutrient-off,161,0.302594,0.020487,0.083488,48,14,7665027201769651468
growth-nutrient-on,42,0.362370,0.001414,0.140236,48,16,2491628063253845522
growth-nutrient-on,43,0.317279,0.135279,0.117044,48,16,4378401626740347654
growth-nutrient-on,44,0.306660,-0.042819,0.095825,48,16,18150436004267142997
growth-nutrient-on,45,0.331288,-0.006076,0.111271,48,16,15423709751914685145
growth-nutrient-on,46,0.292135,0.005460,0.091441,48,17,2624120437801069992
growth-nutrient-on,47,0.400488,0.004021,0.195819,48,18,7430416697321764098
growth-nutrient-on,48,0.255409,-0.089378,0.074693,48,16,456376786535806776
growth-nutrient-on,49,0.307670,0.028817,0.091383,48,17,6757111362366475352
growth-nutrient-on,50,0.332868,-0.024005,0.100096,48,16,12506225309674385281
growth-nutrient-on,51,0.332541,-0.022003,0.150676,48,16,13895023054531773732
growth-nutrient-on,52,0.316312,0.000052,0.080388,48,16,715621098071710211
growth-nutrient-on,53,0.328861,-0.010233,0.083658,48,15,8447143038274700467
growth-nutrient-on,54,0.340311,0.061658,0.137287,48,18,12886697976598847474
growth-nutrient-on,55,0.241071,0.040364,0.038175,48,13,12968581889359848025
growth-nutrient-on,56,0.344115,-0.006536,0.098559,48,14,17861489162502756875
growth-nutrient-on,57,0.388568,-0.019508,0.185314,48,19,4265202577982992931
growth-nutrient-on,58,0.401585,0.024995,0.181300,48,17,13009262898129509565
growth-nutrient-on,59,0.257277,-0.009328,0.086255,48,14,3362913217680253273
growth-nutrient-on,60,0.253096,-0.081932,0.029137,48,14,18349794438289629074
growth-nutrient-on,61,0.391418,0.034432,0.135035,48,20,10729888708798112246
growth-nutrient-on,62,0.280072,0.000310,0.044154,48,15,9213178073526329521
growth-nutrient-on,63,0.391680,-0.080119,0.209123,48,16,1234665085732356594
growth-nutrient-on,64,0.310385,-0.003316,0.128025,48,16,1692422147116679461
growth-nutrient-on,65,0.371783,-0.057705,0.179625,48,18,11895632345937849112
growth-nutrient-on,66,0.339164,-0.064662,0.121737,48,19,7974170726007445503
growth-nutrient-on,67,0.347503,-0.055646,0.107363,48,16,12470606019384073169
growth-nutrient-on,68,0.308599,-0.028649,0.070389,48,16,15204290425679295723
growth-nutrient-on,69,0.413237,0.009088,0.146456,48,18,13850187648498633620
growth-nutrient-on,70,0.349159,0.019979,0.141513,48,17,17088460877280614838
growth-nutrient-on,71,0.349281,-0.070481,0.163844,48,17,17382079008624306728
growth-nutrient-on,72,0.349372,-0.000079,0.095967,48,17,15104682897950326430
growth-nutrient-on,73,0.336864,0.004418,0.154124,48,20,14295442982184360916
growth-nutrient-on,74,0.318357,-0.050272,0.109433,48,20,16592657997328253371
growth-nutrient-on,75,0.360863,-0.043399,0.146627,48,19,3278068989876978314
growth-nutrient-on,76,0.349082,-0.030758,0.113147,48,16,9690158251006970571
growth-nutrient-on,77,0.370360,-0.006942,0.126673,48,18,6881690223218810984
growth-nutrient-on,78,0.372731,-0.002368,0.097497,48,16,16831064664393326850
growth-nutrient-on,79,0.415485,0.002812,0.137645,48,18,12022003716126272781
growth-nutrient-on,80,0.337922,0.031934,0.107277,48,17,8898141371209023992
growth-nutrient-on,81,0.395145,0.007608,0.171151,48,17,3606119161347769746
growth-nutrient-on,82,0.348550,-0.090672,0.159932,48,17,10919887382197320247
growth-nutrient-on,83,0.361058,-0.016474,0.159270,48,18,9897461334890407351
growth-nutrient-on,84,0.344755,-0.008558,0.076725,48,16,129168311399831813
growth-nutrient-on,85,0.388354,-0.001719,0.211673,48,19,1779705196860590795
growth-nutrient-on,86,0.257856,0.090293,0.086423,48,16,9570255410830634948
growth-nutrient-on,87,0.286535,0.004150,0.075338,48,16,8707524434998204344
growth-nutrient-on,88,0.321824,-0.003727,0.123406,48,16,6513849815373695716
growth-nutrient-on,89,0.399775,-0.014579,0.154084,48,19,12179872406948286606
growth-nutrient-on,90,0.384540,0.045300,0.197422,48,18,15658799520601179442
growth-nutrient-on,91,0.321387,0.012971,0.178001,48,17,1106203941246308978
growth-nutrient-on,92,0.367306,-0.025893,0.128535,48,18,3708614820313207521
growth-nutrient-on,93,0.304935,0.027407,0.123798,48,17,5841413282576600425
growth-nutrient-on,94,0.327689,-0.079934,0.065227,48,19,3493751508964894864
growth-nutrient-on,95,0.381758,0.019525,0.139631,48,18,3817725686453833342
growth-nutrient-on,96,0.296621,0.006019,0.061673,48,14,12680983026385640044
growth-nutrient-on,97,0.335455,0.064149,0.109435,48,15,3580160735056939420
growth-nutrient-on,98,0.300279,-0.030429,0.091301,48,15,8095296211438449076
growth-nutrient-on,99,0.305974,0.030675,0.049391,48,16,13466916068033020836
growth-nutrient-on,100,0.395733,0.014621,0.107131,48,17,14322991461446575967
growth-nutrient-on,101,0.377412,-0.159303,0.208479,48,20,13064964749012713482
growth-nutrient-on,102,0.316797,-0.018094,0.018633,48,14,5245601640102531649
growth-nutrient-on,103,0.301408,-0.026096,0.064777,48,17,1834576690640247394
growth-nutrient-on,104,0.367788,0.019986,0.173417,48,20,8315049227836274674
growth-nutrient-on,105,0.300361,0.043556,0.098334,48,16,6352520082312247357
growth-nutrient-on,106,0.324250,-0.020246,0.106179,48,19,12087485853399695878
growth-nutrient-on,107,0.292037,-0.001154,0.082851,48,16,15847111764831657957
growth-nutrient-on,108,0.317994,0.013804,0.114676,48,16,12890103269185284374
growth-nutrient-on,109,0.341393,0.020933,0.064478,48,19,15930009919248186606
growth-nutrient-on,110,0.298663,-0.001968,0.088013,48,13,225566624561733671
growth-nutrient-on,111,0.288941,0.077928,0.114705,48,15,4356960400600000535
growth-nutrient-on,112,0.360543,0.068768,0.127745,48,17,11710057764584382576
growth-nutrient-on,113,0.370839,-0.050697,0.149000,48,16,16508973247871457897
growth-nutrient-on,114,0.277074,-0.047849,0.066890,48,16,2418235683172715028
growth-nutrient-on,115,0.311743,-0.040783,0.109630,48,15,12394464727750854921
growth-nutrient-on,116,0.363765,-0.012231,0.118778,48,17,12876109644024904319
growth-nutrient-on,117,0.295587,-0.011780,0.066273,48,15,2550290070415364152
growth-nutrient-on,118,0.335218,-0.029422,0.132337,48,16,2964727225105091770
growth-nutrient-on,119,0.335419,0.007948,0.132527,48,16,11738405011936458107
growth-nutrient-on,120,0.300111,-0.026223,0.108239,48,19,5214894094969584277
growth-nutrient-on,121,0.299458,0.020568,0.133160,48,18,11776402267624001649
growth-nutrient-on,122,0.349705,0.024217,0.127825,48,18,16503933137431324653
growth-nutrient-on,123,0.347752,0.007745,0.108768,48,18,9882687638624786975
growth-nutrient-on,124,0.306499,0.054733,0.136643,48,19,9280885822434866756
growth-nutrient-on,125,0.362992,-0.041528,0.111184,48,15,2518718652776471212
growth-nutrient-on,126,0.375513,-0.032629,0.183882,48,19,15286468334935704288
growth-nutrient-on,127,0.358098,0.069417,0.177543,48,20,17048315441181837579
growth-nutrient-on,128,0.327685,0.019769,0.161275,48,15,4202261105151778868
growth-nutrient-on,129,0.308583,0.052659,0.081102,48,15,8343122013229197366
growth-nutrient-on,130,0.345969,-0.050357,0.112399,48,16,17529274316130175407
growth-nutrient-on,131,0.376044,0.002474,0.129165,48,16,6198744447939947062
growth-nutrient-on,132,0.281909,0.027720,0.011083,48,14,7510770908968235472
growth-nutrient-on,133,0.262170,-0.053192,0.057954,48,16,641665974937171901
growth-nutrient-on,134,0.282652,0.001490,0.110372,48,15,12466154384060708537
growth-nutrient-on,135,0.309197,0.007921,0.069212,48,17,10670848366266559587
growth-nutrient-on,136,0.309844,0.038698,0.102571,48,15,15625317565834576586
growth-nutrient-on,137,0.283067,-0.081137,0.095233,48,15,12586027864739060447
growth-nutrient-on,138,0.415183,0.059575,0.200589,48,20,16543613816085755021
growth-nutrient-on,139,0.272868,-0.044392,0.100456,48,18,13137565180323778869
growth-nutrient-on,140,0.349860,0.006382,0.114244,48,15,6939920584831839332
growth-nutrient-on,141,0.340375,0.016750,0.093373,48,15,13913165524503080183
growth-nutrient-on,142,0.361707,0.108687,0.118869,48,19,5916896132598078498
growth-nutrient-on,143,0.345169,-0.051467,0.174751,48,17,10097061832768734447
growth-nutrient-on,144,0.290737,0.003730,0.106901,48,16,1728562733674420449
growth-nutrient-on,145,0.392153,0.039572,0.156691,48,17,1070293356975270915
growth-nutrient-on,146,0.304423,0.030295,0.078364,48,15,3957744522906197447
growth-nutrient-on,147,0.297176,0.021197,0.094483,48,16,635812971358838899
growth-nutrient-on,148,0.291258,0.021148,0.136838,48,17,18070989667724420068
growth-nutrient-on,149,0.253938,0.070257,0.117846,48,17,2015386442065556946
growth-nutrient-on,150,0.356942,-0.084554,0.098682,48,16,12234294121390568944
growth-nutrient-on,151,0.363431,-0.015908,0.069311,48,16,3579833705783976309
growth-nutrient-on,152,0.351822,-0.052786,0.104143,48,17,10232200063249990154
growth-nutrient-on,153,0.307405,-0.043850,0.076146,48,14,2041635873309694351
growth-nutrient-on,154,0.289607,-0.040395,0.076984,48,16,7580437850519760279
growth-nutrient-on,155,0.358544,0.001544,0.112628,48,20,8082903016573013937
growth-nutrient-on,156,0.315175,0.033161,0.129254,48,16,6519837814960818098
growth-nutrient-on,157,0.300415,-0.070677,0.123119,48,18,8912263580595566895
growth-nutrient-on,158,0.404140,0.018842,0.124276,48,20,16549143224563189341
growth-nutrient-on,159,0.280706,0.003662,0.026422,48,16,9204288883531457061
growth-nutrient-on,160,0.311189,-0.037042,0.104695,48,16,3149356900999416205
growth-nutrient-on,161,0.324946,0.037809,0.070787,48,15,12772275814342598449
establishment-off,42,0.328105,-0.011564,0.116410,48,22,11862409345972556641
establishment-off,43,0.371519,-0.002314,0.110256,48,17,15402158867848546054
establishment-off,44,0.349477,0.020719,0.097678,48,19,17730133777739587072
establishment-off,45,0.338892,0.016315,0.132951,48,16,6349027383440053815
establishment-off,46,0.289081,0.031862,0.149589,48,19,1685484144079004817
establishment-off,47,0.386866,0.113167,0.202295,48,19,7924984452285535937
establishment-off,48,0.319750,-0.187665,0.130469,48,19,9229087992533249666
establishment-off,49,0.301821,0.045851,0.151359,48,17,17106152024976473941
establishment-off,50,0.305284,-0.022636,0.071444,48,14,13391269133109142525
establishment-off,51,0.312125,0.031997,0.102850,48,16,9775377569095239792
establishment-off,52,0.301635,0.017084,0.122528,48,17,13595147005549346675
establishment-off,53,0.402626,0.021832,0.188779,48,17,4613102090378850168
establishment-off,54,0.314190,0.024624,0.080701,48,15,9808508421841680220
establishment-off,55,0.282641,0.029045,0.149568,48,17,3786001077591415483
establishment-off,56,0.342041,0.034223,0.104516,48,15,2371336054022496094
establishment-off,57,0.377939,-0.030310,0.182264,48,20,17860504017953333601
establishment-off,58,0.331410,-0.034504,0.073262,48,16,9700747691465195337
establishment-off,59,0.385029,0.013120,0.170774,48,19,9363590606081946994
establishment-off,60,0.323119,-0.038710,0.021516,48,16,15054852436576725281
establishment-off,61,0.316602,0.139762,0.143322,48,17,1968575668116482053
establishment-off,62,0.295840,-0.029853,0.107216,48,15,7923957000046022504
establishment-off,63,0.322012,-0.012881,0.134923,48,15,7439815623597456573
establishment-off,64,0.307146,-0.082185,0.108720,48,18,14772196794030394588
establishment-off,65,0.375121,0.027241,0.089984,48,16,13256517214663226090
establishment-off,66,0.283108,-0.036971,0.084960,48,17,8201865749837805319
establishment-off,67,0.346531,0.040743,0.108162,48,17,15718811072709952298
establishment-off,68,0.284164,0.018170,0.085473,48,15,16534430080036723108
establishment-off,69,0.351707,-0.006616,0.098737,48,18,1870987866855025573
establishment-off,70,0.352692,-0.074543,0.091560,48,15,2223668373148549422
establishment-off,71,0.340152,-0.009873,0.155446,48,15,7798709923232852084
establishment-off,72,0.375636,0.047790,0.179346,48,19,5193856590028377294
establishment-off,73,0.369684,0.015481,0.146038,48,17,2837747113053296574
establishment-off,74,0.271520,0.032363,0.040758,48,16,16927971428901665093
establishment-off,75,0.355350,0.045878,0.106216,48,18,17086686571719698235
establishment-off,76,0.298331,0.018090,0.054328,48,18,5281792206208642381
establishment-off,77,0.341261,0.016574,0.183077,48,18,8975261892789683463
establishment-off,78,0.294131,0.063347,0.085631,48,18,16563345182229754337
establishment-off,79,0.387750,-0.027569,0.188534,48,16,11986278684702889831
establishment-off,80,0.325109,-0.052468,0.148436,48,20,15036441267749872634
establishment-off,81,0.371461,0.015295,0.171057,48,16,5994361073669702415
establishment-off,82,0.422196,0.034232,0.345654,48,20,17878537698467942447
establishment-off,83,0.368740,0.067357,0.094534,48,17,8429561249108916702
establishment-off,84,0.369922,0.046673,0.146048,48,19,3633694086823434209
establishment-off,85,0.378949,-0.007447,0.140807,48,19,1257988520160806828
establishment-off,86,0.262658,0.000656,0.078347,48,12,14693059985358579831
establishment-off,87,0.304355,-0.015561,0.128169,48,16,9081455684568393034
establishment-off,88,0.318837,0.067606,0.099139,48,17,6522064445996753296
establishment-off,89,0.324712,0.023014,0.120673,48,16,2985413721226534298
establishment-off,90,0.367435,-0.051386,0.129024,48,17,9482273883074933158
establishment-off,91,0.359572,0.001896,0.109093,48,16,9357256471728811597
establishment-off,92,0.364103,-0.010872,0.118164,48,16,5699869564482265848
establishment-off,93,0.399712,0.000842,0.181139,48,17,15745961186637276416
establishment-off,94,0.241175,-0.014125,0.010121,48,18,9844832604590671468
establishment-off,95,0.369874,0.009842,0.087693,48,18,5520476222052027325
establishment-off,96,0.342864,0.003618,0.066313,48,15,2335737334426049366
establishment-off,97,0.343406,0.000229,0.129047,48,19,6725425028648182092
establishment-off,98,0.280701,0.008981,0.052708,48,18,7421569105674925176
establishment-off,99,0.255542,0.040807,0.022852,48,16,8093391518336236513
establishment-off,100,0.284162,0.011581,0.070102,48,14,8076924150729921380
establishment-off,101,0.234150,-0.003261,-0.000753,48,17,17173256607919202112
establishment-off,102,0.308734,-0.011201,0.087283,48,18,15342776801388216999
establishment-off,103,0.355034,0.056022,0.156566,48,16,6167994798377000132
establishment-off,104,0.338257,0.004878,0.125928,48,17,16402740531373910843
establishment-off,105,0.299247,-0.042948,0.133786,48,18,17969933746237846189
establishment-off,106,0.410173,0.012521,0.142272,48,16,1712035182308467667
establishment-off,107,0.311584,0.048119,0.087473,48,15,11666879922218677563
establishment-off,108,0.366364,-0.013398,0.106516,48,18,13173375336933660613
establishment-off,109,0.323601,-0.024931,0.042724,48,20,13902300934817854167
establishment-off,110,0.346937,0.059693,0.131136,48,15,3660564731966521432
establishment-off,111,0.349477,-0.023773,0.185392,48,18,12091244777052512285
establishment-off,112,0.322235,-0.063582,0.133120,48,16,10581065488640003495
establishment-off,113,0.332502,-0.017967,0.115148,48,16,4391857600698396000
establishment-off,114,0.333595,0.051026,0.112909,48,15,4917555187756652304
establishment-off,115,0.307661,0.033459,0.088674,48,16,12541506446848896326
establishment-off,116,0.313368,0.024038,0.093156,48,17,2878358734006919136
establishment-off,117,0.262044,0.019535,0.008543,48,14,7498233919174120788
establishment-off,118,0.385663,-0.101539,0.163065,48,19,8166893388408598167
establishment-off,119,0.298171,0.060331,0.104632,48,16,6824965467020900217
establishment-off,120,0.314363,-0.056688,0.071096,48,16,10839188419781384400
establishment-off,121,0.261828,0.025786,0.054237,48,15,11602692034052369061
establishment-off,122,0.342633,-0.033860,0.169958,48,18,9657243061550269184
establishment-off,123,0.278520,0.045910,0.035821,48,18,11309680639714185726
establishment-off,124,0.316843,0.034294,0.115420,48,20,16553393193765629336
establishment-off,125,0.341896,-0.003891,0.127656,48,15,1140641415491167860
establishment-off,126,0.372135,-0.008863,0.141241,48,17,4454015150806808830
establishment-off,127,0.322401,0.019468,0.124484,48,16,3084981310276565541
establishment-off,128,0.311109,-0.064994,0.125761,48,18,15043166274672138014
establishment-off,129,0.318132,0.024441,0.134431,48,17,2524309793136492521
establishment-off,130,0.339782,-0.068188,0.211578,48,17,14631916260523914106
establishment-off,131,0.325881,-0.002090,0.114489,48,17,9730757880966191508
establishment-off,132,0.326700,0.006435,0.076498,48,13,3129111399370214915
establishment-off,133,0.269827,0.075284,0.061624,48,17,1459254437944039246
establishment-off,134,0.289683,-0.019782,0.082700,48,15,16395288701461695995
establishment-off,135,0.309553,-0.003935,0.100170,48,16,16429727994734697400
establishment-off,136,0.389676,-0.038299,0.154436,48,17,15879359469170529485
establishment-off,137,0.312695,0.006215,0.055594,48,15,10292843660828571824
establishment-off,138,0.417887,-0.005948,0.208355,48,19,16396754167910838302
establishment-off,139,0.335673,0.007682,0.165628,48,16,8096888995605795000
establishment-off,140,0.344679,-0.039457,0.134381,48,17,9377729858367672371
establishment-off,141,0.311235,-0.013534,0.100300,48,15,992820337463163268
establishment-off,142,0.421524,-0.134485,0.130424,48,19,16787870170843378104
establishment-off,143,0.375109,-0.095693,0.178093,48,21,16246976037378196405
establishment-off,144,0.361774,-0.016514,0.107487,48,16,11934080420825394073
establishment-off,145,0.391432,0.018780,0.113000,48,17,10751533097723586559
establishment-off,146,0.275997,-0.008793,0.055572,48,15,16023630445617330927
establishment-off,147,0.290823,-0.017769,0.106799,48,16,6534502905941234370
establishment-off,148,0.357067,0.019200,0.103504,48,16,3923065765098109623
establishment-off,149,0.346681,0.030506,0.130297,48,19,10611689174107771110
establishment-off,150,0.372452,0.092554,0.177467,48,17,1773670361285082721
establishment-off,151,0.355417,0.076665,0.114695,48,19,14218713901378369439
establishment-off,152,0.308255,-0.053060,0.125729,48,16,17728006571711510751
establishment-off,153,0.367847,0.001612,0.133703,48,18,6439481431837091207
establishment-off,154,0.304613,0.007200,0.113876,48,16,6890709323122141389
establishment-off,155,0.309304,0.015170,0.149439,48,17,2364903281666917212
establishment-off,156,0.434601,-0.043602,0.145198,48,17,4322392048237797184
establishment-off,157,0.307838,0.040102,0.128047,48,18,16164042722643707461
establishment-off,158,0.339009,-0.081397,0.122292,48,15,10364993461360305019
establishment-off,159,0.312390,0.036273,0.091258,48,16,5619734727802625312
establishment-off,160,0.300947,-0.021660,0.055208,48,17,11737662069207914911
establishment-off,161,0.302594,0.037667,0.083488,48,14,8013265217016831308
establishment-on,42,0.322605,-0.009092,0.177147,48,16,11139077527569989382
establishment-on,43,0.236367,-0.060376,0.164171,48,15,15530544633525721109
establishment-on,44,0.270144,0.003106,0.119065,48,19,575048288748741338
establishment-on,45,0.303154,-0.004587,0.109190,48,15,12821871130240041848
establishment-on,46,0.254903,-0.010005,0.081271,48,16,7435860505916088292
establishment-on,47,0.326946,0.052301,0.173276,48,19,12712042197463949504
establishment-on,48,0.286822,-0.015220,0.090036,48,18,14375896568301518068
establishment-on,49,0.266449,-0.007317,0.120474,48,15,8916424355226604350
establishment-on,50,0.299125,0.008027,0.111304,48,15,15597908226250832545
establishment-on,51,0.281104,-0.013242,0.140249,48,14,12723047275260949451
establishment-on,52,0.251945,-0.001748,0.027733,48,15,11268257822728882765
establishment-on,53,0.324695,-0.051378,0.128502,48,16,11859836586872635033
establishment-on,54,0.276748,0.011210,0.078766,48,16,4434532630167288742
establishment-on,55,0.261595,-0.055708,0.099755,48,16,1536119066254627180
establishment-on,56,0.318623,0.044339,0.197857,48,19,3016654777290099099
establishment-on,57,0.291846,0.052366,0.127713,48,19,8873648577115901549
establishment-on,58,0.240315,-0.037889,0.049822,48,13,9976378651677441618
establishment-on,59,0.260563,0.001843,0.084125,48,15,7014012563560945274
establishment-on,60,0.266438,0.039225,0.100561,48,17,398193381227474464
establishment-on,61,0.276621,-0.006691,0.111493,48,17,511951166858015084
establishment-on,62,0.253841,-0.005839,0.073785,48,15,2882010976183628461
establishment-on,63,0.251125,0.038566,0.155577,48,15,2521349302723580356
establishment-on,64,0.325909,-0.052486,0.184151,48,18,3397736425428018008
establishment-on,65,0.281266,-0.022699,0.129485,48,19,6060500766487379304
establishment-on,66,0.268466,-0.006186,0.053841,48,18,10028796160825866277
establishment-on,67,0.286218,-0.025555,0.153944,48,15,5843230682626181241
establishment-on,68,0.266658,-0.034518,0.109316,48,15,3403224563949429542
establishment-on,69,0.242304,-0.019576,0.088418,48,16,1849502097204040071
establishment-on,70,0.253122,-0.129125,0.103049,48,17,15182406228575322091
establishment-on,71,0.272583,-0.039067,0.106877,48,16,5596510757525658087
establishment-on,72,0.284108,0.089379,0.145099,48,16,18232230969254310581
establishment-on,73,0.349458,-0.131634,0.215696,48,18,2008736117563888606
establishment-on,74,0.246155,0.076271,0.059798,48,16,17787666644848637119
establishment-on,75,0.276554,-0.125361,0.138414,48,16,5926055663783089978
establishment-on,76,0.249102,0.124799,0.118813,48,16,6549472405122036921
establishment-on,77,0.238671,-0.072892,0.102742,48,16,11396184144222201261
establishment-on,78,0.287194,0.036648,0.078440,48,15,7336778056580163876
establishment-on,79,0.302434,-0.015100,0.093089,48,19,11279699643507681666
establishment-on,80,0.264132,-0.034780,0.058512,48,15,1810445497034844839
establishment-on,81,0.290783,-0.010633,0.151250,48,20,8870540524901187753
establishment-on,82,0.360583,-0.000075,0.186395,48,19,16254500108142612105
establishment-on,83,0.242895,-0.036686,0.085429,48,14,7686836042759498985
establishment-on,84,0.318541,-0.061055,0.140045,48,17,13183070346544848707
establishment-on,85,0.246006,0.027683,0.093928,48,15,11684915164909462806
establishment-on,86,0.261344,-0.062055,0.168398,48,14,61207977273087471
establishment-on,87,0.256768,-0.080643,0.064036,48,18,17500999816519957061
establishment-on,88,0.244420,-0.028251,0.091814,48,17,10887096931021645573
establishment-on,89,0.240786,-0.013098,0.057704,48,14,756939896610967046
establishment-on,90,0.238642,-0.043540,0.069048,48,14,18332618460824362353
establishment-on,91,0.297744,0.001785,0.142110,48,17,13075470403960113856
establishment-on,92,0.274096,0.007930,0.078178,48,16,8952071073805910967
establishment-on,93,0.294667,-0.004813,0.141764,48,14,15006112501412032636
establishment-on,94,0.256447,-0.037386,0.082073,48,16,4580096986270261587
establishment-on,95,0.306564,0.005892,0.089961,48,18,15436096829583817108
establishment-on,96,0.224400,-0.024594,0.114501,48,15,16203970919872548403
establishment-on,97,0.396165,-0.027010,0.147979,48,18,9711891960043573454
establishment-on,98,0.324685,-0.056501,0.144905,48,17,18190357427290179808
establishment-on,99,0.288168,0.040008,0.110394,48,16,8834828649119958058
establishment-on,100,0.289881,-0.072046,0.090350,48,16,11622648419141240822
establishment-on,101,0.249952,-0.033977,0.082058,48,14,8706772048217150567
establishment-on,102,0.244714,0.031102,0.066394,48,16,18146006652707581416
establishment-on,103,0.276257,-0.009793,0.156615,48,15,12360636328666308777
establishment-on,104,0.287179,-0.013656,0.108800,48,16,3045707969061171145
establishment-on,105,0.284360,-0.014937,0.091756,48,17,4733335501217822757
establishment-on,106,0.233928,-0.006526,0.094728,48,15,17642462520973701344
establishment-on,107,0.284967,0.051891,0.133193,48,16,9156053884086541006
establishment-on,108,0.262678,-0.002840,0.097706,48,16,4789678427023619639
establishment-on,109,0.327363,-0.025360,0.113573,48,16,9450012625683148114
establishment-on,110,0.284729,-0.001373,0.074652,48,14,7350097151030518645
establishment-on,111,0.330280,0.011187,0.115949,48,15,16853459590020539860
establishment-on,112,0.328318,-0.043796,0.129096,48,18,17792666062297534053
establishment-on,113,0.260439,-0.044589,0.105254,48,15,16342379039354940805
establishment-on,114,0.307797,-0.005722,0.085782,48,16,11831430869334622219
establishment-on,115,0.239804,-0.085237,0.055885,48,15,10549001696140231256
establishment-on,116,0.301716,-0.157065,0.126884,48,17,3516202112540647642
establishment-on,117,0.330921,-0.044672,0.242291,48,20,13588252414186818873
establishment-on,118,0.259717,-0.086876,0.147445,48,17,186668297456757585
establishment-on,119,0.305787,-0.000222,0.131110,48,15,17587340278029175239
establishment-on,120,0.249900,0.019950,0.041276,48,16,1805450996540805279
establishment-on,121,0.225618,0.087693,0.074778,48,15,9774700674170153124
establishment-on,122,0.231522,0.036450,0.066571,48,13,13493111700495257111
establishment-on,123,0.272874,0.018908,0.077405,48,13,5566653104068820922
establishment-on,124,0.246232,0.004256,0.092278,48,18,3753641972661486979
establishment-on,125,0.245303,-0.036077,0.094268,48,17,1661658419790495598
establishment-on,126,0.276383,0.005769,0.139429,48,17,16306436751256026811
establishment-on,127,0.257846,0.114248,0.133440,48,16,376096666592894029
establishment-on,128,0.231305,0.075727,0.137877,48,20,12310708559481721122
establishment-on,129,0.309411,0.082526,0.136129,48,15,98481012307242407
establishment-on,130,0.250909,0.006155,0.037648,48,15,270636021507226730
establishment-on,131,0.240645,0.019683,0.107235,48,17,10268100276108813612
establishment-on,132,0.242149,0.028308,0.027628,48,13,13600070106131312267
establishment-on,133,0.270670,0.102278,0.060898,48,17,6054049913612418027
establishment-on,134,0.300232,-0.136063,0.180828,48,18,18199318525960846362
establishment-on,135,0.256582,0.022469,0.077303,48,15,4252369091956562272
establishment-on,136,0.229643,-0.098283,0.114790,48,14,3901710387857378520
establishment-on,137,0.251515,-0.000246,0.072871,48,15,948824072155949688
establishment-on,138,0.302163,-0.016222,0.105155,48,18,4033765271747668262
establishment-on,139,0.253854,-0.066753,0.149030,48,16,10053244903852607577
establishment-on,140,0.297200,-0.056592,0.189549,48,18,6581532757953252252
establishment-on,141,0.282762,0.023888,0.052061,48,19,6261890289948209091
establishment-on,142,0.275857,-0.048787,0.070917,48,14,8277126217104878530
establishment-on,143,0.312505,-0.012635,0.124468,48,18,15713734312374104461
establishment-on,144,0.241465,0.027033,0.103638,48,14,9212350069386740875
establishment-on,145,0.316281,-0.001459,0.139096,48,19,2208037687417092289
establishment-on,146,0.222533,0.023628,0.066515,48,15,6368373118971135985
establishment-on,147,0.288272,-0.055258,0.100488,48,17,3406149851197092843
establishment-on,148,0.288794,-0.056310,0.042688,48,14,10465810329693475161
establishment-on,149,0.278820,-0.068637,0.115738,48,18,11538899454573389337
establishment-on,150,0.297361,-0.006499,0.154845,48,16,5893338380777493415
establishment-on,151,0.255816,0.014228,0.055848,48,15,11026070096040872127
establishment-on,152,0.292596,0.010853,0.064732,48,15,13348969799910739135
establishment-on,153,0.301692,-0.047736,0.169944,48,16,16702304459565357961
establishment-on,154,0.230186,-0.097043,0.089826,48,14,5749487409075219007
establishment-on,155,0.281406,0.070960,0.253847,48,22,1611597420854316812
establishment-on,156,0.285332,0.014473,0.168956,48,18,4113470190079801912
establishment-on,157,0.223254,0.021088,0.072626,48,14,304248884284543830
establishment-on,158,0.340648,-0.028918,0.249349,48,22,11465260239329045818
establishment-on,159,0.217939,-0.054662,0.036717,48,16,16063250620190745650
establishment-on,160,0.350900,0.015171,0.207285,48,21,9690313878369998632
establishment-on,161,0.262367,-0.011307,0.087788,48,15,6099561371659106111
