arm,seed,mean_site_occupancy,seed_production_rate_delta,dispersal_delta,final_population,highest_plant_generation,state_hash
scarce-off,42,0.914926,-0.038267,0.111767,48,16,16665256016848518431
scarce-off,43,0.908101,-0.017829,0.078117,48,14,9974125532917181763
scarce-off,44,0.906988,-0.012267,0.101640,48,15,14276498029342957160
scarce-off,45,0.918238,0.055605,0.104562,48,18,2866320571492266390
scarce-off,46,0.892889,0.059041,-0.009993,48,15,16817289464861418778
scarce-off,47,0.907352,0.079390,0.114400,48,15,517754924753054934
scarce-off,48,0.917057,0.003138,0.146178,48,16,4240506787781906531
scarce-off,49,0.913460,-0.060247,0.097977,48,17,15443589269432483218
scarce-off,50,0.903022,0.002866,0.097010,48,19,17066080580284706517
scarce-off,51,0.910812,0.044961,0.139957,48,12,4327629812005007656
scarce-off,52,0.906723,-0.057164,0.061550,48,14,10642604779277720879
scarce-off,53,0.919691,-0.017721,0.122834,48,13,12871342665219898827
scarce-off,54,0.907869,0.022038,0.069750,48,14,9740744806622463611
scarce-off,55,0.900687,-0.123680,0.220815,48,17,1710353153756699140
scarce-off,56,0.916790,-0.009382,0.125638,48,16,12402801777748282657
scarce-off,57,0.908805,-0.198533,0.122186,48,19,7914214884660574999
scarce-off,58,0.903795,0.020910,0.023916,48,14,17126400491798122642
scarce-off,59,0.916900,0.015148,0.113154,48,17,13010190732761286052
scarce-off,60,0.901099,0.022998,0.011839,48,14,5978948496973557184
scarce-off,61,0.921441,-0.095971,0.208415,48,14,17094316832639370221
scarce-off,62,0.903607,-0.061734,-0.015262,48,16,15061340176211140885
scarce-off,63,0.903598,0.034922,0.093503,48,14,5921425226166732947
scarce-off,64,0.907483,-0.025654,0.027989,48,15,18089017604341822991
scarce-off,65,0.889859,-0.094822,0.139098,48,15,789905244028171233
scarce-off,66,0.906369,-0.047981,-0.006486,48,14,11376521479433592502
scarce-off,67,0.914560,0.061649,0.132491,48,15,17818626614977058524
scarce-off,68,0.924271,0.033466,0.063599,48,13,7054616545543159909
scarce-off,69,0.916589,0.033789,0.096289,48,16,6941978346601449314
scarce-off,70,0.913174,-0.049940,0.068657,48,15,15392373866885146223
scarce-off,71,0.913599,-0.071950,0.127275,48,16,15317882281729504446
scarce-off,72,0.904776,0.047898,0.106050,48,17,8660973724180786511
scarce-off,73,0.913049,-0.112742,0.108441,48,14,12512576722849562003
scarce-off,74,0.917830,0.037596,0.150977,48,16,16275550667628752607
scarce-off,75,0.906100,0.166709,0.022014,48,16,12877678890332083148
scarce-off,76,0.905819,-0.024848,0.023689,48,16,1423219391472907208
scarce-off,77,0.899162,-0.034239,-0.033843,48,16,8234642169711090111
scarce-off,78,0.902140,0.051534,0.093230,48,15,8794515956767848988
scarce-off,79,0.917949,0.022189,0.058450,48,15,9514346689751356660
scarce-off,80,0.893750,0.093608,0.095904,48,14,1311946133407263941
scarce-off,81,0.912123,0.114761,0.115528,48,16,15233015186095002248
scarce-off,82,0.909010,0.047230,0.137348,48,17,7219194903019779307
scarce-off,83,0.903503,0.076984,0.088307,48,17,14453435046044608088
scarce-off,84,0.920946,-0.032811,0.110837,48,15,17770273763368341226
scarce-off,85,0.919854,0.073884,0.114526,48,15,6560133794909291847
scarce-off,86,0.910822,0.092435,0.062982,48,15,8573201125852119133
scarce-off,87,0.895585,0.043655,-0.001093,48,14,18114195642353936087
scarce-off,88,0.905138,-0.069848,0.107071,48,15,10042026396051723342
scarce-off,89,0.896579,0.017645,0.128709,48,13,15616151085901477306
scarce-off,90,0.901304,0.005598,0.007294,48,14,14851291776001556787
scarce-off,91,0.918998,-0.122961,0.170895,48,14,12637231489040791735
scarce-off,92,0.907276,0.113946,0.194726,48,17,15200633716451189009
scarce-off,93,0.893951,0.051715,0.073704,48,13,9630812482145056275
scarce-off,94,0.896536,-0.063870,0.007044,48,14,5246045678407180525
scarce-off,95,0.909485,0.041376,0.083218,48,14,4422080213501218256
scarce-off,96,0.909226,0.099634,0.080309,48,14,16279038286672265049
scarce-off,97,0.915322,-0.065731,0.106266,48,15,1661894187049445917
scarce-off,98,0.901642,0.000498,0.091820,48,11,12038571935460488091
scarce-off,99,0.920682,-0.038047,0.042918,48,13,2797415932266064421
scarce-off,100,0.891918,-0.033211,-0.051831,48,15,7369878370011993470
scarce-off,101,0.909073,0.002040,0.144607,48,17,14807938768631158553
scarce-off,102,0.916917,-0.121751,0.001640,48,14,13321358308567871012
scarce-off,103,0.907437,-0.035717,0.015346,48,15,2041535101186768431
scarce-off,104,0.908198,0.032305,0.071616,48,17,3753520921174155174
scarce-off,105,0.903857,-0.068342,0.053398,48,15,3334925708851614173
scarce-off,106,0.897895,0.043060,0.077984,48,14,4432313661765180701
scarce-off,107,0.918531,-0.002299,0.037715,48,16,4058944048969699284
scarce-off,108,0.907265,0.001402,0.101665,48,14,6945010336551668851
scarce-off,109,0.904296,0.137403,0.054258,48,16,9477920242540688665
scarce-off,110,0.894764,-0.035040,0.064936,48,16,15242350423512448830
scarce-off,111,0.916086,0.097860,0.079543,48,15,9373480808171825802
scarce-off,112,0.919891,0.003978,0.085799,48,15,6931476881313096946
scarce-off,113,0.913476,0.140451,0.088387,48,15,14695191287003975490
scarce-off,114,0.901780,-0.133567,0.075473,48,14,354184531694142827
scarce-off,115,0.897571,-0.009249,0.026059,48,15,18400720869402184493
scarce-off,116,0.908031,0.029871,0.107968,48,13,9325068356217274354
scarce-off,117,0.909997,0.120679,0.135579,48,15,4140623632692701294
scarce-off,118,0.905483,-0.010801,0.051862,48,14,4457452135202776293
scarce-off,119,0.915755,0.056222,0.155332,48,15,4456317823580659031
scarce-off,120,0.907982,0.059908,0.008020,48,14,10509129699549349040
scarce-off,121,0.906778,-0.005809,0.045848,48,14,8276470384100453536
scarce-off,122,0.892902,0.031295,0.116632,48,16,9268577802247884104
scarce-off,123,0.905259,-0.028471,0.036665,48,15,11527521460901823402
scarce-off,124,0.914990,0.056475,0.148767,48,18,1504327331010123054
scarce-off,125,0.910050,-0.105229,0.030064,48,15,12358025986909194275
scarce-off,126,0.903230,0.021145,0.212067,48,18,4170506037036331785
scarce-off,127,0.917897,0.101904,0.031630,48,17,10276700626385578429
scarce-off,128,0.909294,0.055666,0.065871,48,16,763771230646286069
scarce-off,129,0.901222,-0.034426,0.013434,48,16,3019329188754039841
scarce-off,130,0.896850,0.100104,-0.028989,48,16,4172323768421363737
scarce-off,131,0.909093,0.000429,0.025788,48,14,17756557826087799154
scarce-off,132,0.909981,0.171078,0.090922,48,15,4033487136780964769
scarce-off,133,0.906703,-0.070533,0.109688,48,18,14850215153380203178
scarce-off,134,0.916158,-0.052498,0.063964,48,16,4195245772110743692
scarce-off,135,0.906015,0.010175,0.011651,48,15,1067573266407866049
scarce-off,136,0.909220,0.053450,0.072674,48,15,7166716875271015958
scarce-off,137,0.906514,0.074198,0.046722,48,15,7092045058137202704
scarce-off,138,0.916095,-0.045374,0.132099,48,15,1645701294365165721
scarce-off,139,0.914150,0.181663,0.192033,48,17,10164351028782589626
scarce-off,140,0.899835,-0.019912,0.038956,48,14,1077825282641275293
scarce-off,141,0.898464,0.089628,-0.003353,48,14,3531576469298008388
scarce-off,142,0.917282,0.055824,0.108778,48,15,12201676952414761140
scarce-off,143,0.921443,0.070904,0.165579,48,16,16225383945893781233
scarce-off,144,0.907775,-0.071184,-0.019921,48,15,11783426822182385082
scarce-off,145,0.911869,0.092960,0.225202,48,19,14959027146062800568
scarce-off,146,0.907066,0.040259,0.024663,48,14,15107028999029822698
scarce-off,147,0.895120,0.010727,0.046961,48,14,7488760992719764391
scarce-off,148,0.901163,0.045616,-0.003064,48,14,9591948605320316311
scarce-off,149,0.897493,0.008641,-0.065617,48,15,2477984170238846357
scarce-off,150,0.905165,0.089444,0.072481,48,17,10373938286690140196
scarce-off,151,0.910039,0.031877,0.012951,48,13,11829529250197901188
scarce-off,152,0.901655,0.107601,0.039272,48,17,7295024438034513717
scarce-off,153,0.907219,-0.112042,0.076507,48,14,18210549122662424635
scarce-off,154,0.896163,-0.019816,-0.022113,48,16,15190075985523551976
scarce-off,155,0.912190,-0.117582,0.109238,48,13,17059042162987327615
scarce-off,156,0.917333,0.064956,0.240478,48,16,11772300294628651504
scarce-off,157,0.907825,0.072201,0.102947,48,15,4734078969167353125
scarce-off,158,0.917048,-0.063524,0.064752,48,13,13132344364160714347
scarce-off,159,0.911508,-0.039615,0.012213,48,14,14859096896783421475
scarce-off,160,0.914011,-0.034482,0.093927,48,14,17176389481934210532
scarce-off,161,0.898130,-0.055780,0.009914,48,14,878167240928441319
scarce-on,42,0.908934,0.108296,0.094511,48,15,15373299847619322557
scarce-on,43,0.903096,0.036078,0.099414,48,15,18120135803722961636
scarce-on,44,0.913864,0.070158,0.076748,48,15,4869156891538983336
scarce-on,45,0.905537,0.068764,0.081185,48,14,10749805848628088319
scarce-on,46,0.894274,0.045646,0.090505,48,14,17288338085893364301
scarce-on,47,0.883749,-0.003349,0.049372,48,17,859065307294618789
scarce-on,48,0.910756,-0.012985,0.032648,48,16,4749923742677861975
scarce-on,49,0.906248,0.142752,0.113622,48,16,16411666803839737446
scarce-on,50,0.898391,-0.072467,0.039955,48,15,893120279869904015
scarce-on,51,0.912086,0.101142,0.270232,48,20,11830202494428515624
scarce-on,52,0.901609,0.028425,0.081662,48,13,15367546993280567222
scarce-on,53,0.889088,-0.000572,0.096650,48,16,1061329391317138670
scarce-on,54,0.900803,-0.004958,-0.012583,48,13,16328520544151173987
scarce-on,55,0.900697,0.032147,0.037969,48,15,16122524281413588702
scarce-on,56,0.914709,0.080037,0.105040,48,18,6429408383389858049
scarce-on,57,0.915052,0.098294,0.104155,48,17,17352964746509212876
scarce-on,58,0.902279,-0.086190,0.163536,48,13,16135610696803805180
scarce-on,59,0.916900,0.015148,0.113154,48,17,13010190732761286052
scarce-on,60,0.900876,0.090390,0.043106,48,15,16874311025930386540
scarce-on,61,0.900057,-0.043642,0.015818,48,17,16853397624221623914
scarce-on,62,0.895280,-0.030617,0.021667,48,17,16756843437780524638
scarce-on,63,0.889501,0.083541,0.007507,48,15,2981504307489179593
scarce-on,64,0.909778,-0.014597,0.049688,48,15,13861499437546132546
scarce-on,65,0.907686,-0.008092,0.194272,48,20,16440589562196717302
scarce-on,66,0.885099,0.063003,0.052670,48,17,15382985611476138308
scarce-on,67,0.909558,0.029211,0.011050,48,15,1644813241373340798
scarce-on,68,0.878796,0.031787,-0.068943,48,17,10507438948923659374
scarce-on,69,0.909478,0.162488,0.114119,48,14,8782410080798565921
scarce-on,70,0.907769,0.011279,0.020892,48,15,15179165937996400549
scarce-on,71,0.914495,0.018545,0.133445,48,13,7902879521297646774
scarce-on,72,0.914709,-0.059526,0.021223,48,16,234150977074684386
scarce-on,73,0.916096,-0.006070,0.042338,48,13,14650295937920087689
scarce-on,74,0.913384,0.110627,0.100123,48,15,75168545668063191
scarce-on,75,0.909001,0.033755,0.043124,48,12,5697509197904848347
scarce-on,76,0.900967,0.059431,-0.066803,48,19,10835108609941777596
scarce-on,77,0.897140,-0.036440,-0.046991,48,15,5115600528190041455
scarce-on,78,0.888158,0.040543,0.040401,48,14,915111688559782248
scarce-on,79,0.913373,0.139025,0.064947,48,16,17066283112683732646
scarce-on,80,0.889925,0.015534,-0.017919,48,16,9895364705908106619
scarce-on,81,0.899912,0.074733,0.110086,48,21,17000606537399762183
scarce-on,82,0.900531,0.013392,0.127041,48,16,1680278876962516920
scarce-on,83,0.920044,0.088154,0.127160,48,15,2912407584319955186
scarce-on,84,0.911855,-0.037183,0.107255,48,17,17001874475903196548
scarce-on,85,0.921302,0.113357,0.080610,48,12,456870802372488031
scarce-on,86,0.908940,0.083693,-0.004022,48,14,16943597376061967199
scarce-on,87,0.895813,-0.068554,0.079508,48,14,15341223330708880678
scarce-on,88,0.910480,0.033013,0.035222,48,15,9564644068021518215
scarce-on,89,0.896573,0.088283,0.084944,48,16,17117543570384494764
scarce-on,90,0.912762,0.002623,0.022051,48,13,12721858440097400793
scarce-on,91,0.903183,-0.064151,0.120458,48,14,1040828066227418013
scarce-on,92,0.915482,0.049062,0.058912,48,15,13158063893492367350
scarce-on,93,0.899931,0.000823,0.117925,48,15,7495308755178944665
scarce-on,94,0.899703,-0.037654,0.010226,48,18,6789916292142577914
scarce-on,95,0.907973,-0.017095,0.095878,48,15,8098551737542200441
scarce-on,96,0.909786,0.141601,0.079039,48,13,12601968888806932391
scarce-on,97,0.887205,-0.075264,0.102885,48,14,1148462683214533946
scarce-on,98,0.891027,-0.026045,0.085394,48,16,17350379343900701223
scarce-on,99,0.909706,0.068332,0.075297,48,15,16771021857107162840
scarce-on,100,0.889831,-0.072465,0.038361,48,13,10881995939815628935
scarce-on,101,0.903658,-0.028515,0.069778,48,16,672862191958992924
scarce-on,102,0.896441,-0.102189,0.036094,48,17,9818246160783598597
scarce-on,103,0.910113,0.085884,0.109347,48,18,5317238640879521436
scarce-on,104,0.912548,0.099241,-0.003639,48,15,13506963054430473313
scarce-on,105,0.898385,-0.001849,0.010521,48,16,6184263823467202664
scarce-on,106,0.901135,-0.025038,0.107305,48,15,4750007497640175418
scarce-on,107,0.901159,0.107563,0.052309,48,16,11263177009153830620
scarce-on,108,0.903459,-0.014586,0.163567,48,14,9003535689428524443
scarce-on,109,0.913597,0.265553,0.168687,48,17,12245529958774848143
scarce-on,110,0.903259,0.051662,0.106060,48,16,98351953919224408
scarce-on,111,0.907204,-0.057934,0.131719,48,16,12189005952979410026
scarce-on,112,0.906456,-0.010375,0.033362,48,14,3359678579411032390
scarce-on,113,0.906794,0.027794,0.012347,48,15,6762004625817709988
scarce-on,114,0.890746,-0.031906,-0.013146,48,15,6742214696560507923
scarce-on,115,0.911220,0.086040,0.088567,48,14,17255130251916274780
scarce-on,116,0.903730,0.007362,0.018245,48,18,4543197316667064571
scarce-on,117,0.891249,0.016988,0.095867,48,18,15542630176052799169
scarce-on,118,0.911302,0.081296,0.117038,48,13,4618254057403435218
scarce-on,119,0.910887,0.019582,0.024162,48,16,11342105376994169123
scarce-on,120,0.895622,-0.007316,-0.005554,48,17,2384451693459828566
scarce-on,121,0.905047,-0.025202,-0.019820,48,13,2650655412906783863
scarce-on,122,0.913801,0.000854,0.079416,48,19,2475810952617196856
scarce-on,123,0.915138,-0.053779,0.075667,48,14,14160746933629025461
scarce-on,124,0.905469,-0.002532,0.153154,48,14,6960916034739250486
scarce-on,125,0.891733,-0.117967,0.077938,48,19,12971035192589737413
scarce-on,126,0.904144,0.028360,0.109491,48,15,13280342188273777854
scarce-on,127,0.924703,0.003280,0.098759,48,16,18016405596426822393
scarce-on,128,0.906518,-0.008142,0.073496,48,17,14250950171833122921
scarce-on,129,0.909783,-0.023011,0.133967,48,18,14222120765906085950
scarce-on,130,0.898665,-0.029811,0.025492,48,16,8613660412261346261
scarce-on,131,0.908783,-0.023538,0.078460,48,14,4564060225116631691
scarce-on,132,0.912408,0.113570,0.016791,48,17,8916149797156039695
scarce-on,133,0.907219,0.022606,-0.008378,48,13,4862296312727741357
scarce-on,134,0.920198,0.142000,0.090222,48,13,9151834133756186434
scarce-on,135,0.901997,-0.070549,0.031388,48,15,1220623852508835028
scarce-on,136,0.909220,0.053450,0.072674,48,15,7166716875271015958
scarce-on,137,0.903883,0.137407,0.111733,48,14,2307648689564555919
scarce-on,138,0.912136,0.018352,0.167707,48,16,360303545716566368
scarce-on,139,0.910814,0.062179,0.131700,48,18,8461627367362012993
scarce-on,140,0.914353,-0.043371,-0.002781,48,17,11270189041595097762
scarce-on,141,0.899285,0.032125,-0.022569,48,15,8540506435600175731
scarce-on,142,0.896217,-0.054420,0.045510,48,14,11335824430811781240
scarce-on,143,0.902007,0.047712,0.039908,48,14,3288585064199276220
scarce-on,144,0.898100,0.010183,0.078231,48,15,374893270127027748
scarce-on,145,0.887428,0.009321,0.118515,48,14,13728267747166846755
scarce-on,146,0.896874,0.100085,0.096161,48,16,18422342897428303116
scarce-on,147,0.892291,-0.033190,0.064218,48,14,5396734108847340316
scarce-on,148,0.915529,-0.002290,0.089569,48,14,15402447014690850524
scarce-on,149,0.903933,-0.069099,0.092351,48,16,664195193567003429
scarce-on,150,0.896115,-0.144268,0.054799,48,17,9315449543273787647
scarce-on,151,0.903453,-0.036687,-0.010419,48,14,17290590836251882925
scarce-on,152,0.905679,0.098305,0.141585,48,17,5844918091466126917
scarce-on,153,0.897012,-0.003166,-0.004140,48,16,10247754069532350369
scarce-on,154,0.882268,-0.007085,0.016150,48,16,17428866139819581776
scarce-on,155,0.909633,-0.047949,0.056701,48,14,17797849602347262418
scarce-on,156,0.918865,0.046297,0.115761,48,14,7245616160141650374
scarce-on,157,0.911449,0.071435,0.010346,48,15,16009125011795571621
scarce-on,158,0.895614,0.045444,0.101542,48,15,275340965287939831
scarce-on,159,0.913242,-0.070411,0.058452,48,14,1907167306369198246
scarce-on,160,0.911795,-0.022626,0.001426,48,15,1757583621808233506
scarce-on,161,0.906163,-0.074232,0.140138,48,15,4179697850455677080
abundant-off,42,0.328105,0.037057,0.116410,48,22,14639017562879225240
abundant-off,43,0.371519,0.084106,0.110256,48,17,1370334835474072598
abundant-off,44,0.349477,-0.091661,0.097678,48,19,13126288768853782238
abundant-off,45,0.338892,0.027729,0.132951,48,16,5389548683112027182
abundant-off,46,0.289081,0.102371,0.149589,48,19,5647822780934092532
abundant-off,47,0.386866,-0.020122,0.202295,48,19,2619254328369846085
abundant-off,48,0.319750,-0.095858,0.130469,48,19,17218710142167017905
abundant-off,49,0.301821,-0.010682,0.151359,48,17,1514139461389195615
abundant-off,50,0.305284,0.028066,0.071444,48,14,8436822428318786731
abundant-off,51,0.312125,0.048288,0.102850,48,16,14276531567773635106
abundant-off,52,0.301635,0.028277,0.122528,48,17,6511138682789329600
abundant-off,53,0.402626,0.021993,0.188779,48,17,4583391894047441371
abundant-off,54,0.314190,0.043960,0.080701,48,15,16244407694173112036
abundant-off,55,0.282641,-0.083626,0.149568,48,17,6084888558611586474
abundant-off,56,0.342041,-0.026339,0.104516,48,15,4234668549807372258
abundant-off,57,0.377939,-0.082364,0.182264,48,20,11062682693501182257
abundant-off,58,0.331410,0.037911,0.073262,48,16,10395714382438496232
abundant-off,59,0.385029,0.025392,0.170774,48,19,8409390596595087762
abundant-off,60,0.323119,0.066302,0.021516,48,16,11369153277559529829
abundant-off,61,0.316602,0.060408,0.143322,48,17,5639946154411875150
abundant-off,62,0.295840,0.035271,0.107216,48,15,13103679187883429096
abundant-off,63,0.322012,-0.110713,0.134923,48,15,15270305599104832165
abundant-off,64,0.307146,0.055198,0.108720,48,18,12229849328849447361
abundant-off,65,0.375121,-0.037295,0.089984,48,16,6503431843519745007
abundant-off,66,0.283108,-0.061179,0.084960,48,17,15466791827334104299
abundant-off,67,0.346531,0.025763,0.108162,48,17,4285818076758909894
abundant-off,68,0.284164,-0.026077,0.085473,48,15,10168285731646004369
abundant-off,69,0.351707,0.027186,0.098737,48,18,3885100472140804081
abundant-off,70,0.352692,-0.022154,0.091560,48,15,14922491265763014082
abundant-off,71,0.340152,-0.002768,0.155446,48,15,15796193357231491750
abundant-off,72,0.375636,0.008944,0.179346,48,19,13290473202732938840
abundant-off,73,0.369684,0.064628,0.146038,48,17,4184002517677264328
abundant-off,74,0.271520,0.005532,0.040758,48,16,4290529882574146797
abundant-off,75,0.355350,-0.032981,0.106216,48,18,16361806437312250769
abundant-off,76,0.298331,0.038071,0.054328,48,18,697583943874866365
abundant-off,77,0.341261,-0.078593,0.183077,48,18,13012515680451830313
abundant-off,78,0.294131,0.033725,0.085631,48,18,297116371997874416
abundant-off,79,0.387750,-0.004704,0.188534,48,16,13034403818695834828
abundant-off,80,0.325109,0.049327,0.148436,48,20,17783668734334942592
abundant-off,81,0.371461,-0.026032,0.171057,48,16,10228196455972832721
abundant-off,82,0.422196,0.031161,0.345654,48,20,9132491881830597195
abundant-off,83,0.368740,0.012954,0.094534,48,17,77612162295766553
abundant-off,84,0.369922,0.046382,0.146048,48,19,6970111734655866940
abundant-off,85,0.378949,-0.058595,0.140807,48,19,5040637760141584296
abundant-off,86,0.262658,0.002650,0.078347,48,12,12804557451215356728
abundant-off,87,0.304355,0.021484,0.128169,48,16,14860706805405474156
abundant-off,88,0.318837,0.002707,0.099139,48,17,6459802508353736458
abundant-off,89,0.324712,-0.017515,0.120673,48,16,12277005765130394199
abundant-off,90,0.367435,-0.170690,0.129024,48,17,8434039112513691345
abundant-off,91,0.359572,0.043642,0.109093,48,16,1267263099443880383
abundant-off,92,0.364103,0.032055,0.118164,48,16,5506210913854570734
abundant-off,93,0.399712,0.063948,0.181139,48,17,4455012847013792981
abundant-off,94,0.241175,0.005055,0.010121,48,18,1093271134365079424
abundant-off,95,0.369874,0.050517,0.087693,48,18,8865202598698955070
abundant-off,96,0.342864,-0.018082,0.066313,48,15,17604780830123141301
abundant-off,97,0.343406,-0.003966,0.129047,48,19,18202244309549606520
abundant-off,98,0.280701,-0.015340,0.052708,48,18,15448634709846661606
abundant-off,99,0.255542,-0.012084,0.022852,48,16,16564088060760046427
abundant-off,100,0.284162,0.098668,0.070102,48,14,15490073399891903183
abundant-off,101,0.234150,-0.037975,-0.000753,48,17,15369759255129904305
abundant-off,102,0.308734,-0.031161,0.087283,48,18,3014832953459978435
abundant-off,103,0.355034,0.014765,0.156566,48,16,11909345808084409242
abundant-off,104,0.338257,-0.010830,0.125928,48,17,17141617591790698243
abundant-off,105,0.299247,0.007421,0.133786,48,18,5202132485893912377
abundant-off,106,0.410173,0.004616,0.142272,48,16,15568745748343803926
abundant-off,107,0.311584,-0.012090,0.087473,48,15,18416890686947893041
abundant-off,108,0.366364,0.066947,0.106516,48,18,6226650648915766298
abundant-off,109,0.323601,0.056163,0.042724,48,20,1179540910093136820
abundant-off,110,0.346937,-0.020361,0.131136,48,15,17784071214597747181
abundant-off,111,0.349477,-0.011327,0.185392,48,18,2506739139078592661
abundant-off,112,0.322235,0.005499,0.133120,48,16,5242480508941488884
abundant-off,113,0.332502,-0.085115,0.115148,48,16,13834032313440242753
abundant-off,114,0.333595,-0.009543,0.112909,48,15,12953903244177916893
abundant-off,115,0.307661,-0.026376,0.088674,48,16,13060214094901050450
abundant-off,116,0.313368,-0.031509,0.093156,48,17,750241070264583311
abundant-off,117,0.262044,-0.012463,0.008543,48,14,16512139945318316878
abundant-off,118,0.385663,-0.031423,0.163065,48,19,1693330256399637863
abundant-off,119,0.298171,0.070366,0.104632,48,16,2872189192242937625
abundant-off,120,0.314363,-0.024992,0.071096,48,16,18325470918201102239
abundant-off,121,0.261828,0.033968,0.054237,48,15,2654738774778964634
abundant-off,122,0.342633,-0.009606,0.169958,48,18,17406108133565579644
abundant-off,123,0.278520,0.028972,0.035821,48,18,1230181045725420720
abundant-off,124,0.316843,0.001440,0.115420,48,20,2407540010727499558
abundant-off,125,0.341896,-0.020771,0.127656,48,15,3616417069335730943
abundant-off,126,0.372135,0.029847,0.141241,48,17,13185872354038263869
abundant-off,127,0.322401,0.012325,0.124484,48,16,1863358844119570481
abundant-off,128,0.311109,0.005989,0.125761,48,18,14768081334702648242
abundant-off,129,0.318132,0.103513,0.134431,48,17,9132580998660558003
abundant-off,130,0.339782,-0.030818,0.211578,48,17,10071288152625765916
abundant-off,131,0.325881,0.022684,0.114489,48,17,16550924060141950022
abundant-off,132,0.326700,0.032196,0.076498,48,13,10885211806337839134
abundant-off,133,0.269827,-0.108847,0.061624,48,17,9020746540613746485
abundant-off,134,0.289683,-0.022752,0.082700,48,15,6039754262548789851
abundant-off,135,0.309553,0.002016,0.100170,48,16,3374147561866475867
abundant-off,136,0.389676,0.134017,0.154436,48,17,4474510764680622665
abundant-off,137,0.312695,0.044048,0.055594,48,15,13506117146346863969
abundant-off,138,0.417887,-0.017682,0.208355,48,19,14296290332324257384
abundant-off,139,0.335673,0.150981,0.165628,48,16,6850570765846497742
abundant-off,140,0.344679,-0.053374,0.134381,48,17,2620643506993374430
abundant-off,141,0.311235,0.060731,0.100300,48,15,5249219360084821168
abundant-off,142,0.421524,0.018592,0.130424,48,19,3398567573341017820
abundant-off,143,0.375109,0.028317,0.178093,48,21,12467597372690779122
abundant-off,144,0.361774,-0.065296,0.107487,48,16,11827941732223143588
abundant-off,145,0.391432,0.005513,0.113000,48,17,9167573185054704813
abundant-off,146,0.275997,0.002089,0.055572,48,15,18209368134919824073
abundant-off,147,0.290823,0.025748,0.106799,48,16,6641965624168447818
abundant-off,148,0.357067,-0.027080,0.103504,48,16,10639099458443331932
abundant-off,149,0.346681,-0.032225,0.130297,48,19,7417075589762649692
abundant-off,150,0.372452,0.163272,0.177467,48,17,9721458883190858241
abundant-off,151,0.355417,0.033221,0.114695,48,19,13671426361770956619
abundant-off,152,0.308255,0.040450,0.125729,48,16,3092063894786791118
abundant-off,153,0.367847,-0.014836,0.133703,48,18,8512427147180400352
abundant-off,154,0.304613,-0.036263,0.113876,48,16,17860996053070990534
abundant-off,155,0.309304,-0.001431,0.149439,48,17,7527939941529337683
abundant-off,156,0.434601,-0.059670,0.145198,48,17,1381069610183485255
abundant-off,157,0.307838,0.160513,0.128047,48,18,3600911135314197115
abundant-off,158,0.339009,0.001663,0.122292,48,15,13842677414053501074
abundant-off,159,0.312390,-0.029932,0.091258,48,16,12105575580911017292
abundant-off,160,0.300947,-0.058402,0.055208,48,17,1414893644222613997
abundant-off,161,0.302594,-0.063502,0.083488,48,14,15891286473269986114
abundant-on,42,0.263247,-0.008420,0.050715,48,16,8502632609947676432
abundant-on,43,0.329651,0.005516,0.112504,48,15,4401291696729615909
abundant-on,44,0.366985,-0.019213,0.112837,48,19,6452526837484876798
abundant-on,45,0.298252,0.069660,0.124178,48,18,1057596893550578973
abundant-on,46,0.331893,-0.007312,0.191133,48,16,18401058277849320298
abundant-on,47,0.331178,0.050382,0.133791,48,19,15907385482034036596
abundant-on,48,0.305137,-0.118565,0.155358,48,16,2453632153149073306
abundant-on,49,0.346006,0.099111,0.243757,48,22,11954886088003651998
abundant-on,50,0.303557,0.004399,0.054600,48,18,6877363401489906729
abundant-on,51,0.350846,0.064476,0.179309,48,18,8513429665804308092
abundant-on,52,0.330395,0.006451,0.172868,48,16,1508968767792222578
abundant-on,53,0.282176,0.040841,0.120571,48,15,1654543821002398274
abundant-on,54,0.288848,0.011249,0.096668,48,18,18374643774234592590
abundant-on,55,0.362240,-0.036655,0.209531,48,16,18063663530926682732
abundant-on,56,0.273673,0.042831,0.173903,48,14,7344515642010162741
abundant-on,57,0.378179,0.032588,0.149123,48,18,4566041643506883730
abundant-on,58,0.378597,0.047157,0.126758,48,17,10299907657987814958
abundant-on,59,0.316185,0.011723,0.167298,48,19,8863670760207105844
abundant-on,60,0.285100,0.065469,0.019590,48,16,5669605768051725329
abundant-on,61,0.270780,0.044963,0.205138,48,20,11172645857810247004
abundant-on,62,0.300862,0.087142,0.108060,48,16,1938691892122738014
abundant-on,63,0.360127,-0.041587,0.180758,48,20,7656959595109904337
abundant-on,64,0.353673,-0.008020,0.114204,48,18,16225478216010923780
abundant-on,65,0.310953,0.023757,0.125162,48,18,15335021915740063064
abundant-on,66,0.281712,-0.102158,0.058629,48,16,14091423694700666032
abundant-on,67,0.336280,0.000600,0.099167,48,17,5822405341476181414
abundant-on,68,0.345852,0.114456,0.184406,48,17,18116508092582157037
abundant-on,69,0.351089,0.059695,0.142242,48,15,8968579761975295452
abundant-on,70,0.364013,-0.017158,0.095135,48,15,1323483708324459022
abundant-on,71,0.314996,0.017692,0.163823,48,18,16174538252329368173
abundant-on,72,0.408765,0.054671,0.100165,48,16,8403334570666419721
abundant-on,73,0.424859,-0.015264,0.221719,48,20,17270265504227996588
abundant-on,74,0.314362,0.103679,0.135851,48,15,10225896683309996673
abundant-on,75,0.313153,-0.031376,0.167572,48,16,16460607468856306085
abundant-on,76,0.262751,0.058173,0.074490,48,14,8511225797575273594
abundant-on,77,0.374774,0.038372,0.131441,48,18,18070662759916555949
abundant-on,78,0.237097,0.000073,0.055445,48,16,661088480052941491
abundant-on,79,0.283229,0.040167,0.116714,48,20,17628965174317717330
abundant-on,80,0.269462,0.107737,0.127723,48,20,13843678313261732427
abundant-on,81,0.360795,0.039344,0.204110,48,20,10865449872729612804
abundant-on,82,0.403007,0.093922,0.192740,48,15,5448838806770280470
abundant-on,83,0.330918,0.026662,0.070755,48,17,5592694179834228197
abundant-on,84,0.320836,-0.002503,0.154379,48,18,5588450514607487330
abundant-on,85,0.320305,0.016401,0.120204,48,18,5034758933973934582
abundant-on,86,0.256411,0.102188,0.013013,48,17,9245380747453469714
abundant-on,87,0.307814,-0.009340,0.078608,48,17,12958453493996655557
abundant-on,88,0.329622,-0.000087,0.140811,48,16,15951215546699320119
abundant-on,89,0.313320,0.073064,0.116289,48,17,15110748875017105743
abundant-on,90,0.305888,-0.077465,0.135903,48,17,9923841389555027108
abundant-on,91,0.295546,0.006600,0.133237,48,18,14604948860767629565
abundant-on,92,0.369517,0.138798,0.125032,48,16,15442078557854251658
abundant-on,93,0.391940,-0.001463,0.179588,48,19,5302285621629892922
abundant-on,94,0.280617,0.042074,0.019248,48,13,9881770612370563935
abundant-on,95,0.377730,0.066878,0.179878,48,16,15475840200988178452
abundant-on,96,0.360353,0.047475,0.091948,48,16,15881342739600322646
abundant-on,97,0.302518,-0.095772,0.092534,48,20,16168402893889289438
abundant-on,98,0.333609,-0.035920,0.082068,48,16,14329660338268087789
abundant-on,99,0.329569,-0.005605,0.174022,48,20,1770411863341927254
abundant-on,100,0.325306,-0.117211,0.119199,48,17,18216085470447200630
abundant-on,101,0.390947,-0.020066,0.170465,48,17,13404360274558725167
abundant-on,102,0.261467,0.061421,0.014531,48,16,1864733521399470338
abundant-on,103,0.294103,-0.005752,0.105062,48,15,13876405267243604819
abundant-on,104,0.348160,0.045283,0.112480,48,17,4779612789054481812
abundant-on,105,0.282426,0.062189,0.099756,48,15,8296740194304446207
abundant-on,106,0.335770,0.042301,0.098838,48,16,12359892842488027053
abundant-on,107,0.272028,0.013710,0.055325,48,14,17201396353517446511
abundant-on,108,0.283624,0.051005,0.146553,48,17,14438001483579017523
abundant-on,109,0.307900,0.068478,0.080359,48,17,13469267946174911072
abundant-on,110,0.367322,-0.004294,0.120948,48,15,9833261424494524774
abundant-on,111,0.319318,0.142544,0.116684,48,19,3007744306371054910
abundant-on,112,0.367925,0.008046,0.177107,48,18,18063855909875742851
abundant-on,113,0.318272,0.069191,0.068877,48,17,5486563141170429299
abundant-on,114,0.312078,-0.010375,0.074954,48,15,10646949525428361996
abundant-on,115,0.266860,-0.003448,0.083534,48,18,11935033307006538010
abundant-on,116,0.249167,0.085223,0.118711,48,17,729678787466962739
abundant-on,117,0.389540,0.032091,0.153682,48,16,2194044042902061508
abundant-on,118,0.346500,-0.029477,0.137021,48,17,11588974301820631165
abundant-on,119,0.339615,0.060071,0.124064,48,17,639582568416842552
abundant-on,120,0.281296,-0.026882,0.088038,48,16,10126504657517565614
abundant-on,121,0.311438,-0.012719,0.099717,48,18,15200173470621390174
abundant-on,122,0.323251,0.005056,0.180285,48,16,17825620150919710239
abundant-on,123,0.364192,-0.016130,0.105944,48,18,12880787326695336637
abundant-on,124,0.302388,-0.056633,0.120188,48,16,554776571607117560
abundant-on,125,0.341162,0.009373,0.183055,48,14,12330229621952066578
abundant-on,126,0.341313,0.017458,0.200797,48,22,6232169333669752415
abundant-on,127,0.292359,0.075312,0.101688,48,15,6073929931335441285
abundant-on,128,0.294433,0.000259,0.096359,48,18,883126754012619059
abundant-on,129,0.360681,0.008976,0.101306,48,19,14165561308367920145
abundant-on,130,0.291292,-0.072433,0.123889,48,18,6752499879314552939
abundant-on,131,0.347851,-0.013746,0.108058,48,18,6711771650458634673
abundant-on,132,0.269454,0.057950,0.068680,48,17,6733432360526879261
abundant-on,133,0.270018,0.017089,0.092043,48,16,3592381005085250215
abundant-on,134,0.303589,-0.014468,0.066977,48,15,6363173332250845843
abundant-on,135,0.338422,0.005327,0.135714,48,19,2711328121985428930
abundant-on,136,0.323266,0.078783,0.096756,48,17,12392938194741922856
abundant-on,137,0.261074,0.132626,0.143304,48,18,11150771794992980227
abundant-on,138,0.325411,-0.020528,0.121680,48,17,9538515509361374657
abundant-on,139,0.299202,0.080571,0.097060,48,19,16561886117934270796
abundant-on,140,0.338447,0.018902,0.084859,48,20,3389657918772035108
abundant-on,141,0.288793,-0.000217,0.091787,48,16,987079706336294801
abundant-on,142,0.258492,0.002315,0.067690,48,17,16944610897155967316
abundant-on,143,0.287329,-0.043778,0.114821,48,17,5929814267023098368
abundant-on,144,0.311890,-0.050798,0.084663,48,17,14315199979999059402
abundant-on,145,0.289737,0.007497,0.102991,48,16,6233635689636874681
abundant-on,146,0.357467,0.004573,0.119862,48,16,5443146397601015031
abundant-on,147,0.352446,0.041242,0.174984,48,14,3518219565048939590
abundant-on,148,0.310241,0.015129,0.088255,48,16,4049281233270081571
abundant-on,149,0.286666,-0.041566,0.137766,48,18,1427084708559353047
abundant-on,150,0.353749,0.003974,0.139439,48,16,14290281556559026605
abundant-on,151,0.289939,0.041216,0.113415,48,19,9935645361368459330
abundant-on,152,0.293356,0.080794,0.090629,48,16,473948358504229056
abundant-on,153,0.418757,0.054806,0.195231,48,19,738481777121119796
abundant-on,154,0.369427,0.035566,0.112226,48,16,17283229285695646225
abundant-on,155,0.311096,-0.002774,0.081000,48,18,7669258656313185644
abundant-on,156,0.367018,0.053124,0.147480,48,17,3724286104373417084
abundant-on,157,0.303508,0.133132,0.093841,48,16,18006265791703462533
abundant-on,158,0.417168,0.001452,0.181510,48,21,9344448684154941329
abundant-on,159,0.308189,-0.045749,0.096677,48,17,985401819286729764
abundant-on,160,0.337392,0.038982,0.178669,48,18,3999832193482642187
abundant-on,161,0.326261,-0.049853,0.154814,48,17,4402598655832934346
