arm,seed,founderMean,finalMean,delta,finalPatches,finalPopulation,plantGenerations
control(flagOff),42,0.4888780266046524,0.5492812855677172,0.060403258963064754,22,48,15
control(flagOff),43,0.6292803883552551,0.7304398909211158,0.1011595025658607,20,48,15
control(flagOff),44,0.3820610046386719,0.46155329545338947,0.07949229081471759,24,48,17
control(flagOff),45,0.5283463795979818,0.41412561872731085,-0.11422076087067096,23,48,15
control(flagOff),46,0.7521342039108276,0.778161038523135,0.02602683461230737,23,47,14
control(flagOff),47,0.826972077290217,0.7799064471171453,-0.04706563017307175,13,48,13
control(flagOff),48,0.24635499467452368,0.2845318814118703,0.03817688673734662,24,48,12
control(flagOff),49,0.25893983244895935,0.18964135816151445,-0.0692984742874449,22,48,14
control(flagOff),50,0.20993350694576898,0.16748144493802733,-0.04245206200774165,23,48,16
control(flagOff),51,0.7860384980837504,0.8770060331925101,0.09096753510875977,23,48,18
control(flagOff),52,0.6337338089942932,0.6381933650244838,0.004459556030190548,23,48,16
control(flagOff),53,0.29200752079486847,0.5087599223074706,0.2167524015126021,23,48,15
control(flagOff),54,0.332734281818072,0.31631329979585565,-0.01642098202221637,23,47,17
control(flagOff),55,0.263152855137984,0.2297772175591925,-0.03337563757879147,23,48,12
control(flagOff),56,0.7130719820658366,0.6390273002060977,-0.07404468185973889,22,48,16
control(flagOff),57,0.6601426502068838,0.653495552747146,-0.006647097459737794,23,48,15
control(flagOff),58,0.33117752770582837,0.26612687009302055,-0.06505065761280782,22,48,17
control(flagOff),59,0.6283102730909983,0.6015496551990509,-0.02676061789194739,24,48,15
control(flagOff),60,0.6740296483039856,0.5632729021211466,-0.11075674618283904,24,48,16
control(flagOff),61,0.7614104549090067,0.6723429787726629,-0.0890674761363438,21,48,14
control(flagOff),62,0.5489823818206787,0.5564509133497874,0.007468531529108646,21,48,13
control(flagOff),63,0.6587076882521311,0.6621227214733759,0.003415033221244812,24,48,17
control(flagOff),64,0.6350446542104086,0.5652847303585573,-0.06975992385185126,22,48,13
control(flagOff),65,0.3956620842218399,0.4168678067624569,0.021205722540616978,20,48,15
control(flagOff),66,0.5088470528523127,0.5951855310371944,0.08633847818488172,21,48,15
control(flagOff),67,0.34007349113623303,0.33628398397316533,-0.0037895071630676957,24,48,14
control(flagOff),68,0.29140061140060425,0.3824478183922015,0.09104720699159724,19,48,13
control(flagOff),69,0.5585380792617798,0.49650860916484485,-0.062029470096934936,22,48,12
control(flagOff),70,0.3360833674669266,0.4653964756677548,0.12931310820082825,24,48,14
control(flagOff),71,0.46232175330320996,0.3044034773888795,-0.15791827591433044,23,48,15
control(flagOff),72,0.7315403421719869,0.6648100584745407,-0.06673028369744627,20,48,13
control(flagOff),73,0.3189229716857274,0.27152282906615216,-0.04740014261957526,23,48,13
control(flagOff),74,0.725936641295751,0.8291108131408691,0.10317417184511812,20,48,13
control(flagOff),75,0.33519592384497326,0.42553097754716873,0.09033505370219547,24,48,15
control(flagOff),76,0.8006427884101868,0.874307237920307,0.07366444951012019,21,48,14
control(flagOff),77,0.17934821670254072,0.20482702099758646,0.02547880429504573,23,48,12
control(flagOff),78,0.27319960792859393,0.20524413206360556,-0.06795547586498837,22,48,13
control(flagOff),79,0.688066840171814,0.6725503454605738,-0.01551649471124017,24,48,14
control(flagOff),80,0.2992214113473892,0.36189045906066897,0.06266904771327975,20,48,16
control(flagOff),81,0.7933255136013031,0.8183930970373607,0.02506758343605764,21,47,13
control(flagOff),82,0.3389931470155716,0.33780004388906737,-0.0011931031265042247,22,48,13
control(flagOff),83,0.4544316232204437,0.5306331406940114,0.07620151747356763,22,48,15
control(flagOff),84,0.6600736379623413,0.6110687201673334,-0.04900491779500793,22,48,18
control(flagOff),85,0.37616389493147534,0.5279681098957857,0.15180421496431035,24,48,15
control(flagOff),86,0.1875732640425364,0.14103474110985795,-0.04653852293267846,24,48,13
control(flagOff),87,0.5193753391504288,0.5564604729413987,0.03708513379096989,20,48,16
control(flagOff),88,0.28585663934548694,0.27161995445688564,-0.014236684888601303,24,48,18
control(flagOff),89,0.4675550063451131,0.5434075986797159,0.07585259233460279,22,48,16
control(flagOff),90,0.31865885357062024,0.38060249015688896,0.061943636586268724,24,48,19
control(flagOff),91,0.6694844762484232,0.8595567345619202,0.19007225831349694,18,48,12
control(flagOff),92,0.2463922364016374,0.3963984234089201,0.15000618700728272,22,47,15
control(flagOff),93,0.4893044133981069,0.4263728869997937,-0.06293152639831318,23,48,13
control(flagOff),94,0.3607038805882136,0.2579180037845736,-0.10278587680364004,23,48,14
control(flagOff),95,0.47790159781773883,0.43113098496740515,-0.04677061285033368,22,48,13
control(flagOff),96,0.7118797600269318,0.8659452224771181,0.15406546245018637,24,48,17
control(flagOff),97,0.4390331854422887,0.42273201793432236,-0.01630116750796634,24,48,16
control(flagOff),98,0.520603542526563,0.4405668481536534,-0.08003669437290967,23,47,14
control(flagOff),99,0.4692913244167964,0.43559397260348004,-0.033697351813316345,24,48,13
control(flagOff),100,0.6117918491363525,0.58188621894173,-0.029905630194622557,23,48,15
control(flagOff),101,0.788138618071874,0.7362890988588333,-0.05184951921304071,24,48,13
control(flagOff),102,0.44113672773043316,0.29081398248672485,-0.1503227452437083,22,48,13
control(flagOff),103,0.594409167766571,0.5001468943512958,-0.09426227341527527,23,48,14
control(flagOff),104,0.43928653995196026,0.4665802903473377,0.02729375039537746,24,48,15
control(flagOff),105,0.4531867057085037,0.5710553290943304,0.11786862338582671,24,48,15
control(flagOff),106,0.368012472987175,0.3684866700483405,0.0004741970611655266,23,48,15
control(flagOff),107,0.2511128510038058,0.15409946190598217,-0.09701338909782364,23,48,13
control(flagOff),108,0.7096289793650309,0.6555168758267942,-0.0541121035382367,23,47,13
control(flagOff),109,0.534514973560969,0.5153000298000517,-0.019214943760917258,21,48,14
control(flagOff),110,0.8194241325060526,0.8172882976739303,-0.0021358348321223186,23,48,15
control(flagOff),111,0.19677825520435968,0.22325170195351043,0.026473446749150753,24,47,18
control(flagOff),112,0.5918185909589132,0.6648742664944042,0.07305567553549097,22,47,20
control(flagOff),113,0.3282848546902339,0.24452328519976657,-0.08376156949046731,23,48,12
control(flagOff),114,0.7134332557519277,0.8906975761055946,0.1772643203536669,24,48,14
control(flagOff),115,0.5910397271315256,0.5755216072906147,-0.015518119840910893,22,47,16
control(flagOff),116,0.3738889843225479,0.42429324171759863,0.05040425739505072,22,48,14
control(flagOff),117,0.6401996910572052,0.7136208427988965,0.07342115174169128,23,48,16
control(flagOff),118,0.6113607982794443,0.6796930703249845,0.06833227204554015,22,48,11
control(flagOff),119,0.24480834851662317,0.1773280335420912,-0.06748031497453197,22,48,14
control(flagOff),120,0.6397750377655029,0.6754384559133778,0.03566341814787488,23,48,15
control(flagOff),121,0.27476707597573596,0.2591788833960891,-0.015588192579646887,24,48,15
control(flagOff),122,0.7478856444358826,0.7461174000864443,-0.0017682443494382305,23,48,16
control(flagOff),123,0.2537909497817357,0.13277187801542736,-0.12101907176630836,21,48,13
control(flagOff),124,0.361975759267807,0.32221112432687177,-0.03976463494093524,23,48,14
control(flagOff),125,0.25738314787546795,0.24011004538763137,-0.01727310248783659,21,48,17
control(flagOff),126,0.4980337818463643,0.5048849247395992,0.006851142893234907,24,48,15
control(flagOff),127,0.5121792803208033,0.3657855223864317,-0.1463937579343716,24,48,15
control(flagOff),128,0.6791263620058695,0.6084881151715914,-0.0706382468342781,24,48,15
control(flagOff),129,0.24028931061426798,0.25723855569958687,0.016949245085318893,16,48,11
control(flagOff),130,0.21881666655341783,0.20874244956807655,-0.010074216985341278,22,48,13
control(flagOff),131,0.6474216878414154,0.7034933691223463,0.056071681280930874,24,48,14
control(flagOff),132,0.5756576855977377,0.5505278136419214,-0.025129871955816285,23,48,17
control(flagOff),133,0.237209290266037,0.15175278691331978,-0.0854565033527172,23,48,14
control(flagOff),134,0.2950388888518016,0.29902554709802975,0.003986658246228181,22,47,15
control(flagOff),135,0.4198612372080485,0.46900686778520284,0.04914563057715432,19,48,12
control(flagOff),136,0.520622730255127,0.46369135947454543,-0.056931370780581525,21,48,14
control(flagOff),137,0.689346065123876,0.7686566896736622,0.07931062454978621,24,48,15
control(flagOff),138,0.7693631052970886,0.9046351344961869,0.1352720291990983,19,48,17
control(flagOff),139,0.7506270607312521,0.6645898119263027,-0.08603724880494934,23,48,14
control(flagOff),140,0.38143907487392426,0.3864116689020937,0.004972594028169464,22,48,14
control(flagOff),141,0.40423304339249927,0.3883523785549661,-0.015880664837533143,23,48,14
control(flagOff),142,0.31153549750645954,0.4564751812389919,0.14493968373253235,21,48,18
control(flagOff),143,0.7909464140733083,0.8277895748615265,0.03684316078821814,24,48,16
control(flagOff),144,0.7042262752850851,0.5783459829247516,-0.1258802923603335,23,48,14
control(flagOff),145,0.4846937010685603,0.30987980443498364,-0.17481389663357666,23,48,17
control(flagOff),146,0.6326373318831126,0.5572868444417652,-0.07535048744134731,19,47,14
control(flagOff),147,0.5169225285450617,0.7041206385778345,0.18719811003277276,23,48,19
control(flagOff),148,0.645003467798233,0.4718860271184341,-0.17311744067979895,23,48,15
control(flagOff),149,0.3489133616288503,0.33108179542151367,-0.017831566207336613,22,48,16
control(flagOff),150,0.26547595858573914,0.29270999749069626,0.027234038904957125,23,48,13
control(flagOff),151,0.418815220395724,0.39391994865044305,-0.024895271745280945,23,48,14
control(flagOff),152,0.21007680147886276,0.2127215734830028,0.002644772004140039,19,48,15
control(flagOff),153,0.6034629891316096,0.6045884205536409,0.0011254314220313644,22,48,15
control(flagOff),154,0.6308502554893494,0.5705858676329904,-0.060264387856359014,23,47,13
control(flagOff),155,0.5342766394217809,0.5946821388990983,0.060405499477317326,23,48,13
control(flagOff),156,0.2054109126329422,0.34413256372014683,0.13872165108720463,24,48,18
control(flagOff),157,0.4312279522418976,0.5038853352484496,0.072657383006552,23,48,14
control(flagOff),158,0.7134127219518026,0.8082437411598538,0.09483101920805115,23,48,16
control(flagOff),159,0.2925204858183861,0.17916642332618887,-0.1133540624921972,22,48,14
control(flagOff),160,0.5452970465024313,0.5662563326566116,0.0209592861541803,23,48,12
control(flagOff),161,0.7193749149640402,0.6458175700643788,-0.07355734489966137,23,48,14
fertilityAdaptation,42,0.4888780266046524,0.5599810766137164,0.07110305000906403,23,48,16
fertilityAdaptation,43,0.6292803883552551,0.5838993762930235,-0.04538101206223166,24,48,16
fertilityAdaptation,44,0.3820610046386719,0.4763003036379814,0.09423929899930955,20,48,13
fertilityAdaptation,45,0.5283463795979818,0.4262413162252177,-0.1021050633727641,23,48,16
fertilityAdaptation,46,0.7521342039108276,0.7827200526776521,0.030585848766824464,23,48,14
fertilityAdaptation,47,0.826972077290217,0.7908555398816648,-0.03611653740855225,23,48,16
fertilityAdaptation,48,0.24635499467452368,0.2759087992211183,0.029553804546594592,24,48,19
fertilityAdaptation,49,0.25893983244895935,0.3265053988857703,0.06756556643681094,22,48,14
fertilityAdaptation,50,0.20993350694576898,0.2382506342096762,0.028317127263907227,22,48,15
fertilityAdaptation,51,0.7860384980837504,0.8297168364127477,0.04367833832899737,24,48,16
fertilityAdaptation,52,0.6337338089942932,0.6081542037427425,-0.025579605251550674,24,48,16
fertilityAdaptation,53,0.29200752079486847,0.29367969794706866,0.0016721771522001938,22,48,18
fertilityAdaptation,54,0.332734281818072,0.5098966745038828,0.17716239268581074,24,48,16
fertilityAdaptation,55,0.263152855137984,0.39667933790580084,0.13352648276781687,23,48,14
fertilityAdaptation,56,0.7130719820658366,0.636746927447941,-0.07632505461789552,23,48,16
fertilityAdaptation,57,0.6601426502068838,0.7395382782687312,0.07939562806184741,23,48,17
fertilityAdaptation,58,0.33117752770582837,0.2957621508318445,-0.035415376873983884,23,48,16
fertilityAdaptation,59,0.6283102730909983,0.6595472929378351,0.0312370198468368,24,48,15
fertilityAdaptation,60,0.6740296483039856,0.7376551343047101,0.06362548600072448,23,48,18
fertilityAdaptation,61,0.7614104549090067,0.7422213310545142,-0.019189123854492562,22,48,17
fertilityAdaptation,62,0.5489823818206787,0.6466100933876905,0.09762771156701178,22,48,15
fertilityAdaptation,63,0.6587076882521311,0.6993450211442035,0.040637332892072386,23,48,18
fertilityAdaptation,64,0.6350446542104086,0.5819739777108898,-0.0530706764995188,23,47,16
fertilityAdaptation,65,0.3956620842218399,0.4412981137633324,0.045636029541492484,20,48,20
fertilityAdaptation,66,0.5088470528523127,0.539654498298963,0.03080744544665026,24,48,16
fertilityAdaptation,67,0.34007349113623303,0.28165095850177435,-0.05842253263445868,23,48,14
fertilityAdaptation,68,0.29140061140060425,0.37709910032295046,0.08569848892234622,21,48,14
fertilityAdaptation,69,0.5585380792617798,0.4946286095814271,-0.06390946968035266,22,48,14
fertilityAdaptation,70,0.3360833674669266,0.4715482294559479,0.1354648619890213,24,48,13
fertilityAdaptation,71,0.46232175330320996,0.3006455140809218,-0.16167623922228813,24,48,14
fertilityAdaptation,72,0.7315403421719869,0.8048775479907081,0.07333720581872116,21,48,17
fertilityAdaptation,73,0.3189229716857274,0.2749981789485268,-0.043924792737200624,23,48,14
fertilityAdaptation,74,0.725936641295751,0.7847980998811268,0.058861458585375837,21,48,15
fertilityAdaptation,75,0.33519592384497326,0.3100726514433821,-0.02512327240159118,24,48,14
fertilityAdaptation,76,0.8006427884101868,0.770305001217386,-0.03033778719280078,23,48,14
fertilityAdaptation,77,0.17934821670254072,0.39870885420929303,0.2193606375067523,22,48,12
fertilityAdaptation,78,0.27319960792859393,0.2909662963255592,0.01776668839696527,23,48,17
fertilityAdaptation,79,0.688066840171814,0.6823506951332092,-0.005716145038604736,23,48,14
fertilityAdaptation,80,0.2992214113473892,0.29439522077639896,-0.004826190570990263,24,47,16
fertilityAdaptation,81,0.7933255136013031,0.7606150020252574,-0.03271051157604565,22,48,13
fertilityAdaptation,82,0.3389931470155716,0.339687558511893,0.0006944114963213788,24,48,15
fertilityAdaptation,83,0.4544316232204437,0.4671780864397685,0.012746463219324766,24,48,13
fertilityAdaptation,84,0.6600736379623413,0.5774265138999276,-0.0826471240624137,23,48,16
fertilityAdaptation,85,0.37616389493147534,0.5555346337231722,0.1793707387916969,22,48,16
fertilityAdaptation,86,0.1875732640425364,0.3022920936346054,0.114718829592069,24,48,17
fertilityAdaptation,87,0.5193753391504288,0.4853157351414363,-0.034059604008992495,24,48,16
fertilityAdaptation,88,0.28585663934548694,0.35947164310061414,0.0736150037551272,23,48,14
fertilityAdaptation,89,0.4675550063451131,0.5971331948583777,0.12957818851326458,22,48,16
fertilityAdaptation,90,0.31865885357062024,0.3074834935721897,-0.011175359998430556,21,48,19
fertilityAdaptation,91,0.6694844762484232,0.7360906129082044,0.06660613665978121,24,48,16
fertilityAdaptation,92,0.2463922364016374,0.19907442717389626,-0.04731780922774115,22,48,13
fertilityAdaptation,93,0.4893044133981069,0.618660794063048,0.1293563806649411,22,48,11
fertilityAdaptation,94,0.3607038805882136,0.32928590290248394,-0.03141797768572968,24,48,17
fertilityAdaptation,95,0.47790159781773883,0.4951284735099129,0.01722687569217407,23,48,13
fertilityAdaptation,96,0.7118797600269318,0.8880955601731936,0.17621580014626181,24,48,14
fertilityAdaptation,97,0.4390331854422887,0.41265522137932154,-0.026377964062967163,23,47,17
fertilityAdaptation,98,0.520603542526563,0.517128190268641,-0.0034753522579220597,23,47,16
fertilityAdaptation,99,0.4692913244167964,0.4172832437536933,-0.052008080663103085,22,48,19
fertilityAdaptation,100,0.6117918491363525,0.6901466163496176,0.07835476721326506,24,48,14
fertilityAdaptation,101,0.788138618071874,0.7385784517163816,-0.04956016635549243,23,47,16
fertilityAdaptation,102,0.44113672773043316,0.3708115125244314,-0.07032521520600177,22,48,16
fertilityAdaptation,103,0.594409167766571,0.6354645987351736,0.041055430968602535,24,47,15
fertilityAdaptation,104,0.43928653995196026,0.39234447479248047,-0.046942065159479796,23,47,16
fertilityAdaptation,105,0.4531867057085037,0.3863073838028041,-0.06687932190569962,22,48,16
fertilityAdaptation,106,0.368012472987175,0.33262026648629794,-0.035392206500877044,22,48,16
fertilityAdaptation,107,0.2511128510038058,0.36023042418740014,0.10911757318359433,22,48,16
fertilityAdaptation,108,0.7096289793650309,0.731599413830301,0.02197043446527014,23,48,17
fertilityAdaptation,109,0.534514973560969,0.41292937294296594,-0.12158560061800305,23,48,13
fertilityAdaptation,110,0.8194241325060526,0.7895998306896376,-0.029824301816415044,23,48,15
fertilityAdaptation,111,0.19677825520435968,0.19415564219588818,-0.002622613008471497,23,48,14
fertilityAdaptation,112,0.5918185909589132,0.6969431768292966,0.10512458587038342,23,48,15
fertilityAdaptation,113,0.3282848546902339,0.538104565895122,0.20981971120488813,23,48,16
fertilityAdaptation,114,0.7134332557519277,0.864082421945489,0.15064916619356128,23,48,13
fertilityAdaptation,115,0.5910397271315256,0.5346553840420463,-0.05638434308947937,22,48,16
fertilityAdaptation,116,0.3738889843225479,0.3345781182465346,-0.03931086607601331,23,48,15
fertilityAdaptation,117,0.6401996910572052,0.6459763723870983,0.005776681329893063,23,48,17
fertilityAdaptation,118,0.6113607982794443,0.5515218908372133,-0.05983890744223108,23,48,14
fertilityAdaptation,119,0.24480834851662317,0.1753283002498475,-0.06948004826677567,22,48,14
fertilityAdaptation,120,0.6397750377655029,0.6874913828713554,0.04771634510585243,21,48,20
fertilityAdaptation,121,0.27476707597573596,0.1707200362191846,-0.10404703975655136,24,47,16
fertilityAdaptation,122,0.7478856444358826,0.8182742984398551,0.07038865400397254,23,47,18
fertilityAdaptation,123,0.2537909497817357,0.17937974123792214,-0.07441120854381358,22,48,13
fertilityAdaptation,124,0.361975759267807,0.5182029632004824,0.15622720393267542,22,48,13
fertilityAdaptation,125,0.25738314787546795,0.2317690758601479,-0.025614072015320066,23,48,13
fertilityAdaptation,126,0.4980337818463643,0.49083472788333893,-0.0071990539630253925,23,48,17
fertilityAdaptation,127,0.5121792803208033,0.47979703286419745,-0.03238224745660584,23,48,19
fertilityAdaptation,128,0.6791263620058695,0.733536734467461,0.05441037246159153,21,48,14
fertilityAdaptation,129,0.24028931061426798,0.2107800179245797,-0.02950929268968827,22,48,14
fertilityAdaptation,130,0.21881666655341783,0.226705951243639,0.007889284690221154,20,47,13
fertilityAdaptation,131,0.6474216878414154,0.6955072867373625,0.0480855988959471,24,48,16
fertilityAdaptation,132,0.5756576855977377,0.6127770773389123,0.03711939174117462,22,48,17
fertilityAdaptation,133,0.237209290266037,0.24007020484317432,0.00286091457713733,22,48,15
fertilityAdaptation,134,0.2950388888518016,0.2941605614667589,-0.0008783273850426765,22,48,17
fertilityAdaptation,135,0.4198612372080485,0.4206444417888468,0.0007832045807982801,22,48,12
fertilityAdaptation,136,0.520622730255127,0.5404291356151755,0.019806405360048518,22,48,14
fertilityAdaptation,137,0.689346065123876,0.6242583567897478,-0.06508770833412814,24,48,16
fertilityAdaptation,138,0.7693631052970886,0.905787448088328,0.13642434279123938,24,48,15
fertilityAdaptation,139,0.7506270607312521,0.7936662979747938,0.04303923724354175,23,48,18
fertilityAdaptation,140,0.38143907487392426,0.41604098429282504,0.03460190941890079,24,46,17
fertilityAdaptation,141,0.40423304339249927,0.46126674115657806,0.057033697764078795,24,48,17
fertilityAdaptation,142,0.31153549750645954,0.3294203572947046,0.017884859788245056,23,48,17
fertilityAdaptation,143,0.7909464140733083,0.7673553253213564,-0.023591088751951927,24,48,16
fertilityAdaptation,144,0.7042262752850851,0.6182719035582109,-0.08595437172687415,22,48,13
fertilityAdaptation,145,0.4846937010685603,0.38140499727292493,-0.10328870379563537,22,48,15
fertilityAdaptation,146,0.6326373318831126,0.5749625667281772,-0.057674765154935304,23,48,12
fertilityAdaptation,147,0.5169225285450617,0.6154757440090179,0.09855321546395623,24,48,16
fertilityAdaptation,148,0.645003467798233,0.6418895920117696,-0.0031138757864633826,21,48,17
fertilityAdaptation,149,0.3489133616288503,0.3423772259898808,-0.006536135638969487,23,48,15
fertilityAdaptation,150,0.26547595858573914,0.38668244636871596,0.12120648778297682,22,48,15
fertilityAdaptation,151,0.418815220395724,0.4236561759658482,0.004840955570124206,23,48,14
fertilityAdaptation,152,0.21007680147886276,0.30225291374054825,0.09217611226168548,22,48,18
fertilityAdaptation,153,0.6034629891316096,0.5773624703288078,-0.02610051880280173,24,48,16
fertilityAdaptation,154,0.6308502554893494,0.5963758256124414,-0.034474429876907964,23,48,13
fertilityAdaptation,155,0.5342766394217809,0.4828682075376096,-0.051408431884171324,23,48,12
fertilityAdaptation,156,0.2054109126329422,0.3333230720212062,0.127912159388264,24,48,18
fertilityAdaptation,157,0.4312279522418976,0.45077360712963604,0.01954565488773846,23,48,14
fertilityAdaptation,158,0.7134127219518026,0.7460147738456726,0.03260205189387,24,48,13
fertilityAdaptation,159,0.2925204858183861,0.22921787785447162,-0.06330260796391446,23,48,16
fertilityAdaptation,160,0.5452970465024313,0.45391724461858923,-0.09137980188384204,22,48,16
fertilityAdaptation,161,0.7193749149640402,0.6035706536336378,-0.11580426133040234,22,48,14
