variant,seed,final_population,extinction_tick,births,deaths,food_consumed,water_consumed,plant_count_final,activations,deactivations
baseline,42,0,2829,1,5,82.7548,17.6250,12,36,30
baseline,43,40,-1,62,26,923.0757,292.5000,6,29,29
baseline,44,40,-1,66,30,820.5688,242.1250,8,31,29
baseline,45,40,-1,57,21,578.5306,147.3125,12,36,30
baseline,46,0,5309,0,4,76.0066,16.2500,12,37,31
baseline,47,26,-1,54,32,829.0795,258.8125,8,32,30
baseline,48,0,5419,8,12,291.8560,52.1250,12,36,30
baseline,49,21,-1,45,28,720.8632,217.0625,7,30,29
baseline,50,36,-1,47,15,563.4075,155.6250,9,32,29
baseline,51,0,5919,21,25,329.6438,85.8750,10,33,29
baseline,52,40,-1,49,13,769.2262,206.5625,11,35,30
baseline,53,40,-1,43,7,1017.9701,283.1250,11,35,30
baseline,54,38,-1,62,28,818.7767,234.1250,8,33,31
baseline,55,39,-1,43,8,774.3102,180.0625,8,28,26
baseline,56,40,-1,49,13,985.2458,226.7500,8,32,30
baseline,57,37,-1,55,21,781.4158,223.1250,10,33,29
baseline,58,37,-1,41,7,646.6255,164.3125,9,31,28
baseline,59,33,-1,34,5,396.7608,92.5000,12,36,30
baseline,60,40,-1,78,42,766.1131,274.6250,10,32,28
baseline,61,25,-1,55,34,566.1102,175.5000,9,32,29
baseline,62,40,-1,56,20,804.2608,185.7500,8,31,29
baseline,63,20,-1,22,6,262.0401,60.5625,12,36,30
baseline,64,40,-1,42,6,558.8795,158.0000,10,34,30
baseline,65,40,-1,42,6,440.3711,99.0625,12,36,30
baseline,66,1,-1,3,6,190.6097,45.9375,12,36,30
baseline,67,40,-1,41,5,625.8826,152.8125,12,36,30
baseline,68,0,5219,0,4,85.8375,18.4375,12,36,30
baseline,69,0,4649,1,5,159.7986,37.3750,12,36,30
baseline,70,40,-1,40,4,710.2844,191.3125,11,35,30
baseline,71,40,-1,70,34,988.6115,272.0625,8,30,28
founders-at-food,42,0,3639,1,5,78.8990,16.6875,12,36,30
founders-at-food,43,40,-1,70,34,810.0795,292.7500,6,29,29
founders-at-food,44,0,4579,0,4,72.4863,17.0625,12,36,30
founders-at-food,45,38,-1,52,16,629.8270,133.4375,11,35,30
founders-at-food,46,0,5309,0,4,72.0959,14.9375,12,37,31
founders-at-food,47,38,-1,45,9,977.1796,247.1875,11,35,30
founders-at-food,48,0,5389,0,4,106.3440,21.1875,12,37,31
founders-at-food,49,30,-1,54,28,667.3088,172.0000,8,31,29
founders-at-food,50,0,3869,0,4,73.5410,14.7500,12,35,29
founders-at-food,51,9,-1,9,4,168.1873,35.8125,12,36,30
founders-at-food,52,17,-1,57,44,613.5764,208.1250,9,33,30
founders-at-food,53,16,-1,19,7,359.4344,76.1250,12,36,30
founders-at-food,54,40,-1,88,52,872.8443,252.5000,8,31,29
founders-at-food,55,0,4369,0,4,60.2957,14.0000,8,28,26
founders-at-food,56,0,4819,0,4,104.1503,26.1875,12,36,30
founders-at-food,57,0,3959,0,4,91.3566,21.3750,12,36,30
founders-at-food,58,0,4899,0,4,62.0898,12.6250,10,30,26
founders-at-food,59,30,-1,54,28,684.2050,271.9375,10,34,30
founders-at-food,60,2,-1,27,29,342.8583,152.0625,10,32,28
founders-at-food,61,37,-1,65,32,740.7722,205.5000,8,32,30
founders-at-food,62,13,-1,42,33,553.4884,215.3125,9,32,29
founders-at-food,63,35,-1,62,31,867.2835,294.8750,7,30,29
founders-at-food,64,20,-1,48,31,715.7730,238.9375,10,33,29
founders-at-food,65,0,5549,1,5,94.3880,26.5625,12,37,31
founders-at-food,66,0,5029,0,4,100.9340,24.0625,12,36,30
founders-at-food,67,0,4769,0,4,91.0312,21.2500,12,36,30
founders-at-food,68,0,5219,0,4,83.9531,17.5000,12,36,30
founders-at-food,69,40,-1,40,4,561.7466,146.3750,11,35,30
founders-at-food,70,0,5029,0,4,113.0052,30.5000,12,36,30
founders-at-food,71,40,-1,73,37,979.3237,267.6250,9,31,28
founders-midway,42,0,4229,1,5,100.5597,23.1250,12,36,30
founders-midway,43,9,-1,45,40,581.8633,236.0625,7,30,29
founders-midway,44,0,4579,2,6,101.4623,24.8125,12,36,30
founders-midway,45,40,-1,56,20,601.8458,152.1250,12,36,30
founders-midway,46,0,5309,0,4,73.2317,15.9375,12,37,31
founders-midway,47,27,-1,55,32,837.3936,244.8750,8,32,30
founders-midway,48,0,5469,7,11,272.4586,46.5000,12,36,30
founders-midway,49,20,-1,43,27,644.8141,157.2500,7,30,29
founders-midway,50,0,3869,1,5,108.4247,22.5000,12,35,29
founders-midway,51,37,-1,63,30,834.9602,243.0625,10,33,29
founders-midway,52,8,-1,9,5,276.6703,68.9375,12,36,30
founders-midway,53,18,-1,21,7,352.4023,75.6875,12,36,30
founders-midway,54,30,-1,52,26,626.4232,207.3750,11,35,30
founders-midway,55,0,4789,1,5,111.2652,27.0625,8,28,26
founders-midway,56,40,-1,43,7,508.1969,105.8125,12,36,30
founders-midway,57,0,4559,1,5,133.1514,31.3750,12,36,30
founders-midway,58,0,4899,0,4,64.7789,13.6875,10,30,26
founders-midway,59,40,-1,48,12,757.7584,180.6250,10,34,30
founders-midway,60,35,-1,73,42,728.1675,269.2500,10,32,28
founders-midway,61,40,-1,46,10,579.8279,154.6250,10,34,30
founders-midway,62,35,-1,59,27,856.4655,243.7500,5,28,29
founders-midway,63,36,-1,57,25,740.1588,275.6875,5,27,28
founders-midway,64,39,-1,41,6,609.0483,205.8125,10,34,30
founders-midway,65,4,-1,12,12,303.3144,70.1250,11,35,30
founders-midway,66,6,-1,8,6,208.8793,48.1250,12,36,30
founders-midway,67,40,-1,41,5,581.1780,141.1250,12,36,30
founders-midway,68,0,5219,0,4,78.0641,15.2500,12,36,30
founders-midway,69,0,4649,1,5,163.2301,40.1250,12,36,30
founders-midway,70,40,-1,40,4,648.3671,177.6875,12,36,30
founders-midway,71,39,-1,68,32,860.8448,240.2500,7,30,29
regen-1.5x,42,0,2829,1,5,82.7548,17.6250,12,36,30
regen-1.5x,43,17,-1,48,34,847.0814,284.4375,8,31,29
regen-1.5x,44,40,-1,44,8,1022.2136,261.8125,10,34,30
regen-1.5x,45,40,-1,57,21,582.0112,149.2500,12,36,30
regen-1.5x,46,0,5309,0,4,76.0985,16.5625,12,37,31
regen-1.5x,47,40,-1,45,9,985.0791,267.2500,11,35,30
regen-1.5x,48,0,5419,8,12,291.8560,52.1250,12,36,30
regen-1.5x,49,40,-1,64,28,1061.3547,239.6250,7,30,29
regen-1.5x,50,40,-1,49,13,797.3043,159.1875,11,34,29
regen-1.5x,51,40,-1,71,35,937.4962,209.9375,10,33,29
regen-1.5x,52,40,-1,49,13,764.2137,210.2500,11,35,30
regen-1.5x,53,40,-1,43,7,1031.0479,280.9375,11,35,30
regen-1.5x,54,40,-1,61,25,1016.9510,231.0625,11,36,31
regen-1.5x,55,38,-1,42,8,776.2294,175.6875,8,28,26
regen-1.5x,56,38,-1,48,12,986.8814,236.7500,9,33,30
regen-1.5x,57,40,-1,48,12,962.9051,225.0000,12,35,29
regen-1.5x,58,40,-1,42,6,808.5559,168.3125,10,32,28
regen-1.5x,59,34,-1,35,5,401.4111,96.4375,12,36,30
regen-1.5x,60,1,-1,38,41,464.6111,196.5625,10,32,28
regen-1.5x,61,40,-1,47,11,768.0691,181.5625,11,35,30
regen-1.5x,62,40,-1,63,27,1118.6433,268.1250,8,31,29
regen-1.5x,63,28,-1,30,6,308.7708,71.2500,12,36,30
regen-1.5x,64,40,-1,42,6,578.3465,162.4375,11,35,30
regen-1.5x,65,34,-1,36,6,429.7086,93.8125,11,36,31
regen-1.5x,66,1,-1,3,6,189.6984,45.3125,12,36,30
regen-1.5x,67,40,-1,41,5,637.8925,152.1250,12,36,30
regen-1.5x,68,0,5219,0,4,85.8375,18.4375,12,36,30
regen-1.5x,69,0,4649,1,5,159.7986,37.3750,12,36,30
regen-1.5x,70,40,-1,40,4,783.1631,212.4375,12,36,30
regen-1.5x,71,40,-1,70,34,1022.3764,267.9375,10,33,29
founders-at-food-regen-1.5x,42,0,3639,1,5,78.8990,16.6875,12,36,30
founders-at-food-regen-1.5x,43,22,-1,55,37,887.1108,308.0000,7,30,29
founders-at-food-regen-1.5x,44,0,4579,0,4,72.4863,17.0625,12,36,30
founders-at-food-regen-1.5x,45,38,-1,52,16,623.1160,133.0625,12,36,30
founders-at-food-regen-1.5x,46,0,5309,0,4,72.4034,14.7500,12,37,31
founders-at-food-regen-1.5x,47,40,-1,42,6,1038.2229,241.0000,11,35,30
founders-at-food-regen-1.5x,48,0,5389,0,4,106.1631,22.0625,12,37,31
founders-at-food-regen-1.5x,49,15,-1,49,37,797.2783,232.1250,5,28,29
founders-at-food-regen-1.5x,50,0,3869,0,4,73.5410,14.7500,12,35,29
founders-at-food-regen-1.5x,51,9,-1,9,4,168.9430,35.8750,12,36,30
founders-at-food-regen-1.5x,52,34,-1,67,36,851.7484,239.8125,11,35,30
founders-at-food-regen-1.5x,53,11,-1,14,7,320.1876,68.6250,12,36,30
founders-at-food-regen-1.5x,54,40,-1,90,54,1005.3770,267.1250,9,32,29
founders-at-food-regen-1.5x,55,0,4369,0,4,60.2957,14.0000,8,28,26
founders-at-food-regen-1.5x,56,0,4819,0,4,104.1503,26.1875,12,36,30
founders-at-food-regen-1.5x,57,0,3959,0,4,91.3566,21.3750,12,36,30
founders-at-food-regen-1.5x,58,0,4899,0,4,62.0898,12.6250,10,30,26
founders-at-food-regen-1.5x,59,40,-1,48,12,921.8683,267.1875,10,34,30
founders-at-food-regen-1.5x,60,2,-1,28,29,385.1358,165.0000,10,32,28
founders-at-food-regen-1.5x,61,40,-1,47,11,856.0127,215.6875,11,35,30
founders-at-food-regen-1.5x,62,40,-1,49,13,1083.8422,303.7500,9,33,30
founders-at-food-regen-1.5x,63,40,-1,61,25,1140.6960,290.3125,9,33,30
founders-at-food-regen-1.5x,64,39,-1,45,10,852.5859,250.8750,10,33,29
founders-at-food-regen-1.5x,65,0,5549,1,5,94.3880,26.5625,12,37,31
founders-at-food-regen-1.5x,66,0,5029,0,4,100.9340,24.0625,12,36,30
founders-at-food-regen-1.5x,67,0,4769,0,4,91.0312,21.2500,12,36,30
founders-at-food-regen-1.5x,68,0,5219,0,4,83.9531,17.5000,12,36,30
founders-at-food-regen-1.5x,69,40,-1,40,4,566.0283,146.6250,11,35,30
founders-at-food-regen-1.5x,70,0,5099,0,4,113.7406,31.5625,12,36,30
founders-at-food-regen-1.5x,71,40,-1,69,33,1008.9128,270.7500,9,32,29
tight-radius,42,0,5839,46,50,559.3481,216.8125,8,31,29
tight-radius,43,0,4439,37,41,370.3050,173.3125,11,33,28
tight-radius,44,1,-1,35,38,361.4120,159.1875,10,33,29
tight-radius,45,0,5289,43,47,396.9847,153.5000,10,33,29
tight-radius,46,40,-1,42,6,552.9326,138.1250,11,35,30
tight-radius,47,10,-1,45,39,504.6926,193.3125,9,33,30
tight-radius,48,3,-1,38,39,600.2622,222.7500,8,31,29
tight-radius,49,1,-1,40,43,513.1586,173.2500,8,30,28
tight-radius,50,36,-1,42,10,438.7523,98.6250,11,35,30
tight-radius,51,0,4349,37,41,357.1451,147.0000,8,30,28
tight-radius,52,0,5609,42,46,574.8481,244.6250,8,31,29
tight-radius,53,1,-1,14,17,187.7362,75.2500,8,29,27
tight-radius,54,20,-1,52,35,702.7102,229.8750,8,32,30
tight-radius,55,0,4699,23,27,216.0121,96.6875,9,31,28
tight-radius,56,0,4309,35,39,297.8465,135.0625,8,30,28
tight-radius,57,40,-1,77,41,957.6328,260.7500,6,29,29
tight-radius,58,38,-1,41,7,586.4205,149.3125,11,35,30
tight-radius,59,0,4719,38,42,331.0992,170.6875,8,31,29
tight-radius,60,0,5099,40,44,557.7801,247.3750,8,30,28
tight-radius,61,29,-1,63,38,653.7401,216.5625,8,32,30
tight-radius,62,0,5029,30,34,355.9622,153.7500,8,31,29
tight-radius,63,0,5139,41,45,483.8494,216.3125,9,30,27
tight-radius,64,32,-1,50,22,358.2908,140.8125,8,30,28
tight-radius,65,20,-1,44,27,649.9264,234.5625,10,34,30
tight-radius,66,20,-1,39,23,755.8391,231.1250,9,32,29
tight-radius,67,0,5719,29,33,259.1968,125.3750,7,32,31
tight-radius,68,0,4339,37,41,459.1873,146.1250,12,32,26
tight-radius,69,1,-1,31,34,561.8941,245.9375,9,33,30
tight-radius,70,0,4839,2,6,180.5981,41.3750,12,36,30
tight-radius,71,36,-1,69,37,806.2086,246.8750,10,34,30
