scenario,seed,home_range,hash,final_population,births,deaths,food_consumed,water_consumed,site_transitions,same_site_repeats,same_site_fraction,mean_distinct_sites,mean_distance_from_centre,multi_food_candidate_fraction,mean_speed,mean_familiarity,familiar_multi_candidate_fraction
stable,42,off,10380714861655913604,40,69,33,1257.4479,372.3125,1841,1841,1.000000,1.000000,1.809032,0.000000,1.562516,0.000000,0.000000
stable,42,on,14429269760899139531,40,71,35,1276.3678,372.9375,1810,1810,1.000000,1.000000,1.793163,0.000000,1.553486,0.885906,0.000000
stable,43,off,1043068452047798448,40,67,31,1215.7904,358.6875,1630,1630,1.000000,1.000000,1.655164,0.000000,1.260710,0.000000,0.000000
stable,43,on,14702387048293550927,40,67,31,1221.8875,360.1875,1676,1676,1.000000,1.000000,1.664588,0.000000,1.237515,0.888100,0.000000
stable,44,off,11527038114098670639,40,70,34,1279.0900,366.2500,1769,1769,1.000000,1.000000,1.765351,0.000000,1.312315,0.000000,0.000000
stable,44,on,11376112000286741228,40,70,34,1282.9056,367.9375,1730,1730,1.000000,1.000000,1.758624,0.000000,1.283988,0.881090,0.000000
stable,45,off,16183664376660414600,40,78,42,1147.8411,367.8125,1659,1659,1.000000,1.000000,1.680257,0.000000,1.165243,0.000000,0.000000
stable,45,on,10559979368192922410,40,78,42,1129.9193,370.3125,1535,1535,1.000000,1.000000,1.671822,0.000000,1.134973,0.876827,0.000000
stable,46,off,9730124049806361150,40,69,33,1158.0509,337.3125,1494,1494,1.000000,1.000000,1.670898,0.000000,1.159134,0.000000,0.000000
stable,46,on,16112329738751842515,40,68,32,1162.4321,334.3750,1541,1541,1.000000,1.000000,1.728087,0.000000,1.181561,0.887632,0.000000
stable,47,off,1292331238896393858,40,60,24,1137.7938,343.3125,1415,1415,1.000000,1.000000,1.578766,0.000000,1.178207,0.000000,0.000000
stable,47,on,9569499174596600546,40,60,24,1148.2556,342.0000,1383,1383,1.000000,1.000000,1.584314,0.000000,1.176207,0.896196,0.000000
stable,48,off,2916159635442434325,40,58,22,1251.3396,372.6875,1543,1543,1.000000,0.983871,1.616953,0.000000,1.224618,0.000000,0.000000
stable,48,on,10744315594023135363,40,58,22,1259.5178,379.2500,1493,1493,1.000000,1.000000,1.587659,0.000000,1.210828,0.910297,0.000000
stable,49,off,14357013770459880088,40,75,39,1345.2616,395.5625,1593,1593,1.000000,1.000000,1.633329,0.000000,1.180068,0.000000,0.000000
stable,49,on,7912467717563197295,40,76,40,1333.1649,388.1250,1567,1567,1.000000,1.000000,1.648029,0.000000,1.171007,0.873701,0.000000
stable,50,off,11259101101847709893,40,72,36,1322.8212,374.5000,1594,1594,1.000000,0.986842,1.598429,0.000000,1.240667,0.000000,0.000000
stable,50,on,5939128398006298167,40,72,36,1271.8409,359.6875,1612,1612,1.000000,1.000000,1.622931,0.000000,1.222685,0.880020,0.000000
stable,51,off,11050077021157618393,40,56,20,1179.7360,332.1250,1419,1419,1.000000,1.000000,1.728820,0.000000,1.243410,0.000000,0.000000
stable,51,on,9415850117972666910,40,56,20,1171.2080,334.3125,1505,1505,1.000000,1.000000,1.692935,0.000000,1.211609,0.895675,0.000000
stable,52,off,6082255383149395534,40,58,22,1288.8801,425.0625,1470,1470,1.000000,1.000000,1.726258,0.000000,1.239266,0.000000,0.000000
stable,52,on,2979211760994525162,40,59,23,1278.8413,425.1250,1538,1538,1.000000,1.000000,1.679267,0.000000,1.192042,0.892489,0.000000
stable,53,off,7676211810338396958,40,63,27,1145.2986,317.9375,1507,1507,1.000000,0.970149,1.533389,0.000000,1.115205,0.000000,0.000000
stable,53,on,14176350830397112016,37,59,23,1133.7415,322.1250,1397,1397,1.000000,1.000000,1.535897,0.000000,1.147343,0.901585,0.000000
stable,54,off,4060785922359883281,40,85,49,1111.8549,330.1250,1330,1330,1.000000,1.000000,1.683537,0.000000,1.048133,0.000000,0.000000
stable,54,on,12785356142871617193,40,85,49,1127.4630,329.3125,1380,1380,1.000000,1.000000,1.781575,0.000000,1.097800,0.842249,0.000000
stable,55,off,8412582737169502352,40,70,34,1162.0105,362.3750,1498,1498,1.000000,1.000000,1.686713,0.000000,1.151889,0.000000,0.000000
stable,55,on,3916519277131247303,40,70,34,1160.7839,366.5000,1588,1588,1.000000,1.000000,1.680740,0.000000,1.137107,0.881327,0.000000
stable,56,off,4963653973548619764,39,74,38,1534.3143,413.4375,1826,1826,1.000000,1.000000,1.700117,0.000000,1.268600,0.000000,0.000000
stable,56,on,10401740678404190006,40,75,39,1536.1545,412.2500,1834,1834,1.000000,1.000000,1.684918,0.000000,1.265063,0.879846,0.000000
stable,57,off,12358650640029919827,40,77,41,1358.2833,358.0625,1673,1673,1.000000,1.000000,1.735354,0.000000,1.267689,0.000000,0.000000
stable,57,on,176685710797716296,40,78,42,1339.7635,354.0625,1836,1836,1.000000,1.000000,1.752787,0.000000,1.293041,0.870174,0.000000
stable,58,off,10405181528482483771,40,62,26,930.3076,302.8125,1264,1264,1.000000,1.000000,1.612783,0.000000,1.041842,0.000000,0.000000
stable,58,on,7399622333925878784,40,62,26,932.5443,304.0000,1336,1336,1.000000,1.000000,1.627515,0.000000,1.028124,0.889239,0.000000
stable,59,off,17725455324872991067,39,64,28,1171.9280,361.4375,1535,1535,1.000000,1.000000,1.777667,0.000000,1.249842,0.000000,0.000000
stable,59,on,1059636515440903627,39,64,28,1168.7748,359.5625,1459,1459,1.000000,1.000000,1.778306,0.000000,1.238159,0.882843,0.000000
stable,60,off,18063589584670470790,39,72,36,1230.0940,398.7500,1648,1648,1.000000,1.000000,1.757771,0.000000,1.316309,0.000000,0.000000
stable,60,on,3201419352094216701,39,72,36,1218.2902,397.1875,1548,1548,1.000000,1.000000,1.762243,0.000000,1.288585,0.879462,0.000000
stable,61,off,17664085781602212363,40,60,24,1023.6766,343.1875,1457,1457,1.000000,1.000000,1.665070,0.000000,1.170658,0.000000,0.000000
stable,61,on,7157126376894643943,40,60,24,1017.7441,343.4375,1585,1585,1.000000,1.000000,1.636742,0.000000,1.178300,0.897954,0.000000
stable,62,off,1719653910282311612,40,69,33,1200.2976,413.9375,1329,1329,1.000000,1.000000,1.585683,0.000000,1.087510,0.000000,0.000000
stable,62,on,8139159039791907237,40,69,33,1186.2216,411.3125,1239,1239,1.000000,0.986301,1.582504,0.000000,1.033265,0.888051,0.000000
stable,63,off,18282241644347880023,40,74,38,1354.6233,445.4375,1804,1804,1.000000,1.000000,1.661308,0.000000,1.255202,0.000000,0.000000
stable,63,on,7306716513716127174,40,75,39,1349.3992,437.8125,1833,1833,1.000000,1.000000,1.710089,0.000000,1.297540,0.884176,0.000000
stable,64,off,1498951934494021616,40,56,20,1003.0255,370.8750,1196,1196,1.000000,1.000000,1.628633,0.000000,1.098043,0.000000,0.000000
stable,64,on,16956930553749810786,40,56,20,984.1925,367.3750,1142,1142,1.000000,1.000000,1.612568,0.000000,1.061896,0.904784,0.000000
stable,65,off,4310351363271073392,40,65,29,1039.4634,329.1875,1341,1341,1.000000,0.985507,1.587495,0.000000,1.103940,0.000000,0.000000
stable,65,on,16268949908419492151,40,65,29,1050.7421,331.7500,1392,1392,1.000000,1.000000,1.591329,0.000000,1.145319,0.880751,0.000000
stable,66,off,3563049658630559801,40,68,32,1205.0006,359.2500,1585,1585,1.000000,1.000000,1.773316,0.000000,1.377336,0.000000,0.000000
stable,66,on,2006468713944187937,40,68,32,1197.2788,356.0000,1548,1548,1.000000,1.000000,1.765599,0.000000,1.373869,0.888750,0.000000
stable,67,off,13140776182175619657,40,62,26,1026.8198,323.9375,1099,1099,1.000000,0.984848,1.596145,0.000000,0.962312,0.000000,0.000000
stable,67,on,9312300490818729374,40,62,26,1021.0496,323.5000,1140,1140,1.000000,1.000000,1.588414,0.000000,0.953482,0.883369,0.000000
stable,68,off,15237070842348194067,39,52,16,1195.1534,374.8750,1361,1361,1.000000,1.000000,1.547931,0.000000,1.130916,0.000000,0.000000
stable,68,on,6002507896403309283,39,52,16,1184.4254,373.4375,1298,1298,1.000000,1.000000,1.529574,0.000000,1.095775,0.909408,0.000000
stable,69,off,18276871402470333017,39,68,32,1397.3745,374.8125,1395,1395,1.000000,0.986111,1.527301,0.000000,1.051119,0.000000,0.000000
stable,69,on,12741647249318651511,39,67,31,1380.9243,375.8750,1387,1387,1.000000,1.000000,1.514274,0.000000,1.020979,0.893966,0.000000
stable,70,off,18180631992481870284,40,51,15,1295.2114,433.0625,1426,1426,1.000000,1.000000,1.571365,0.000000,1.078062,0.000000,0.000000
stable,70,on,6254162548046965231,40,50,14,1262.7521,430.1875,1318,1318,1.000000,0.981481,1.499374,0.000000,1.011632,0.912580,0.000000
stable,71,off,5147095513898633335,40,66,30,1102.0554,350.9375,1613,1613,1.000000,1.000000,1.744136,0.000000,1.288536,0.000000,0.000000
stable,71,on,18178822316460367886,40,65,29,1105.3491,353.3750,1692,1692,1.000000,1.000000,1.763988,0.000000,1.307208,0.885874,0.000000
scarcity,42,off,317184772437341411,0,13,17,82.7357,58.0625,279,279,1.000000,1.000000,2.195298,0.000000,1.787370,0.000000,0.000000
scarcity,42,on,16270313644226762555,0,13,17,82.6200,60.1250,284,284,1.000000,1.000000,2.187738,0.000000,1.798166,0.808491,0.000000
scarcity,43,off,7854066615734618366,0,12,16,77.5834,54.8750,227,227,1.000000,1.000000,2.239503,0.000000,1.546137,0.000000,0.000000
scarcity,43,on,7854066615734618366,0,12,16,77.5807,55.6250,226,226,1.000000,1.000000,2.242516,0.000000,1.542189,0.795795,0.000000
scarcity,44,off,822660927721147313,0,13,17,73.8722,55.8125,256,256,1.000000,1.000000,2.186901,0.000000,1.570685,0.000000,0.000000
scarcity,44,on,16562182756018650149,0,13,17,74.0539,55.6875,262,262,1.000000,1.000000,2.164595,0.000000,1.600403,0.788286,0.000000
scarcity,45,off,14383140120349625288,0,12,16,75.7387,54.0625,201,201,1.000000,1.000000,2.281166,0.000000,1.440702,0.000000,0.000000
scarcity,45,on,14383140120349625288,0,12,16,75.7423,53.4375,197,197,1.000000,1.000000,2.284443,0.000000,1.434457,0.800821,0.000000
scarcity,46,off,5449210397823497739,0,15,19,81.2922,56.1250,236,236,1.000000,1.000000,2.273565,0.000000,1.505310,0.000000,0.000000
scarcity,46,on,5449210397823497739,0,15,19,81.2852,57.8125,240,240,1.000000,1.000000,2.282267,0.000000,1.479225,0.774646,0.000000
scarcity,47,off,12610055780303362150,0,12,16,83.5026,53.3750,226,226,1.000000,1.000000,2.211041,0.000000,1.569440,0.000000,0.000000
scarcity,47,on,4600725808835933794,0,12,16,83.4234,54.0000,230,230,1.000000,1.000000,2.204809,0.000000,1.571632,0.798719,0.000000
scarcity,48,off,12455489469791223625,0,12,16,70.3940,47.1250,271,271,1.000000,1.000000,2.153294,0.000000,1.596925,0.000000,0.000000
scarcity,48,on,18241965373315697429,0,12,16,70.2531,47.0625,255,255,1.000000,1.000000,2.175534,0.000000,1.562638,0.766970,0.000000
scarcity,49,off,3477869659772660780,0,12,16,73.7393,57.8750,232,232,1.000000,1.000000,2.261973,0.000000,1.564179,0.000000,0.000000
scarcity,49,on,4259847304373149176,0,12,16,73.9897,58.5625,240,240,1.000000,1.000000,2.192696,0.000000,1.577455,0.787963,0.000000
scarcity,50,off,15435179725945102783,0,10,14,75.3338,52.8750,231,231,1.000000,1.000000,2.126394,0.000000,1.684484,0.000000,0.000000
scarcity,50,on,11353445706083007103,0,11,15,75.9699,53.0000,268,268,1.000000,1.000000,2.030906,0.000000,1.685864,0.793049,0.000000
scarcity,51,off,15055256894905701434,0,14,18,84.5701,58.7500,257,257,1.000000,1.000000,2.218349,0.000000,1.540677,0.000000,0.000000
scarcity,51,on,3051537423310386166,0,14,18,84.6207,58.7500,274,274,1.000000,1.000000,2.193933,0.000000,1.540359,0.793735,0.000000
scarcity,52,off,1320308513699650249,0,13,17,87.3475,72.8750,265,265,1.000000,1.000000,2.236788,0.000000,1.468477,0.000000,0.000000
scarcity,52,on,560950651584408393,0,13,17,86.9715,72.4375,270,270,1.000000,1.000000,2.230741,0.000000,1.451870,0.811965,0.000000
scarcity,53,off,3257012730696921764,0,13,17,79.2565,52.3750,271,271,1.000000,1.000000,2.215395,0.000000,1.712636,0.000000,0.000000
scarcity,53,on,6541619026908114256,0,13,17,79.3855,52.1250,271,271,1.000000,1.000000,2.230075,0.000000,1.735188,0.778265,0.000000
scarcity,54,off,14457225020677469447,0,12,16,76.1712,52.6250,207,207,1.000000,1.000000,2.196246,0.000000,1.349975,0.000000,0.000000
scarcity,54,on,14457225020677469447,0,12,16,76.1712,53.2500,207,207,1.000000,1.000000,2.197132,0.000000,1.350584,0.791280,0.000000
scarcity,55,off,17438615021989532422,0,14,18,81.8303,59.1875,298,298,1.000000,1.000000,2.139130,0.000000,1.518761,0.000000,0.000000
scarcity,55,on,17438615021989532422,0,14,18,81.8302,60.1250,292,292,1.000000,1.000000,2.163134,0.000000,1.506337,0.799593,0.000000
scarcity,56,off,17841893870961205409,0,9,13,70.2807,47.6875,200,200,1.000000,1.000000,2.270041,0.000000,1.515456,0.000000,0.000000
scarcity,56,on,17841893870961205409,0,9,13,70.2807,48.3750,204,204,1.000000,1.000000,2.272633,0.000000,1.517149,0.786782,0.000000
scarcity,57,off,2879262892671714868,0,13,17,72.9863,52.7500,201,201,1.000000,1.000000,2.193776,0.000000,1.500080,0.000000,0.000000
scarcity,57,on,2879262892671714868,0,13,17,72.9752,52.6875,195,195,1.000000,1.000000,2.194095,0.000000,1.495874,0.760979,0.000000
scarcity,58,off,52653507813937463,0,17,21,83.8795,57.1875,279,279,1.000000,1.000000,2.247538,0.000000,1.373586,0.000000,0.000000
scarcity,58,on,52653507813937463,0,17,21,83.8876,59.1250,283,283,1.000000,1.000000,2.246853,0.000000,1.370458,0.781428,0.000000
scarcity,59,off,14773024656160810626,0,13,17,79.5032,67.5000,282,282,1.000000,1.000000,2.242943,0.000000,1.420919,0.000000,0.000000
scarcity,59,on,4905137134081622574,0,13,17,79.5574,69.1875,297,297,1.000000,1.000000,2.221935,0.000000,1.412627,0.809028,0.000000
scarcity,60,off,13965043498620566733,0,14,18,86.0296,67.6250,269,269,1.000000,1.000000,2.244868,0.000000,1.585465,0.000000,0.000000
scarcity,60,on,13965043498620566733,0,14,18,86.0262,71.5625,273,273,1.000000,1.000000,2.227556,0.000000,1.580101,0.812471,0.000000
scarcity,61,off,855355546668204856,0,14,18,79.9302,52.3125,294,294,1.000000,1.000000,2.300411,0.000000,1.554688,0.000000,0.000000
scarcity,61,on,855355546668204856,0,14,18,79.9302,53.5625,294,294,1.000000,1.000000,2.300578,0.000000,1.554149,0.792088,0.000000
scarcity,62,off,10434651304544963371,0,11,15,76.9224,59.9375,231,231,1.000000,1.000000,2.304767,0.000000,1.401164,0.000000,0.000000
scarcity,62,on,10434651304544963371,0,11,15,76.9225,61.0000,242,242,1.000000,1.000000,2.285530,0.000000,1.423080,0.809771,0.000000
scarcity,63,off,15341359998722448918,0,11,15,76.6032,61.0625,273,273,1.000000,1.000000,2.142726,0.000000,1.717543,0.000000,0.000000
scarcity,63,on,15341359998722448918,0,11,15,76.6439,62.3750,266,266,1.000000,1.000000,2.152570,0.000000,1.686210,0.821745,0.000000
scarcity,64,off,15571758720661031941,0,15,19,91.6132,74.6250,305,305,1.000000,1.000000,2.245896,0.000000,1.479738,0.000000,0.000000
scarcity,64,on,15571758720661031941,0,15,19,91.6210,75.8125,307,307,1.000000,1.000000,2.248547,0.000000,1.485406,0.823817,0.000000
scarcity,65,off,3914496188643729948,0,14,18,84.6037,60.2500,304,304,1.000000,1.000000,2.156636,0.000000,1.484387,0.000000,0.000000
scarcity,65,on,3914496188643729948,0,14,18,84.6017,62.2500,309,309,1.000000,1.000000,2.137356,0.000000,1.483189,0.788750,0.000000
scarcity,66,off,3522143373875086447,0,13,17,84.4590,60.6250,291,291,1.000000,1.000000,2.287324,0.000000,1.600721,0.000000,0.000000
scarcity,66,on,3522143373875086447,0,13,17,84.4607,60.5625,289,289,1.000000,1.000000,2.276632,0.000000,1.598990,0.813646,0.000000
scarcity,67,off,14372728344274027446,0,14,18,80.7288,58.2500,235,235,1.000000,1.000000,2.198278,0.000000,1.262672,0.000000,0.000000
scarcity,67,on,14372728344274027446,0,14,18,80.7423,60.0000,246,246,1.000000,1.000000,2.189654,0.000000,1.260478,0.792542,0.000000
scarcity,68,off,8306475234076259081,0,12,16,83.8320,57.5000,227,227,1.000000,1.000000,2.273972,0.000000,1.545358,0.000000,0.000000
scarcity,68,on,8306475234076259081,0,12,16,83.8365,58.8125,223,223,1.000000,1.000000,2.290019,0.000000,1.538027,0.794673,0.000000
scarcity,69,off,15707272418855174336,0,10,14,72.0508,54.4375,212,212,1.000000,1.000000,2.215774,0.000000,1.499416,0.000000,0.000000
scarcity,69,on,15707272418855174336,0,10,14,72.0314,54.3125,231,231,1.000000,1.000000,2.235715,0.000000,1.494719,0.814106,0.000000
scarcity,70,off,7463993492802362595,0,11,15,81.1218,68.0000,220,220,1.000000,1.000000,2.225618,0.000000,1.559184,0.000000,0.000000
scarcity,70,on,3325009219762232403,0,11,15,81.1029,67.6250,222,222,1.000000,1.000000,2.219625,0.000000,1.569916,0.826363,0.000000
scarcity,71,off,2382988086984769114,0,14,18,83.2275,62.1875,301,301,1.000000,1.000000,2.350210,0.000000,1.601245,0.000000,0.000000
scarcity,71,on,2382988086984769114,0,14,18,83.2439,62.9375,299,299,1.000000,1.000000,2.321368,0.000000,1.600733,0.799314,0.000000
migration,42,off,14624446755318265771,0,2,6,99.6190,25.5625,334,330,0.988024,1.666667,1.404988,0.270316,2.498891,0.000000,0.000000
migration,42,on,2910211682994747292,1,5,8,176.5741,41.5625,719,714,0.993046,1.555556,1.305441,0.293721,2.606552,0.895583,0.259934
migration,43,off,6538256944089391986,40,64,28,870.9097,291.8750,1406,1367,0.972262,1.529412,2.717068,0.160847,1.395092,0.000000,0.000000
migration,43,on,12991601259406512225,40,71,35,878.2736,304.1250,1503,1463,0.973387,1.480000,2.717211,0.174679,1.439471,0.843171,0.140060
migration,44,off,5339613164792049349,0,3,7,79.0530,29.4375,282,280,0.992908,1.285714,1.915335,0.222202,1.756061,0.000000,0.000000
migration,44,on,3901669432453659782,40,43,7,485.6210,133.8750,1163,1136,0.976784,1.574468,1.667226,0.213428,2.055959,0.795476,0.152231
migration,45,off,5618467808012761411,39,84,48,1041.3103,361.7500,1480,1445,0.976351,1.375000,2.590211,0.268885,1.396982,0.000000,0.000000
migration,45,on,336129016673068092,40,83,47,1042.7500,345.7500,1547,1507,0.974144,1.425287,2.674209,0.231088,1.390796,0.854194,0.192981
migration,46,off,2142600241662913679,0,4,8,45.8076,23.6875,156,155,0.993590,1.125000,2.106859,0.024505,1.610672,0.000000,0.000000
migration,46,on,1892531104291335583,0,4,8,32.0331,20.6250,133,133,1.000000,1.000000,1.865965,0.006355,1.762942,0.737004,0.004635
migration,47,off,13580448653743134204,39,65,29,703.4977,239.6875,1216,1182,0.972039,1.463768,2.855355,0.346805,1.692082,0.000000,0.000000
migration,47,on,701255582304842862,24,61,41,522.3138,214.5000,1139,1111,0.975417,1.369231,2.565804,0.135011,1.869660,0.840918,0.109316
migration,48,off,11281963276341998035,40,67,31,861.8771,294.3750,1379,1336,0.968818,1.507042,2.331389,0.224793,1.426673,0.000000,0.000000
migration,48,on,4595340044306189349,40,70,34,842.5786,309.7500,1452,1421,0.978650,1.364865,2.014189,0.223237,1.316969,0.868199,0.166192
migration,49,off,2153660958634229857,40,78,42,1144.0990,373.4375,1434,1393,0.971409,1.463415,2.650754,0.200317,1.349532,0.000000,0.000000
migration,49,on,5569384516605226252,40,79,43,1263.6412,392.2500,1658,1616,0.974668,1.457831,2.627839,0.293170,1.376798,0.860039,0.246629
migration,50,off,10404350330204613059,0,2,6,80.4434,22.0625,183,180,0.983607,1.500000,1.817029,0.200058,1.969461,0.000000,0.000000
migration,50,on,17374789769829738051,0,2,6,80.2749,21.9375,188,185,0.984043,1.500000,2.000905,0.197494,1.955235,0.809561,0.166422
migration,51,off,9430556763709323952,40,76,40,917.6808,292.9375,1299,1269,0.976905,1.325000,2.304877,0.348440,1.525761,0.000000,0.000000
migration,51,on,1481151420062661953,39,65,29,875.5479,298.8750,1063,1024,0.963311,1.550725,2.935553,0.540050,1.325782,0.859847,0.471892
migration,52,off,8153730693660650173,40,44,8,678.1579,240.4375,1321,1276,0.965935,1.895833,2.581633,0.383069,1.435029,0.000000,0.000000
migration,52,on,16827869469857649201,40,64,28,1013.6011,357.1875,1586,1548,0.976040,1.544118,2.524776,0.260356,1.519151,0.872640,0.219905
migration,53,off,10635510679263803689,40,57,21,997.0118,331.0625,1497,1449,0.967936,1.704918,2.765851,0.304496,1.429763,0.000000,0.000000
migration,53,on,18128978299441749940,40,50,14,1011.0803,310.5000,1546,1482,0.958603,1.907407,3.026528,0.380968,1.506135,0.894221,0.330188
migration,54,off,17294502321262477838,40,86,50,929.6113,302.7500,1189,1151,0.968040,1.422222,2.832652,0.211584,1.268648,0.000000,0.000000
migration,54,on,147656664612443559,40,83,47,831.0173,285.5000,1129,1096,0.970771,1.367816,2.718556,0.174013,1.241951,0.812675,0.134291
migration,55,off,13558530433666893726,40,66,30,756.9304,262.0000,1357,1296,0.955048,1.671429,2.862710,0.387701,1.639515,0.000000,0.000000
migration,55,on,17808282341619357668,40,78,42,648.8751,249.2500,1288,1257,0.975932,1.353659,2.196239,0.323181,1.606586,0.799436,0.234776
migration,56,off,1962512037300317879,40,69,33,821.6965,283.8750,1185,1157,0.976371,1.383562,2.523860,0.153850,1.549659,0.000000,0.000000
migration,56,on,5999862120940223522,40,75,39,728.6423,268.2500,1052,1027,0.976236,1.291139,2.423249,0.091252,1.664488,0.790459,0.061520
migration,57,off,11322351975552159269,40,76,40,1224.2509,346.9375,1683,1644,0.976827,1.450000,2.512086,0.374008,1.486214,0.000000,0.000000
migration,57,on,8431116921715731468,40,77,41,1203.0769,335.3125,1829,1791,0.979224,1.432099,2.450885,0.401043,1.504561,0.854312,0.340493
migration,58,off,2471293113560299275,0,6,10,32.0554,21.2500,132,132,1.000000,1.000000,1.719705,0.000617,1.649515,0.000000,0.000000
migration,58,on,2471293113560299275,0,6,10,31.9093,22.8750,146,146,1.000000,1.000000,1.626482,0.000549,1.629841,0.758158,0.000000
migration,59,off,9188421961682776866,40,64,28,1019.3936,329.4375,1381,1342,0.971760,1.529412,2.862073,0.192178,1.397543,0.000000,0.000000
migration,59,on,12393652972944127476,40,74,38,983.9685,366.1250,1410,1375,0.975177,1.448718,2.727052,0.175323,1.386486,0.837886,0.136706
migration,60,off,1743138608450445799,40,73,37,859.9556,349.5000,1282,1247,0.972699,1.441558,2.642334,0.124969,1.417021,0.000000,0.000000
migration,60,on,1651874879091682287,40,73,37,1024.6709,374.0625,1276,1238,0.970219,1.493506,2.856366,0.170492,1.384842,0.851127,0.143647
migration,61,off,3881418489219696248,40,54,18,964.0499,302.5625,1354,1294,0.955687,1.879310,3.235713,0.224093,1.317595,0.000000,0.000000
migration,61,on,6901467443364107729,40,61,25,952.8969,306.6250,1348,1295,0.960682,1.723077,3.198821,0.227589,1.313861,0.877429,0.193153
migration,62,off,16771744157347188774,40,67,31,1047.7316,366.6875,1263,1228,0.972288,1.422535,2.596969,0.137140,1.377496,0.000000,0.000000
migration,62,on,16520775382553465682,40,65,29,1223.6650,391.8125,1371,1336,0.974471,1.478261,2.406151,0.266459,1.280829,0.882443,0.229256
migration,63,off,11716912427736284360,0,3,7,67.5041,31.0625,181,179,0.988950,1.285714,2.131596,0.124936,1.999474,0.000000,0.000000
migration,63,on,11183311764262943046,0,4,8,85.3779,34.8750,260,257,0.988462,1.375000,2.038686,0.186730,2.059056,0.840665,0.163402
migration,64,off,17369466007807344757,20,51,34,595.6070,237.3750,1872,1834,0.979701,1.672727,2.189172,0.174890,1.968637,0.000000,0.000000
migration,64,on,4951005140448268121,28,62,38,560.6708,249.5625,1422,1392,0.978903,1.393939,2.141141,0.121370,1.836477,0.855713,0.095459
migration,65,off,2453054702140475562,40,71,35,914.6061,268.7500,1101,1066,0.968211,1.440000,2.714460,0.697668,1.539528,0.000000,0.000000
migration,65,on,17007164317552608833,40,77,41,897.9852,312.7500,1029,971,0.943635,1.604938,3.217592,0.730512,1.326079,0.825102,0.607346
migration,66,off,3735586698765226735,40,65,29,870.4327,257.5625,1450,1383,0.953793,1.782609,3.290685,0.645501,1.591084,0.000000,0.000000
migration,66,on,96835137558756908,40,78,42,949.6589,304.5000,1654,1611,0.974002,1.500000,2.703278,0.416091,1.668242,0.848486,0.341671
migration,67,off,10596124868242036114,40,70,34,682.9138,238.0625,985,960,0.974619,1.324324,2.555173,0.235062,1.318225,0.000000,0.000000
migration,67,on,17756931753092893254,40,79,43,624.3255,235.7500,973,957,0.983556,1.192771,2.367896,0.240772,1.428636,0.803843,0.169988
migration,68,off,10943760064913646146,40,75,39,802.0607,253.0625,1733,1673,0.965378,1.481013,2.318296,0.311075,2.147024,0.000000,0.000000
migration,68,on,9361709557087224399,3,40,41,406.9708,178.2500,931,899,0.965628,1.636364,2.405294,0.217413,2.096998,0.840744,0.168163
migration,69,off,6438574732507498918,0,3,7,206.6210,52.8750,530,524,0.988679,1.857143,1.462383,0.408303,2.059020,0.000000,0.000000
migration,69,on,437320775815746459,40,71,35,906.1581,311.9375,1199,1166,0.972477,1.360000,2.275311,0.076194,1.066251,0.839636,0.053881
migration,70,off,2467250257143735659,40,63,27,859.6072,338.8750,1181,1140,0.965284,1.567164,2.790261,0.294950,1.392772,0.000000,0.000000
migration,70,on,8871873732647909022,40,60,24,1133.1268,429.5625,1188,1135,0.955387,1.625000,2.476951,0.394936,1.266033,0.879864,0.336734
migration,71,off,1167473190174314508,40,76,40,1014.8881,340.4375,1582,1545,0.976612,1.437500,2.459242,0.445433,1.555169,0.000000,0.000000
migration,71,on,10808686190263457739,40,77,41,1055.6792,346.0625,1487,1438,0.967048,1.518519,2.761061,0.418531,1.428516,0.860481,0.360712
