arm,seed,hash,final_population,births,deaths,food_consumed,water_consumed,plant_count_final,activations,deactivations,distinct_sites_ever_active,mean_active_food_sites,first_turnover_tick,site_entries,same_site_fraction,cross_kind_legs,pair_repeat_fraction,mean_distinct_pairs,pair_changed_fraction,food_to_water,water_to_food,mean_distinct_sites,mean_speed
frozen,42,11138976891822363979,0,1,5,80.834770,16.000000,18,12,0,18,17.368667,19,235,0.659574,70,0.828571,2.200000,0.800000,33,37,3.400000,2.466760
shifting,42,13368862183588017293,0,1,5,82.754829,17.625000,12,36,30,18,12.717667,19,243,0.662551,69,0.724638,3.000000,1.000000,33,36,4.200000,2.439488
shifting-mature,42,6233703952621891585,0,7,11,220.183533,44.750000,12,36,30,18,12.717667,19,635,0.700787,159,0.779874,2.636364,0.909091,78,81,4.090909,2.576096
shifting-8founders,42,9845249273885248916,0,62,70,687.673340,288.500000,4,26,28,18,9.879667,19,2047,0.609673,608,0.523026,2.871429,0.828571,315,293,4.271429,2.071301
frozen,43,11089681845051955958,40,48,12,1149.754883,304.312500,18,12,0,18,17.335333,19,2235,0.502908,828,0.599034,3.288462,0.903846,415,413,4.461538,1.949884
shifting,43,9253024022537775065,40,62,26,923.075745,292.500000,6,29,29,18,11.210000,19,1945,0.463753,844,0.668246,2.924242,0.651515,430,414,4.439394,1.965430
shifting-mature,43,15391946910365211120,36,68,36,774.089172,256.437500,7,30,29,18,11.453500,19,1893,0.492340,743,0.604307,2.583333,0.722222,378,365,4.083333,1.733890
shifting-8founders,43,11073082938210641468,24,59,43,635.261047,235.437500,4,25,27,18,9.793000,19,1623,0.588417,542,0.684502,2.328358,0.761194,282,260,3.552239,1.723357
frozen,44,4629863685210413495,40,44,8,1028.870239,265.687500,18,12,0,18,17.475333,19,1959,0.465544,787,0.631512,3.312500,0.958333,394,393,4.500000,1.822149
shifting,44,1685393095965221029,40,66,30,820.568848,242.125000,8,31,29,18,11.320333,19,1865,0.522788,708,0.668079,2.842857,0.942857,362,346,4.385714,1.842143
shifting-mature,44,3210619297293524230,2,27,29,362.697540,127.250000,9,32,29,18,11.613833,19,1007,0.562066,358,0.561453,3.612903,0.967742,182,176,4.967742,2.019493
shifting-8founders,44,17179862054549469065,0,34,42,454.111389,184.437500,6,27,27,18,10.330000,19,1236,0.588997,407,0.660934,2.880952,0.952381,213,194,4.238095,1.961666
frozen,45,9061986817147287585,40,60,24,662.937683,171.375000,18,12,0,18,17.402000,19,1419,0.505285,533,0.690432,1.890625,0.734375,267,266,3.078125,1.638970
shifting,45,4963484941996006476,40,57,21,578.530579,147.312500,12,36,30,18,12.474333,19,1270,0.466142,479,0.540710,2.737705,0.901639,241,238,4.344262,1.637063
shifting-mature,45,7360462466721038780,40,69,33,696.270508,195.812500,12,36,30,18,12.431000,19,1592,0.487437,594,0.557239,2.753425,0.835616,297,297,4.178082,1.671317
shifting-8founders,45,3300462147459233864,36,75,47,647.276550,255.000000,2,23,27,18,9.512667,19,1733,0.543566,652,0.673313,2.228916,0.734940,352,300,3.433735,1.732544
frozen,46,14152508610510831448,0,0,4,75.360703,16.562500,18,12,0,18,17.385333,19,257,0.731518,59,0.728814,2.500000,0.750000,28,31,3.500000,2.091982
shifting,46,9069145082139090238,0,0,4,76.006599,16.250000,12,37,31,18,12.707667,19,239,0.698745,60,0.700000,3.250000,0.750000,28,32,4.500000,2.047940
shifting-mature,46,14603393722220448615,40,79,43,922.731812,241.000000,8,31,29,18,11.297000,19,2070,0.607729,624,0.625000,2.265060,0.650602,326,298,3.614458,1.601360
shifting-8founders,46,9508587423100842393,17,49,40,597.087402,188.187500,5,27,28,18,10.186500,19,1531,0.577400,495,0.573737,3.052632,0.877193,254,241,4.596491,1.671218
frozen,47,2501014503334485246,40,44,8,1084.088623,269.312500,18,12,0,18,17.425333,19,2058,0.512634,750,0.628000,3.229167,0.937500,377,373,4.437500,1.942469
shifting,47,14915073444858262049,26,54,32,829.079468,258.812500,8,32,30,18,11.773667,19,1772,0.499436,683,0.568082,3.275862,0.758621,347,336,4.672414,1.811113
shifting-mature,47,7156962437237147941,40,59,23,907.062805,268.312500,6,30,30,18,11.340000,19,1912,0.480649,765,0.581699,3.587302,0.746032,397,368,5.365079,1.844828
shifting-8founders,47,1603442039346019211,0,53,61,585.775757,259.937500,3,24,27,18,9.556167,19,1641,0.553931,584,0.614726,3.098361,0.704918,308,276,4.622951,2.004278
frozen,48,9600303321897551083,40,58,22,1088.865479,165.625000,18,12,0,18,17.345333,39,2131,0.677616,547,0.767824,1.677419,0.580645,273,274,3.080645,1.881287
shifting,48,13773418435292641950,0,8,12,291.855957,52.125000,12,36,30,18,12.677667,39,532,0.629699,161,0.714286,2.750000,0.833333,78,83,3.833333,2.112741
shifting-mature,48,6547922820889870492,38,62,28,842.061218,244.250000,6,29,29,18,11.260000,39,1929,0.532919,681,0.571219,3.242424,0.954545,355,326,4.696970,1.892370
shifting-8founders,48,5119825624492483823,33,72,47,858.326111,279.000000,3,23,26,18,9.446167,39,2090,0.563158,750,0.666667,2.587500,0.762500,399,351,3.975000,1.951727
frozen,49,665728324645959607,40,60,24,1126.765869,258.062500,18,12,0,18,17.415333,19,1819,0.476636,700,0.632857,2.625000,0.796875,352,348,4.000000,1.593101
shifting,49,8582289532238714960,21,45,28,720.863220,217.062500,7,30,29,18,11.276833,19,1557,0.476557,612,0.566993,4.020408,0.918367,313,299,6.122449,1.821151
shifting-mature,49,15600927699659326434,26,40,18,618.124817,191.375000,7,30,29,18,11.276833,19,1242,0.479066,488,0.520492,3.909091,0.931818,249,239,5.863636,1.865051
shifting-8founders,49,13491173221451448355,0,33,41,420.758759,185.375000,4,25,27,18,9.689667,19,1142,0.566550,400,0.615000,3.146341,0.951220,205,195,4.463415,1.819449
frozen,50,17993540617228305102,0,9,13,254.675247,51.125000,18,12,0,18,17.355333,19,753,0.726428,181,0.801105,2.769231,0.846154,88,93,4.153846,2.300482
shifting,50,11940615502344385549,36,47,15,563.407471,155.625000,9,32,29,18,11.327167,19,1442,0.618585,416,0.656250,2.176471,0.666667,218,198,3.627451,1.748288
shifting-mature,50,3375651408155920085,0,3,7,116.664787,20.812500,12,35,29,18,11.887667,19,294,0.704082,76,0.828947,1.857143,0.571429,35,41,3.142857,2.289280
shifting-8founders,50,4652133544467405625,0,37,45,403.359436,163.562500,7,26,25,18,9.406833,19,1068,0.580524,351,0.618234,2.444444,0.866667,187,164,3.711111,1.659510
frozen,51,16218684695549757938,40,51,15,1107.397339,217.562500,18,12,0,18,17.455333,19,1943,0.586207,621,0.640902,2.836364,0.890909,311,310,4.054545,1.608567
shifting,51,764438058082969854,0,21,25,329.643799,85.875000,10,33,29,18,12.000667,19,779,0.576380,236,0.542373,3.080000,0.920000,120,116,4.720000,1.930843
shifting-mature,51,15649780550178372983,40,48,12,960.616089,214.812500,11,35,30,18,12.507500,19,1980,0.564646,650,0.583077,3.557692,0.961538,324,326,5.173077,1.841118
shifting-8founders,51,12267687040127638045,0,23,31,285.209198,92.250000,7,29,28,18,10.366833,19,899,0.640712,254,0.598425,2.838710,0.935484,135,119,4.129032,1.884580
frozen,52,8692325735622457247,40,46,10,721.782471,190.875000,18,12,0,18,17.375333,19,1335,0.467416,571,0.714536,2.140000,0.720000,283,288,3.400000,1.748027
shifting,52,17164429714545782108,40,49,13,769.226196,206.562500,11,35,30,18,12.537500,19,1361,0.421749,607,0.640857,3.056604,0.867925,305,302,4.509434,1.690036
shifting-mature,52,461540711042028008,27,59,36,624.145264,219.437500,9,33,30,18,11.597167,19,1474,0.523745,554,0.633574,2.492063,0.682540,288,266,3.825397,1.576016
shifting-8founders,52,9977946787974602157,2,49,55,686.434875,284.062500,4,24,26,18,9.566333,19,1715,0.508455,660,0.622727,3.508772,0.842105,340,320,5.228070,1.907459
frozen,53,11800631692042478988,40,43,7,1010.348389,269.187500,18,12,0,18,17.368667,19,1738,0.502877,685,0.636496,3.212766,0.978723,341,344,4.425532,1.911838
shifting,53,16052120532872625472,40,43,7,1017.970093,283.125000,11,35,30,18,12.357500,19,1731,0.452340,725,0.537931,4.957447,0.978723,365,360,6.851064,1.941384
shifting-mature,53,6641608169963681359,40,51,15,1309.306519,330.812500,10,33,29,18,11.650667,19,2390,0.472385,954,0.556604,4.563636,0.909091,476,478,6.363636,2.085945
shifting-8founders,53,2532479752458648832,20,59,47,810.131531,313.687500,4,26,28,18,10.426333,19,2195,0.538952,806,0.596774,3.850746,0.925373,415,391,5.507463,2.168233
frozen,54,925469857630212257,40,65,29,1020.367188,231.625000,18,12,0,18,17.372000,19,1549,0.462234,629,0.689984,2.028986,0.666667,316,313,3.304348,1.330581
shifting,54,16227822157292434063,38,62,28,818.776672,234.125000,8,33,31,18,11.927000,19,1413,0.430998,636,0.621069,2.742424,0.772727,324,312,4.090909,1.310199
shifting-mature,54,1162859421075550732,18,61,47,625.928528,196.437500,10,33,29,18,11.520667,19,1268,0.421136,537,0.569832,2.846154,0.800000,273,264,4.369231,1.558586
shifting-8founders,54,1792879162942610805,30,63,41,651.674622,272.687500,4,25,27,18,9.583000,19,1357,0.476050,579,0.637306,2.323944,0.591549,310,269,3.633803,1.433380
frozen,55,13174322259347524813,39,45,9,609.633484,137.437500,18,12,0,18,17.385333,39,1312,0.636433,399,0.819549,1.387755,0.387755,202,197,2.591837,1.463562
shifting,55,3343236506056853983,39,43,8,774.310181,180.062500,8,28,26,18,10.277000,39,1719,0.605585,517,0.690522,2.702128,0.978723,256,261,4.297872,1.657203
shifting-mature,55,756753224205913588,0,6,10,170.301224,37.562500,8,28,26,18,10.440333,39,541,0.707948,133,0.736842,2.700000,0.900000,64,69,3.800000,2.027723
shifting-8founders,55,3185337649213538697,15,30,23,496.574615,163.437500,5,22,23,18,8.466500,39,1266,0.619273,403,0.679901,2.736842,0.842105,204,199,4.000000,1.529180
frozen,56,6092950723225233736,40,55,19,1119.683105,250.000000,18,12,0,18,17.308667,19,1734,0.505767,640,0.614062,2.966102,0.813559,322,318,4.338983,1.646345
shifting,56,7650187975967462568,40,49,13,985.245789,226.750000,8,32,30,18,11.857000,19,1582,0.475980,622,0.541801,3.924528,0.886792,313,309,5.716981,1.680254
shifting-mature,56,3981366228482454427,39,80,45,974.317017,271.187500,8,31,29,18,11.113667,19,2065,0.534625,732,0.568306,3.000000,0.928571,381,351,4.547619,1.822629
shifting-8founders,56,13210586354315013814,4,58,61,682.263672,251.750000,5,24,25,18,9.499833,19,1841,0.571972,646,0.614551,3.151515,0.939394,338,308,4.575758,1.870101
frozen,57,17108741626288932964,40,43,7,669.805176,151.187500,18,12,0,18,17.315333,19,1106,0.528029,393,0.669211,2.234043,0.851064,196,197,3.595745,1.523507
shifting,57,12798998757763384487,37,55,21,781.415771,223.125000,10,33,29,18,11.790667,19,1333,0.460615,526,0.520913,3.288136,0.813559,268,258,4.983051,1.540097
shifting-mature,57,2449840802931817490,34,60,30,1031.333984,285.312500,8,31,29,18,11.403667,19,2230,0.492825,839,0.532777,4.281250,0.953125,428,411,6.218750,2.095122
shifting-8founders,57,9330917157614093583,0,55,63,722.600891,283.500000,2,21,25,18,8.796000,19,1884,0.600849,579,0.601036,3.174603,0.730159,309,270,4.809524,1.802705
frozen,58,8996531574408573942,27,29,6,518.648376,98.875000,18,12,0,18,17.338667,19,1769,0.740531,392,0.795918,2.212121,0.909091,194,198,3.575758,1.994370
shifting,58,3781447789297153788,37,41,7,646.625488,164.312500,9,31,28,18,11.063833,19,1722,0.614402,496,0.540323,3.377778,0.911111,255,241,4.666667,2.110720
shifting-mature,58,15973448548042404818,40,45,9,503.883087,108.937500,9,32,29,18,11.163833,19,1292,0.597523,395,0.640506,2.224490,0.795918,198,197,3.530612,1.747753
shifting-8founders,58,11106263644780053000,19,29,18,409.902252,119.750000,8,31,29,18,11.427000,19,1028,0.566148,344,0.619186,2.540541,0.837838,177,167,3.891892,1.909682
frozen,59,4131558469896686760,39,42,7,405.064240,99.687500,18,12,0,18,17.322000,19,809,0.564895,272,0.750000,1.260870,0.347826,136,136,2.434783,1.519430
shifting,59,6031780091399086765,33,34,5,396.760803,92.500000,12,36,30,18,12.687667,19,1022,0.633072,275,0.683636,1.552632,0.578947,138,137,2.894737,1.802091
shifting-mature,59,448262686460711110,6,46,44,783.389465,279.437500,10,34,30,18,12.160667,19,1656,0.499396,670,0.614925,3.720000,0.980000,344,326,5.120000,1.791137
shifting-8founders,59,2068824288662581454,40,72,40,844.401733,281.875000,3,24,27,18,9.542833,19,1783,0.528323,688,0.684593,2.475000,0.787500,359,329,3.825000,1.631047
frozen,60,1526441572857339116,40,71,35,1277.119507,329.625000,18,12,0,18,17.322000,19,2137,0.451100,873,0.586483,2.866667,0.840000,436,437,4.120000,1.695304
shifting,60,3272737611795963838,40,78,42,766.113098,274.625000,10,32,28,18,11.730667,19,1645,0.472340,634,0.525237,2.634146,0.792683,325,309,4.060976,1.643331
shifting-mature,60,14159755052924769962,1,39,42,529.353088,233.812500,10,32,28,18,11.770667,19,1346,0.520059,495,0.533333,3.674419,0.953488,253,242,5.162791,1.944702
shifting-8founders,60,17196333172785166990,3,37,42,545.355957,225.375000,7,27,26,18,10.060167,19,1325,0.540377,472,0.625000,3.266667,0.955556,243,229,4.977778,1.789937
frozen,61,3590858050710920834,40,48,12,759.123535,182.187500,18,12,0,18,17.362000,19,1509,0.526839,515,0.627184,2.442308,0.865385,257,258,3.673077,1.735864
shifting,61,11863467043896229662,25,55,34,566.110229,175.500000,9,32,29,18,11.727167,19,1308,0.560398,450,0.691111,2.000000,0.559322,235,215,3.491525,1.625019
shifting-mature,61,14792510486101854382,24,27,7,258.680450,59.375000,12,36,30,18,12.754333,19,602,0.533223,198,0.636364,1.483871,0.612903,98,100,2.774194,1.592404
shifting-8founders,61,9254476883652228513,40,72,40,659.665100,220.437500,4,23,25,18,9.216333,19,1683,0.617350,501,0.668663,1.975000,0.662500,264,237,3.275000,1.603191
frozen,62,3974132950527253297,40,53,17,1198.624756,255.562500,18,12,0,18,17.308667,19,2101,0.498334,808,0.641089,3.350877,0.859649,403,405,4.649123,1.844582
shifting,62,16225848760587635414,40,56,20,804.260803,185.750000,8,31,29,18,11.203667,19,1532,0.480418,591,0.570220,3.083333,0.900000,298,293,4.666667,1.904641
shifting-mature,62,2162690552718793524,7,37,34,471.618256,189.375000,10,33,29,18,11.457333,19,1053,0.463438,452,0.573009,3.341463,0.902439,229,223,4.707317,1.985723
shifting-8founders,62,10282476943449142961,0,47,55,559.100708,229.812500,2,21,25,18,8.699333,19,1491,0.601610,473,0.604651,2.890909,0.690909,251,222,4.200000,1.853166
frozen,63,15523910491024298630,0,1,5,112.762779,29.312500,18,12,0,18,17.382000,19,274,0.700730,72,0.750000,2.200000,0.800000,34,38,3.200000,2.264454
shifting,63,2896839727163492986,20,22,6,262.040070,60.562500,12,36,30,18,12.177667,19,511,0.518591,187,0.705882,1.538462,0.538462,92,95,2.730769,1.834520
shifting-mature,63,17019586620472134482,40,67,31,1008.421570,295.562500,8,31,29,18,11.190333,19,1942,0.443872,788,0.470812,4.000000,0.971831,399,389,5.661972,2.068504
shifting-8founders,63,6322126975277590235,0,39,47,474.746277,205.187500,4,21,23,18,8.483000,19,1253,0.588188,397,0.559194,3.106383,0.893617,208,189,4.340426,1.861278
frozen,64,1179270497929939954,40,42,6,531.556641,132.812500,18,12,0,18,17.375333,19,1022,0.538160,377,0.769231,1.456522,0.434783,187,190,2.717391,1.595706
shifting,64,933118149867329186,40,42,6,558.879456,158.000000,10,34,30,18,12.164000,19,1135,0.451101,487,0.622177,3.086957,0.956522,243,244,4.369565,1.681254
shifting-mature,64,12885284315535844041,2,31,33,351.801880,149.375000,10,33,29,18,11.414000,19,1072,0.467351,442,0.576923,3.571429,0.942857,223,219,5.142857,2.003675
shifting-8founders,64,10966636271924596550,0,34,42,364.636169,154.625000,6,27,27,18,10.223333,19,1110,0.565766,383,0.624021,2.857143,0.833333,199,184,4.071429,1.922606
frozen,65,10408287029859966172,0,2,6,125.385765,29.625000,18,12,0,18,17.342000,19,328,0.661585,98,0.887755,1.833333,0.666667,47,51,3.333333,1.952139
shifting,65,80432869446900227,40,42,6,440.371063,99.062500,12,36,30,18,12.321000,19,701,0.490728,267,0.651685,1.695652,0.673913,132,135,3.065217,1.261582
shifting-mature,65,9607541791395717083,0,2,6,126.835983,31.000000,12,37,31,18,12.477667,19,388,0.685567,110,0.836364,2.500000,0.833333,53,57,3.666667,2.019538
shifting-8founders,65,13385412976202451619,3,64,69,695.607788,257.812500,4,25,27,18,9.696333,19,1891,0.544157,666,0.642643,2.750000,0.708333,350,316,4.305556,1.789994
frozen,66,9934501761699300514,0,3,7,162.418274,36.125000,18,12,0,18,17.428667,19,585,0.736752,140,0.814286,2.571429,1.000000,68,72,3.571429,2.288051
shifting,66,18002315321047993974,1,3,6,190.609695,45.937500,12,36,30,18,12.624333,19,456,0.627193,138,0.644928,4.000000,1.000000,67,71,5.428571,2.172616
shifting-mature,66,6376632739854488324,17,49,36,792.393188,247.062500,7,29,28,18,11.046833,19,1790,0.490503,676,0.619822,3.735849,0.943396,350,326,6.094340,2.033082
shifting-8founders,66,17272643438976185405,0,57,65,739.108887,315.812500,3,24,27,18,9.526167,19,1917,0.564424,680,0.645588,3.123077,0.753846,356,324,4.692308,1.995794
frozen,67,14059975964080687995,40,41,5,602.939331,131.562500,18,12,0,18,17.438667,19,1105,0.543891,392,0.729592,1.911111,0.733333,199,193,3.311111,1.470341
shifting,67,6655888324351710362,40,41,5,625.882629,152.812500,12,36,30,18,12.167667,19,1056,0.454545,432,0.583333,2.844444,0.955556,217,215,4.111111,1.441443
shifting-mature,67,13371510927056507568,1,41,44,672.473633,233.750000,9,32,29,18,11.327167,19,1489,0.523842,567,0.682540,3.355556,0.955556,294,273,4.822222,1.529127
shifting-8founders,67,2821943272621865198,15,54,47,694.807373,238.875000,4,24,26,18,9.469667,19,1652,0.548426,569,0.534271,3.467742,0.967742,298,271,4.919355,1.869662
frozen,68,17338067127437625546,0,0,4,73.014809,15.000000,18,12,0,18,17.408667,19,244,0.704918,68,0.926471,1.250000,0.250000,32,36,2.250000,2.456668
shifting,68,17321121360607333863,0,0,4,85.837540,18.437500,12,36,30,18,12.761000,19,230,0.643478,68,0.779412,3.000000,0.750000,32,36,4.000000,2.382009
shifting-mature,68,15410816763726268951,0,2,6,125.192345,25.750000,12,36,30,18,12.707667,19,378,0.743386,80,0.787500,2.500000,0.500000,38,42,4.000000,2.395213
shifting-8founders,68,17747183673069252540,1,19,26,260.516327,107.562500,7,28,27,18,10.406833,19,764,0.620419,241,0.701245,2.518519,0.814815,125,116,3.666667,1.877934
frozen,69,12716508315860357601,0,1,5,143.753876,33.000000,18,12,0,18,17.312000,19,300,0.633333,102,0.852941,2.000000,0.800000,49,53,3.000000,1.985696
shifting,69,13655251532427989814,0,1,5,159.798553,37.375000,12,36,30,18,12.601000,19,292,0.530822,122,0.795082,3.800000,1.000000,59,63,5.000000,1.908176
shifting-mature,69,8014006559215626691,7,41,38,580.548096,261.687500,10,33,29,18,11.730667,19,1249,0.489191,522,0.639847,3.155556,0.955556,270,252,4.355556,1.505431
shifting-8founders,69,912595995870057212,0,35,43,435.015198,171.312500,5,26,27,18,9.799833,19,1168,0.592466,376,0.662234,2.534884,0.930233,197,179,3.976744,1.740346
frozen,70,3084129966096216183,1,1,4,154.210403,39.812500,18,12,0,18,17.392000,19,298,0.493289,139,0.863309,2.400000,0.600000,67,72,3.400000,2.136321
shifting,70,6989622300348925653,40,40,4,710.284424,191.312500,11,35,30,18,12.397500,19,992,0.405242,477,0.616352,2.659091,0.659091,238,239,4.204545,1.639580
shifting-mature,70,10660113401494631488,21,39,22,736.303528,237.062500,7,31,30,18,11.653500,19,1269,0.468873,561,0.616756,3.395349,0.860465,285,276,4.976744,1.847347
shifting-8founders,70,13082394818321752993,0,56,64,594.581238,295.875000,3,24,27,18,9.592833,19,1795,0.605571,567,0.647266,2.718750,0.812500,298,269,4.093750,1.904818
frozen,71,14680237737458550209,40,72,36,1017.037231,263.375000,18,12,0,18,17.365333,19,1951,0.488980,703,0.577525,2.539474,0.802632,352,351,3.789474,1.746641
shifting,71,10443561425614774318,40,70,34,988.611511,272.062500,8,30,28,18,11.087000,19,1927,0.472237,719,0.546592,3.418919,0.824324,364,355,5.256757,1.807946
shifting-mature,71,4527616200373080744,40,61,25,1090.648193,292.375000,8,31,29,18,11.190333,19,2064,0.476744,788,0.549492,4.138462,0.938462,395,393,6.015385,1.932960
shifting-8founders,71,17831889681098251162,0,37,45,499.031403,208.812500,5,24,25,18,9.303167,19,1313,0.587205,437,0.627002,2.955556,0.955556,233,204,4.311111,1.849171
