arm,seed,final_population,births,deaths,founder_deaths,founder_starvation,founder_dehydration,founder_other_deaths,first_founder_death_tick,last_founder_death_tick,stat_starvation_deaths,stat_dehydration_deaths,mean_founder_min_energy_fraction,mean_founder_min_hydration_fraction,mean_founder_mean_energy_fraction,mean_founder_mean_hydration_fraction,mean_founder_travel,mean_distance_to_water,mean_distance_to_food,adult_energy_ok_fraction,adult_hydration_ok_fraction,adult_joint_ok_fraction
stable,42,40,69,33,4,0,0,4,2310,4580,0,0,0.4977,0.6699,0.7778,0.8710,249.8844,1.6022,1.6022,0.9564,0.9938,0.9559
stable,43,40,67,31,4,0,0,4,2770,4480,0,0,0.4856,0.6722,0.7852,0.8762,202.0971,1.3200,1.3200,0.9573,0.9904,0.9568
stable,44,40,70,34,4,0,0,4,1970,4580,0,0,0.4327,0.6771,0.7677,0.8728,184.6630,1.4221,1.4221,0.9373,0.9905,0.9368
stable,45,40,78,42,4,0,0,4,1850,4140,0,0,0.4689,0.6979,0.7686,0.8738,168.0970,1.5331,1.5331,0.9426,0.9944,0.9421
stable,46,40,69,33,4,0,0,4,2690,5310,0,0,0.4541,0.6820,0.7692,0.8683,204.4650,1.4249,1.4249,0.9461,0.9938,0.9454
stable,47,40,60,24,4,0,0,4,1830,4980,0,0,0.4885,0.6614,0.7805,0.8684,233.6217,1.4720,1.4720,0.9682,0.9924,0.9675
stable,48,40,58,22,4,0,0,4,1930,5390,0,0,0.4358,0.7095,0.7659,0.8766,220.5714,1.2052,1.2052,0.9619,0.9965,0.9615
stable,49,40,75,39,4,0,0,4,2380,5200,0,0,0.4022,0.6505,0.7595,0.8584,184.8016,1.1665,1.1665,0.9436,0.9905,0.9429
stable,50,40,72,36,4,0,0,4,2340,4470,0,0,0.4615,0.6803,0.7728,0.8711,196.1266,1.2790,1.2790,0.9426,0.9910,0.9420
stable,51,40,56,20,4,0,0,4,2740,5400,0,0,0.4351,0.6588,0.7744,0.8711,231.9467,1.5344,1.5344,0.9329,0.9896,0.9325
stable,52,40,58,22,4,0,0,4,2520,5120,0,0,0.4684,0.6619,0.7796,0.8660,223.6426,1.5046,1.5046,0.9591,0.9916,0.9585
stable,53,40,63,27,4,0,0,4,3840,4860,0,0,0.5155,0.7161,0.7933,0.8841,231.9376,1.2068,1.2068,0.9651,0.9944,0.9646
stable,54,40,85,49,4,0,0,4,2010,5370,0,0,0.4583,0.6534,0.7637,0.8661,159.4345,1.6281,1.6281,0.9328,0.9904,0.9321
stable,55,40,70,34,4,0,0,4,2490,4370,0,0,0.4343,0.6822,0.7704,0.8750,191.3119,1.4473,1.4473,0.9365,0.9924,0.9356
stable,56,39,74,38,4,0,0,4,2240,4820,0,0,0.4280,0.6483,0.7506,0.8500,187.9469,1.2821,1.2821,0.9247,0.9849,0.9240
stable,57,40,77,41,4,0,0,4,2520,3960,0,0,0.4558,0.6601,0.7693,0.8632,175.6630,1.3316,1.3316,0.9270,0.9869,0.9264
stable,58,40,62,26,4,0,0,4,2180,4900,0,0,0.4623,0.6814,0.7803,0.8838,206.7022,1.5948,1.5948,0.9676,0.9953,0.9672
stable,59,39,64,28,4,0,0,4,2510,4600,0,0,0.5167,0.6780,0.7832,0.8734,220.6311,1.6057,1.6057,0.9513,0.9908,0.9505
stable,60,39,72,36,4,0,0,4,2720,4130,0,0,0.4788,0.6642,0.7793,0.8658,228.9424,1.5241,1.5241,0.9430,0.9894,0.9425
stable,61,40,60,24,4,0,0,4,3090,5220,0,0,0.4371,0.6793,0.7790,0.8836,204.8912,1.2492,1.2492,0.9495,0.9964,0.9494
stable,62,40,69,33,4,0,0,4,3270,4070,0,0,0.5030,0.6628,0.7822,0.8686,197.0945,1.3357,1.3357,0.9624,0.9947,0.9618
stable,63,40,74,38,4,0,0,4,2190,4510,0,0,0.4560,0.6256,0.7539,0.8438,207.2104,1.4304,1.4304,0.9445,0.9911,0.9437
stable,64,40,56,20,4,0,0,4,4160,4730,0,0,0.5490,0.6912,0.7971,0.8780,232.5495,1.3735,1.3735,0.9732,0.9974,0.9727
stable,65,40,65,29,4,0,0,4,2760,5080,0,0,0.4868,0.6795,0.7794,0.8747,250.9208,1.4606,1.4606,0.9608,0.9950,0.9604
stable,66,40,68,32,4,0,0,4,2520,5030,0,0,0.5141,0.6637,0.7835,0.8783,263.6579,1.5671,1.5671,0.9603,0.9942,0.9597
stable,67,40,62,26,4,0,0,4,3610,4770,0,0,0.4425,0.6577,0.7773,0.8755,193.9517,1.3184,1.3184,0.9503,0.9934,0.9498
stable,68,39,52,16,4,0,0,4,1850,5220,0,0,0.4581,0.6462,0.7818,0.8711,226.0680,1.3709,1.3709,0.9605,0.9914,0.9601
stable,69,39,68,32,4,0,0,4,3940,4650,0,0,0.4785,0.6619,0.7826,0.8636,193.4299,1.0898,1.0898,0.9516,0.9902,0.9513
stable,70,40,51,15,4,0,0,4,2860,5170,0,0,0.5039,0.6545,0.7773,0.8594,238.5779,1.3930,1.3930,0.9612,0.9950,0.9608
stable,71,40,66,30,4,0,0,4,2580,5330,0,0,0.4846,0.6968,0.7809,0.8839,257.9043,1.5932,1.5932,0.9536,0.9948,0.9530
shifting,42,0,1,5,4,0,0,4,2310,2830,0,0,0.3346,0.3858,0.6022,0.6593,303.6349,5.5900,2.4080,0.2358,0.3081,0.2159
shifting,43,40,62,26,4,0,0,4,2550,4480,21,0,0.3039,0.4914,0.6608,0.7259,362.6339,5.4770,2.3929,0.5300,0.7725,0.4177
shifting,44,40,66,30,4,0,0,4,1970,4580,26,0,0.1447,0.3767,0.5833,0.6811,319.8843,5.2267,2.6801,0.4307,0.6571,0.2737
shifting,45,40,57,21,4,0,0,4,1850,4140,0,0,0.3832,0.4553,0.6623,0.7026,243.9416,5.4908,2.5391,0.7312,0.6932,0.5211
shifting,46,0,0,4,4,0,0,4,2130,5310,0,0,0.3735,0.4426,0.6013,0.6642,319.3112,5.5503,2.6752,0.4644,0.4791,0.3778
shifting,47,26,54,32,4,0,0,4,1830,4980,26,0,0.2994,0.5271,0.6836,0.7685,337.3043,5.7368,2.4973,0.5395,0.7984,0.4406
shifting,48,0,8,12,4,0,0,4,1930,5390,0,0,0.4171,0.4820,0.6810,0.7309,415.1049,5.6034,2.3525,0.3571,0.5187,0.2855
shifting,49,21,45,28,4,0,0,4,2380,5200,10,0,0.3027,0.5222,0.6712,0.7259,349.1196,5.5591,2.4508,0.3264,0.7450,0.2530
shifting,50,36,47,15,4,0,0,4,2340,3990,2,0,0.2511,0.3279,0.5519,0.6247,343.4691,5.2643,2.7133,0.2281,0.5974,0.1644
shifting,51,0,21,25,4,1,0,3,2740,5400,20,0,0.2189,0.5051,0.6495,0.7537,371.4583,5.6553,2.6987,0.2251,0.6011,0.1651
shifting,52,40,49,13,4,0,0,4,2520,4640,0,0,0.3505,0.4347,0.6314,0.6706,327.3867,5.5539,2.4518,0.6674,0.6740,0.4930
shifting,53,40,43,7,4,0,0,4,3360,4390,0,0,0.2909,0.3469,0.6045,0.6873,413.7943,5.7151,2.4004,0.6459,0.7328,0.4990
shifting,54,38,62,28,4,0,0,4,2010,5370,7,0,0.4151,0.5660,0.7420,0.7684,211.1034,5.7295,2.6051,0.5528,0.7820,0.4117
shifting,55,39,43,8,4,0,0,4,2490,4370,0,0,0.3545,0.4145,0.6090,0.6514,323.5475,5.5693,2.5490,0.2756,0.4534,0.1444
shifting,56,40,49,13,4,0,0,4,2240,4820,0,0,0.4007,0.5053,0.6808,0.7475,335.0478,5.2882,2.4000,0.5010,0.6560,0.3396
shifting,57,37,55,21,4,0,0,4,2520,3960,9,0,0.3401,0.4727,0.6437,0.7227,336.7917,5.1558,2.3642,0.3434,0.6412,0.2018
shifting,58,37,41,7,4,0,0,4,1780,4900,1,0,0.3723,0.4448,0.6236,0.6762,307.2262,5.3512,2.7512,0.3754,0.5569,0.2341
shifting,59,33,34,5,4,0,0,4,2510,4600,0,0,0.5236,0.5378,0.7306,0.7583,319.1391,5.5459,2.5339,0.4807,0.5751,0.3206
shifting,60,40,78,42,4,0,0,4,2570,4130,28,1,0.2393,0.4475,0.6214,0.7327,307.7320,5.1689,2.4703,0.3864,0.7172,0.2528
shifting,61,25,55,34,4,0,0,4,2220,5220,24,0,0.2364,0.4139,0.5973,0.6605,314.2030,5.3474,2.7695,0.4689,0.7682,0.3411
shifting,62,40,56,20,4,1,0,3,3270,3960,15,0,0.1092,0.4800,0.5941,0.7356,329.5137,5.2268,2.6966,0.5060,0.8064,0.4331
shifting,63,20,22,6,4,0,0,4,2190,4510,0,0,0.3876,0.4196,0.6912,0.7251,337.8810,5.7729,2.3894,0.6849,0.6844,0.5325
shifting,64,40,42,6,4,0,0,4,4160,4730,0,0,0.4222,0.4606,0.7037,0.7279,424.2849,5.5612,2.4477,0.6582,0.6948,0.4775
shifting,65,40,42,6,4,0,0,4,2760,5080,0,0,0.2986,0.3724,0.6041,0.6558,335.8264,5.4988,2.5004,0.3884,0.4849,0.1934
shifting,66,1,3,6,4,0,0,4,2520,5030,0,0,0.4110,0.4551,0.6574,0.7174,381.1659,5.6322,2.4716,0.4928,0.5589,0.3502
shifting,67,40,41,5,4,0,0,4,3480,4770,0,0,0.3471,0.4316,0.6777,0.7213,366.1335,5.7574,2.4250,0.7361,0.6969,0.5351
shifting,68,0,0,4,4,0,0,4,1850,5220,0,0,0.3166,0.3738,0.5663,0.6378,387.7888,5.1275,2.3768,0.2963,0.3581,0.2574
shifting,69,0,1,5,4,0,0,4,3920,4650,0,0,0.3751,0.4180,0.6229,0.6647,394.2866,5.4822,2.3470,0.3273,0.3598,0.2487
shifting,70,40,40,4,4,0,0,4,1930,5170,0,0,0.2829,0.3353,0.5740,0.6445,434.8940,5.3765,2.5913,0.4598,0.5375,0.2917
shifting,71,40,70,34,4,0,0,4,2580,5330,0,0,0.4040,0.4904,0.6881,0.7538,355.1609,5.6249,2.4234,0.5723,0.6569,0.3667
ring,42,0,0,4,4,0,0,4,2070,3000,0,0,0.3887,0.4261,0.5515,0.6136,298.7509,4.7543,2.4853,0.2316,0.2656,0.2301
ring,43,40,46,10,4,0,0,4,2660,4480,0,0,0.4269,0.4706,0.6727,0.7167,354.8790,4.8599,2.1949,0.9027,0.8928,0.8365
ring,44,0,0,4,4,0,0,4,1970,4580,0,0,0.4136,0.4464,0.6485,0.7074,323.6735,4.6775,2.4009,0.5074,0.6025,0.4542
ring,45,0,0,4,4,0,0,4,1850,4140,0,0,0.6363,0.6391,0.7696,0.7712,257.4731,4.5160,2.3850,0.7086,0.6672,0.6568
ring,46,40,53,17,4,0,0,4,2510,5310,0,0,0.3699,0.4788,0.6360,0.6812,316.6296,4.5638,2.3634,0.8438,0.8312,0.7431
ring,47,0,0,4,4,0,0,4,1830,4980,0,0,0.5185,0.5438,0.6971,0.7360,349.9816,4.6706,2.5786,0.8213,0.8038,0.7556
ring,48,39,45,9,4,0,0,4,1930,5390,0,0,0.4428,0.5483,0.7018,0.7445,400.0282,4.7996,2.1381,0.8040,0.7665,0.6984
ring,49,40,79,43,4,0,0,4,2380,5200,0,0,0.3838,0.5817,0.7403,0.7694,304.9081,4.5672,2.1426,0.6871,0.7151,0.5559
ring,50,0,0,4,4,0,0,4,2340,3870,0,0,0.4375,0.4604,0.6003,0.6533,353.4099,4.7702,2.2591,0.3213,0.3719,0.3213
ring,51,40,43,7,4,0,0,4,2740,5400,0,0,0.4126,0.5166,0.6867,0.7308,364.4263,4.8190,2.2759,0.7354,0.6751,0.5599
ring,52,0,0,4,4,0,0,4,2520,4640,0,0,0.4970,0.5288,0.6563,0.6933,322.2870,4.8241,2.3697,0.5316,0.5482,0.4993
ring,53,39,55,19,4,0,0,4,3100,4390,0,0,0.4170,0.4951,0.6806,0.7317,441.7747,4.8167,2.0384,0.4663,0.6272,0.4104
ring,54,40,66,30,4,0,0,4,2010,5370,0,0,0.4946,0.5494,0.7582,0.7844,197.7972,4.7500,2.3180,0.8657,0.8474,0.7567
ring,55,40,47,11,4,0,0,4,2490,4370,0,0,0.4546,0.5041,0.6613,0.6920,321.3691,4.6446,2.2397,0.6503,0.6737,0.5067
ring,56,40,41,5,4,0,0,4,2240,4820,0,0,0.3861,0.4644,0.6677,0.7018,336.8471,4.5400,2.2497,0.7132,0.7035,0.5639
ring,57,40,48,12,4,0,0,4,2520,3960,0,0,0.4226,0.5276,0.6907,0.7174,331.5363,4.4637,2.3275,0.7608,0.7386,0.6577
ring,58,0,0,4,4,0,0,4,2030,4900,0,0,0.3861,0.4214,0.5806,0.6323,316.4728,4.4727,2.6474,0.2015,0.1664,0.1037
ring,59,40,43,7,4,0,0,4,2510,4600,0,0,0.4199,0.4864,0.6895,0.7330,327.1365,4.7975,2.3085,0.7462,0.7211,0.5959
ring,60,40,73,37,4,0,0,4,2720,4130,0,0,0.4321,0.5213,0.7408,0.7848,344.8701,4.6554,2.1289,0.8711,0.8593,0.7742
ring,61,40,42,6,4,0,0,4,3090,5220,0,0,0.4410,0.5296,0.6715,0.7289,327.2546,4.7908,2.2816,0.7840,0.7607,0.6503
ring,62,40,42,6,4,0,0,4,3270,4070,0,0,0.5491,0.5845,0.7674,0.7949,332.1317,4.6057,2.1971,0.8997,0.8998,0.8228
ring,63,40,66,30,4,0,0,4,2190,4510,0,0,0.3829,0.4851,0.6406,0.6583,329.1784,4.4878,2.3227,0.8445,0.8367,0.7588
ring,64,40,50,14,4,0,0,4,4160,4730,0,0,0.5136,0.5476,0.7621,0.7875,407.0161,4.7108,2.1006,0.8329,0.8138,0.7395
ring,65,0,0,4,4,0,0,4,2640,2940,0,0,0.3989,0.4529,0.6250,0.6860,279.6334,4.8600,2.2808,0.3803,0.3974,0.3312
ring,66,0,1,5,4,0,0,4,2520,5030,0,0,0.4008,0.4569,0.6348,0.6647,411.5070,4.5209,2.4228,0.2572,0.2897,0.2335
ring,67,38,44,8,4,0,0,4,3610,4770,0,0,0.4933,0.5666,0.7100,0.7454,345.5000,4.6562,2.2475,0.8499,0.7971,0.7111
ring,68,0,0,4,4,0,0,4,1850,5220,0,0,0.3225,0.3672,0.5791,0.6491,422.8088,4.8856,2.2172,0.4662,0.5251,0.4234
ring,69,40,45,9,4,0,0,4,3940,4650,0,0,0.4106,0.5014,0.6974,0.7454,398.8890,4.8067,1.8989,0.6937,0.7070,0.5541
ring,70,1,3,6,4,0,0,4,2860,5170,0,0,0.5080,0.5632,0.7085,0.7304,445.8408,4.7317,2.0944,0.4068,0.4518,0.3418
ring,71,0,0,4,4,0,0,4,2580,5330,0,0,0.6373,0.6452,0.7669,0.7872,388.9618,4.6258,2.4461,0.8469,0.8440,0.7914
