terrain,arm,seed,hash,occupancy,population,extinct,frozen,plant_births,highest_plant_generation,growth_founder,growth_final,growth_delta,seedinvestment_founder,seedinvestment_final,seedinvestment_delta,waterefficiency_founder,waterefficiency_final,waterefficiency_delta,nutrition_founder,nutrition_final,nutrition_delta,defense_founder,defense_final,defense_delta,dispersal_founder,dispersal_final,dispersal_delta,moisturetolerance_founder,moisturetolerance_final,moisturetolerance_delta,temperaturetolerance_founder,temperaturetolerance_final,temperaturetolerance_delta,nutrientuptake_founder,nutrientuptake_final,nutrientuptake_delta,seedlingresilience_founder,seedlingresilience_final,seedlingresilience_delta,seedproductionrate_founder,seedproductionrate_final,seedproductionrate_delta
flat,contest-off,42,14207061591463181441,0.83333,102,0,0,217,11,0.4,0.44253,0.04253,0.44,0.49575,0.05575,0.48,0.47546,-0.00454,0.52,0.49369,-0.02631,0.56,0.59889,0.03889,0.6,0.6461,0.0461,0.56667,0.50893,-0.05774,0.53333,0.68831,0.15497,0.5,0.47748,-0.02252,0.46667,0.29181,-0.17486,0.43333,0.36662,-0.06671
flat,contest-off,43,12280556938772592915,0.95833,164,0,0,260,15,0.4,0.50188,0.10188,0.44,0.65853,0.21853,0.48,0.63336,0.15336,0.52,0.64114,0.12114,0.56,0.60846,0.04846,0.6,0.75544,0.15544,0.56667,0.69248,0.12581,0.53333,0.23483,-0.2985,0.5,0.35091,-0.14909,0.46667,0.45538,-0.01128,0.43333,0.52122,0.08788
flat,contest-off,44,11078016160157529249,0.83333,81,0,0,235,15,0.4,0.41393,0.01393,0.44,0.57923,0.13923,0.48,0.55681,0.07681,0.52,0.52486,0.00486,0.56,0.61631,0.05631,0.6,0.76246,0.16246,0.56667,0.3006,-0.26607,0.53333,0.25907,-0.27426,0.5,0.37093,-0.12907,0.46667,0.40519,-0.06148,0.43333,0.42895,-0.00438
flat,contest-off,45,3770405676363330562,0.41667,149,0,0,218,15,0.4,0.42431,0.02431,0.44,0.38379,-0.05621,0.48,0.4709,-0.0091,0.52,0.60852,0.08852,0.56,0.45261,-0.10739,0.6,0.66571,0.06571,0.56667,0.48612,-0.08055,0.53333,0.49305,-0.04028,0.5,0.50319,0.00319,0.46667,0.46848,0.00181,0.43333,0.33609,-0.09724
flat,contest-off,46,13034111164735656476,0.79167,81,0,0,238,12,0.4,0.438,0.038,0.44,0.45384,0.01384,0.48,0.58567,0.10567,0.52,0.58268,0.06268,0.56,0.70812,0.14812,0.6,0.7236,0.1236,0.56667,0.72699,0.16032,0.53333,0.38413,-0.14921,0.5,0.41205,-0.08795,0.46667,0.41162,-0.05504,0.43333,0.37155,-0.06178
flat,contest-off,47,13469062838313710717,0.70833,95,0,0,208,12,0.4,0.41344,0.01344,0.44,0.53912,0.09912,0.48,0.46524,-0.01476,0.52,0.59111,0.07111,0.56,0.50599,-0.05401,0.6,0.61644,0.01644,0.56667,0.49523,-0.07144,0.53333,0.53835,0.00501,0.5,0.50994,0.00994,0.46667,0.49488,0.02822,0.43333,0.32579,-0.10754
flat,contest-off,48,11623709143038896649,0.54167,156,0,0,217,10,0.4,0.35522,-0.04478,0.44,0.28226,-0.15774,0.48,0.43961,-0.04039,0.52,0.51412,-0.00588,0.56,0.45339,-0.10661,0.6,0.57335,-0.02665,0.56667,0.57469,0.00802,0.53333,0.55362,0.02029,0.5,0.47803,-0.02197,0.46667,0.51275,0.04608,0.43333,0.57712,0.14379
flat,contest-off,49,9757576529122152320,0.33333,94,0,0,201,11,0.4,0.44818,0.04818,0.44,0.6836,0.2436,0.48,0.64775,0.16775,0.52,0.65427,0.13427,0.56,0.6333,0.0733,0.6,0.85285,0.25285,0.56667,0.32134,-0.24532,0.53333,0.49118,-0.04215,0.5,0.35701,-0.14299,0.46667,0.3868,-0.07987,0.43333,0.49399,0.06065
flat,contest-off,50,5549594275798667786,0.875,111,0,0,234,15,0.4,0.44339,0.04339,0.44,0.46839,0.02839,0.48,0.49742,0.01742,0.52,0.63056,0.11056,0.56,0.55119,-0.00881,0.6,0.80188,0.20188,0.56667,0.72503,0.15836,0.53333,0.65187,0.11853,0.5,0.1735,-0.3265,0.46667,0.34925,-0.11741,0.43333,0.41188,-0.02145
flat,contest-off,51,9663874746495605138,0.58333,119,0,0,217,14,0.4,0.43388,0.03388,0.44,0.53726,0.09726,0.48,0.48477,0.00477,0.52,0.57579,0.05579,0.56,0.6058,0.0458,0.6,0.72706,0.12706,0.56667,0.77601,0.20934,0.53333,0.3787,-0.15464,0.5,0.4862,-0.0138,0.46667,0.33135,-0.13531,0.43333,0.33721,-0.09612
flat,contest-off,52,10899059972262639145,0.20833,61,0,0,199,11,0.4,0.46387,0.06387,0.44,0.42897,-0.01103,0.48,0.5751,0.0951,0.52,0.60683,0.08683,0.56,0.63875,0.07875,0.6,0.58664,-0.01336,0.56667,0.434,-0.13267,0.53333,0.30844,-0.2249,0.5,0.39781,-0.10219,0.46667,0.41247,-0.0542,0.43333,0.36931,-0.06402
flat,contest-off,53,16576725089257228122,0.875,102,0,0,239,16,0.4,0.44487,0.04487,0.44,0.47002,0.03002,0.48,0.45114,-0.02886,0.52,0.69294,0.17294,0.56,0.5016,-0.0584,0.6,0.77075,0.17075,0.56667,0.42514,-0.14152,0.53333,0.41091,-0.12243,0.5,0.39144,-0.10856,0.46667,0.48412,0.01745,0.43333,0.44076,0.00743
flat,contest-off,54,10357207705652096028,0.625,102,0,0,250,14,0.4,0.50858,0.10858,0.44,0.46492,0.02492,0.48,0.56736,0.08736,0.52,0.68047,0.16047,0.56,0.5524,-0.0076,0.6,0.72958,0.12958,0.56667,0.31863,-0.24804,0.53333,0.47096,-0.06237,0.5,0.38541,-0.11459,0.46667,0.37105,-0.09562,0.43333,0.61608,0.18275
flat,contest-off,55,7071506610999258451,0.83333,117,0,0,210,15,0.4,0.45468,0.05468,0.44,0.50529,0.06529,0.48,0.40894,-0.07106,0.52,0.44287,-0.07713,0.56,0.52834,-0.03167,0.6,0.62564,0.02564,0.56667,0.70005,0.13339,0.53333,0.59898,0.06565,0.5,0.60667,0.10667,0.46667,0.40509,-0.06158,0.43333,0.34565,-0.08769
flat,contest-off,56,13512331067886649696,0.79167,121,0,0,230,14,0.4,0.51026,0.11026,0.44,0.53187,0.09187,0.48,0.5314,0.0514,0.52,0.63241,0.11241,0.56,0.61535,0.05535,0.6,0.74355,0.14355,0.56667,0.47253,-0.09414,0.53333,0.36125,-0.17208,0.5,0.27926,-0.22074,0.46667,0.42987,-0.03679,0.43333,0.47463,0.0413
flat,contest-off,57,16941646477109203679,0.79167,210,0,0,225,12,0.4,0.46944,0.06944,0.44,0.55831,0.11831,0.48,0.64349,0.16349,0.52,0.5265,0.0065,0.56,0.54405,-0.01595,0.6,0.68455,0.08455,0.56667,0.37992,-0.18675,0.53333,0.40324,-0.1301,0.5,0.44104,-0.05896,0.46667,0.2827,-0.18397,0.43333,0.43768,0.00435
flat,contest-off,58,6933880559108014980,0.33333,89,0,0,197,12,0.4,0.5161,0.1161,0.44,0.47831,0.03831,0.48,0.42447,-0.05553,0.52,0.55602,0.03602,0.56,0.59724,0.03724,0.6,0.66371,0.06371,0.56667,0.66987,0.1032,0.53333,0.61138,0.07805,0.5,0.29807,-0.20193,0.46667,0.31328,-0.15339,0.43333,0.4338,0.00047
flat,contest-off,59,10891082319675129024,0.95833,74,0,0,219,14,0.4,0.41102,0.01102,0.44,0.45185,0.01185,0.48,0.51521,0.03521,0.52,0.57251,0.05251,0.56,0.55443,-0.00557,0.6,0.72376,0.12376,0.56667,0.58027,0.0136,0.53333,0.50982,-0.02351,0.5,0.555,0.055,0.46667,0.60626,0.13959,0.43333,0.33024,-0.1031
flat,contest-off,60,17447105584277883761,0.54167,147,0,0,190,12,0.4,0.41429,0.01429,0.44,0.5139,0.0739,0.48,0.56464,0.08464,0.52,0.58788,0.06788,0.56,0.56236,0.00236,0.6,0.62704,0.02704,0.56667,0.48098,-0.08569,0.53333,0.52166,-0.01168,0.5,0.48127,-0.01873,0.46667,0.29587,-0.1708,0.43333,0.45962,0.02629
flat,contest-off,61,7325188821460810512,0.70833,131,0,0,225,15,0.4,0.42914,0.02914,0.44,0.46936,0.02936,0.48,0.53288,0.05288,0.52,0.40588,-0.11412,0.56,0.5224,-0.0376,0.6,0.6595,0.0595,0.56667,0.4077,-0.15897,0.53333,0.39984,-0.13349,0.5,0.35506,-0.14494,0.46667,0.28968,-0.17699,0.43333,0.38739,-0.04594
flat,contest-off,62,10312855768016878754,0.95833,20,0,0,221,12,0.4,0.37538,-0.02462,0.44,0.4893,0.0493,0.48,0.52673,0.04673,0.52,0.5062,-0.0138,0.56,0.48864,-0.07136,0.6,0.62624,0.02624,0.56667,0.6087,0.04204,0.53333,0.50856,-0.02477,0.5,0.60213,0.10213,0.46667,0.49713,0.03047,0.43333,0.36297,-0.07036
flat,contest-off,63,7911256994806029931,0.875,149,0,0,238,15,0.4,0.52707,0.12707,0.44,0.57202,0.13202,0.48,0.5995,0.1195,0.52,0.62104,0.10104,0.56,0.59497,0.03497,0.6,0.77542,0.17542,0.56667,0.32594,-0.24072,0.53333,0.31213,-0.2212,0.5,0.46631,-0.03369,0.46667,0.45643,-0.01024,0.43333,0.44287,0.00953
flat,contest-off,64,11457166503508132515,0.5,32,0,0,203,13,0.4,0.44741,0.04741,0.44,0.6476,0.2076,0.48,0.56153,0.08153,0.52,0.60071,0.08071,0.56,0.4887,-0.0713,0.6,0.827,0.227,0.56667,0.4032,-0.16347,0.53333,0.24941,-0.28392,0.5,0.33716,-0.16284,0.46667,0.47177,0.00511,0.43333,0.47808,0.04474
flat,contest-off,65,9266365216645093684,0.91667,88,0,0,222,13,0.4,0.37738,-0.02262,0.44,0.34902,-0.09098,0.48,0.37344,-0.10656,0.52,0.43541,-0.08459,0.56,0.58989,0.02989,0.6,0.64324,0.04324,0.56667,0.49323,-0.07344,0.53333,0.61505,0.08172,0.5,0.61964,0.11964,0.46667,0.6222,0.15554,0.43333,0.34539,-0.08795
flat,contest-off,66,11133681307257924434,0.04167,3,0,0,190,9,0.4,0.28525,-0.11475,0.44,0.51878,0.07878,0.48,0.50229,0.02229,0.52,0.60454,0.08454,0.56,0.73439,0.17439,0.6,0.60532,0.00532,0.56667,0.76022,0.19355,0.53333,0.14834,-0.38499,0.5,0.38997,-0.11003,0.46667,0.17298,-0.29369,0.43333,0.44728,0.01395
flat,contest-off,67,16707482181230817887,0.70833,119,0,0,195,11,0.4,0.41982,0.01982,0.44,0.38265,-0.05735,0.48,0.34043,-0.13957,0.52,0.39886,-0.12114,0.56,0.47593,-0.08407,0.6,0.62337,0.02337,0.56667,0.33958,-0.22708,0.53333,0.57889,0.04555,0.5,0.63687,0.13687,0.46667,0.61282,0.14616,0.43333,0.7008,0.26746
flat,contest-off,68,4325729287362775962,0.91667,81,0,0,226,13,0.4,0.45064,0.05064,0.44,0.5883,0.1483,0.48,0.58551,0.10551,0.52,0.62649,0.10649,0.56,0.56489,0.00489,0.6,0.68145,0.08145,0.56667,0.3644,-0.20227,0.53333,0.43371,-0.09963,0.5,0.40739,-0.09261,0.46667,0.46511,-0.00155,0.43333,0.51773,0.08439
flat,contest-off,69,8577734940437920295,0.375,90,0,0,179,11,0.4,0.30322,-0.09678,0.44,0.41164,-0.02836,0.48,0.47978,-0.00022,0.52,0.4844,-0.0356,0.56,0.42902,-0.13098,0.6,0.62036,0.02036,0.56667,0.68685,0.12019,0.53333,0.66382,0.13049,0.5,0.53215,0.03215,0.46667,0.27366,-0.19301,0.43333,0.40625,-0.02708
flat,contest-off,70,18111700483963582645,0.5,119,0,0,190,12,0.4,0.37403,-0.02597,0.44,0.44015,0.00015,0.48,0.50904,0.02904,0.52,0.52134,0.00134,0.56,0.61921,0.05921,0.6,0.62516,0.02516,0.56667,0.73073,0.16406,0.53333,0.35709,-0.17625,0.5,0.40129,-0.09871,0.46667,0.41045,-0.05622,0.43333,0.46548,0.03214
flat,contest-off,71,16535977223211308355,0.45833,187,0,0,214,13,0.4,0.48011,0.08011,0.44,0.46765,0.02765,0.48,0.45306,-0.02694,0.52,0.54927,0.02927,0.56,0.53235,-0.02765,0.6,0.59133,-0.00867,0.56667,0.57495,0.00829,0.53333,0.59671,0.06338,0.5,0.28052,-0.21948,0.46667,0.43318,-0.03348,0.43333,0.39517,-0.03816
flat,contest-off,72,11442785149889717357,0.83333,183,0,0,235,14,0.4,0.50199,0.10199,0.44,0.43926,-0.00074,0.48,0.49329,0.01329,0.52,0.50495,-0.01505,0.56,0.55819,-0.00181,0.6,0.69671,0.09671,0.56667,0.37885,-0.18781,0.53333,0.50223,-0.0311,0.5,0.3762,-0.1238,0.46667,0.38044,-0.08623,0.43333,0.42675,-0.00658
flat,contest-off,73,18204872044874350040,1,30,0,0,240,14,0.4,0.42988,0.02988,0.44,0.50034,0.06034,0.48,0.55311,0.07311,0.52,0.58752,0.06752,0.56,0.60964,0.04964,0.6,0.60821,0.00821,0.56667,0.51569,-0.05097,0.53333,0.45445,-0.07889,0.5,0.39792,-0.10209,0.46667,0.61462,0.14795,0.43333,0.40218,-0.03115
flat,contest-off,74,11061888551763451556,0,0,1,1,139,0,0.4,,,0.44,,,0.48,,,0.52,,,0.56,,,0.6,,,0.56667,,,0.53333,,,0.5,,,0.46667,,,0.43333,,
flat,contest-off,75,16945699527554200797,0.91667,18,0,0,244,14,0.4,0.58059,0.18059,0.44,0.56148,0.12148,0.48,0.57666,0.09666,0.52,0.54564,0.02564,0.56,0.6573,0.0973,0.6,0.71266,0.11266,0.56667,0.5017,-0.06497,0.53333,0.59778,0.06444,0.5,0.36707,-0.13293,0.46667,0.35268,-0.11399,0.43333,0.47714,0.0438
flat,contest-off,76,4179234143670983068,0.95833,162,0,0,226,14,0.4,0.39749,-0.00251,0.44,0.45509,0.01509,0.48,0.44265,-0.03735,0.52,0.49507,-0.02493,0.56,0.43429,-0.12571,0.6,0.63687,0.03687,0.56667,0.42749,-0.13917,0.53333,0.51413,-0.0192,0.5,0.44327,-0.05673,0.46667,0.59519,0.12852,0.43333,0.62459,0.19125
flat,contest-off,77,4538444264559654981,1,0,1,0,208,12,0.4,0.39747,-0.00253,0.44,0.43648,-0.00352,0.48,0.55822,0.07822,0.52,0.55335,0.03335,0.56,0.3855,-0.1745,0.6,0.59973,-0.00027,0.56667,0.62675,0.06008,0.53333,0.82646,0.29313,0.5,0.44562,-0.05438,0.46667,0.32511,-0.14156,0.43333,0.36041,-0.07292
flat,contest-off,78,2899726618713852998,0.95833,33,0,0,213,12,0.4,0.39249,-0.00751,0.44,0.37836,-0.06164,0.48,0.42277,-0.05723,0.52,0.58678,0.06678,0.56,0.49205,-0.06795,0.6,0.62192,0.02192,0.56667,0.58911,0.02245,0.53333,0.55896,0.02563,0.5,0.55607,0.05607,0.46667,0.66976,0.20309,0.43333,0.32789,-0.10544
flat,contest-off,79,5830654241531466598,0.91667,149,0,0,232,18,0.4,0.62352,0.22352,0.44,0.56236,0.12236,0.48,0.5652,0.0852,0.52,0.57115,0.05115,0.56,0.6469,0.0869,0.6,0.60919,0.00919,0.56667,0.81867,0.25201,0.53333,0.35142,-0.18192,0.5,0.31646,-0.18354,0.46667,0.58307,0.11641,0.43333,0.26436,-0.16897
flat,contest-off,80,5523729609389865176,0.66667,139,0,0,210,14,0.4,0.42659,0.02659,0.44,0.53503,0.09503,0.48,0.53151,0.05151,0.52,0.60844,0.08844,0.56,0.58868,0.02868,0.6,0.70496,0.10496,0.56667,0.62213,0.05546,0.53333,0.51817,-0.01516,0.5,0.49091,-0.00909,0.46667,0.46246,-0.0042,0.43333,0.36632,-0.06702
flat,contest-off,81,438439438295158266,0.5,129,0,0,225,14,0.4,0.49884,0.09884,0.44,0.34898,-0.09102,0.48,0.54737,0.06737,0.52,0.51999,-0.00001,0.56,0.55888,-0.00112,0.6,0.61111,0.01111,0.56667,0.47777,-0.0889,0.53333,0.35244,-0.1809,0.5,0.55773,0.05773,0.46667,0.54342,0.07675,0.43333,0.53996,0.10663
flat,contest-off,82,12317653457430761773,0.91667,0,1,0,232,12,0.4,0.31239,-0.08761,0.44,0.50302,0.06302,0.48,0.52949,0.04949,0.52,0.46291,-0.05709,0.56,0.67655,0.11655,0.6,0.68889,0.08889,0.56667,0.62529,0.05863,0.53333,0.53529,0.00195,0.5,0.51707,0.01707,0.46667,0.43906,-0.02761,0.43333,0.4775,0.04416
flat,contest-off,83,17550396595998367178,0.75,154,0,0,244,14,0.4,0.53435,0.13435,0.44,0.50262,0.06262,0.48,0.49577,0.01577,0.52,0.57478,0.05478,0.56,0.6441,0.0841,0.6,0.65669,0.05669,0.56667,0.41619,-0.15048,0.53333,0.49266,-0.04067,0.5,0.36368,-0.13632,0.46667,0.45687,-0.00979,0.43333,0.4855,0.05217
flat,contest-off,84,7870293334403619461,0.625,165,0,0,224,14,0.4,0.46114,0.06114,0.44,0.47688,0.03688,0.48,0.54621,0.06621,0.52,0.54121,0.02121,0.56,0.69929,0.13929,0.6,0.72479,0.12479,0.56667,0.38748,-0.17919,0.53333,0.31333,-0.22,0.5,0.39616,-0.10384,0.46667,0.41223,-0.05444,0.43333,0.39243,-0.04091
flat,contest-off,85,11293451115244597065,0.58333,150,0,0,236,14,0.4,0.44581,0.04581,0.44,0.54161,0.10161,0.48,0.62255,0.14255,0.52,0.63133,0.11133,0.56,0.67792,0.11792,0.6,0.66992,0.06992,0.56667,0.71783,0.15117,0.53333,0.41937,-0.11396,0.5,0.41241,-0.08759,0.46667,0.3158,-0.15087,0.43333,0.47359,0.04025
flat,contest-off,86,16375493352853225637,0.875,143,0,0,206,14,0.4,0.48332,0.08332,0.44,0.44393,0.00393,0.48,0.42125,-0.05875,0.52,0.45543,-0.06457,0.56,0.48275,-0.07725,0.6,0.61131,0.01131,0.56667,0.68049,0.11383,0.53333,0.66312,0.12978,0.5,0.66694,0.16694,0.46667,0.4816,0.01493,0.43333,0.52267,0.08934
flat,contest-off,87,12602450782173869533,0.125,29,0,0,184,10,0.4,0.51059,0.11059,0.44,0.43083,-0.00917,0.48,0.37991,-0.10009,0.52,0.49692,-0.02308,0.56,0.52801,-0.03199,0.6,0.61062,0.01062,0.56667,0.63541,0.06874,0.53333,0.57075,0.03741,0.5,0.64285,0.14285,0.46667,0.24516,-0.22151,0.43333,0.42645,-0.00689
flat,contest-off,88,13765207814676924518,0.91667,130,0,0,220,13,0.4,0.41372,0.01372,0.44,0.46778,0.02778,0.48,0.40049,-0.07951,0.52,0.59302,0.07302,0.56,0.49304,-0.06696,0.6,0.70414,0.10414,0.56667,0.45954,-0.10713,0.53333,0.58015,0.04682,0.5,0.54207,0.04207,0.46667,0.4822,0.01553,0.43333,0.48579,0.05245
flat,contest-off,89,12204729969364963619,0,0,1,1,156,0,0.4,,,0.44,,,0.48,,,0.52,,,0.56,,,0.6,,,0.56667,,,0.53333,,,0.5,,,0.46667,,,0.43333,,
flat,contest-off,90,4309011529893234882,0.83333,125,0,0,229,13,0.4,0.50157,0.10157,0.44,0.49096,0.05096,0.48,0.50235,0.02235,0.52,0.62023,0.10023,0.56,0.59154,0.03154,0.6,0.64423,0.04423,0.56667,0.60665,0.03998,0.53333,0.45228,-0.08106,0.5,0.41501,-0.08499,0.46667,0.29886,-0.16781,0.43333,0.39288,-0.04045
flat,contest-off,91,17162865127111513108,0.79167,113,0,0,236,13,0.4,0.39861,-0.00139,0.44,0.53873,0.09873,0.48,0.52221,0.04221,0.52,0.48695,-0.03305,0.56,0.62935,0.06935,0.6,0.72686,0.12686,0.56667,0.75742,0.19075,0.53333,0.29135,-0.24199,0.5,0.39505,-0.10495,0.46667,0.36195,-0.10471,0.43333,0.36267,-0.07067
flat,contest-off,92,520349915579811345,0.83333,123,0,0,249,15,0.4,0.46463,0.06463,0.44,0.53656,0.09656,0.48,0.56754,0.08754,0.52,0.55293,0.03293,0.56,0.60117,0.04117,0.6,0.66526,0.06526,0.56667,0.58622,0.01955,0.53333,0.47859,-0.05474,0.5,0.60217,0.10217,0.46667,0.59528,0.12861,0.43333,0.41117,-0.02216
flat,contest-off,93,12062369713759699270,0.95833,0,1,0,238,17,0.4,0.47978,0.07978,0.44,0.60293,0.16293,0.48,0.41997,-0.06003,0.52,0.68382,0.16382,0.56,0.66492,0.10492,0.6,0.8538,0.2538,0.56667,0.24999,-0.31668,0.53333,0.41285,-0.12048,0.5,0.3986,-0.1014,0.46667,0.34729,-0.11938,0.43333,0.50698,0.07365
flat,contest-off,94,16287607650448609410,0.70833,112,0,0,219,13,0.4,0.34981,-0.05019,0.44,0.45171,0.01171,0.48,0.5397,0.0597,0.52,0.59489,0.07489,0.56,0.56635,0.00635,0.6,0.57273,-0.02727,0.56667,0.58224,0.01557,0.53333,0.6388,0.10547,0.5,0.53496,0.03496,0.46667,0.34975,-0.11692,0.43333,0.37938,-0.05395
flat,contest-off,95,15347257068055146424,0.625,123,0,0,216,12,0.4,0.44723,0.04723,0.44,0.43837,-0.00163,0.48,0.40173,-0.07827,0.52,0.5189,-0.0011,0.56,0.57291,0.01291,0.6,0.74725,0.14725,0.56667,0.59983,0.03316,0.53333,0.65149,0.11816,0.5,0.55698,0.05698,0.46667,0.37721,-0.08946,0.43333,0.37001,-0.06332
flat,contest-off,96,8476766426458818233,0.95833,0,1,0,234,17,0.4,0.48115,0.08115,0.44,0.57173,0.13173,0.48,0.62238,0.14238,0.52,0.54272,0.02272,0.56,0.63233,0.07233,0.6,0.77446,0.17446,0.56667,0.43219,-0.13447,0.53333,0.38771,-0.14562,0.5,0.38813,-0.11187,0.46667,0.4508,-0.01587,0.43333,0.61364,0.18031
flat,contest-off,97,3429221201114098418,0.91667,18,0,0,230,15,0.4,0.3301,-0.0699,0.44,0.47735,0.03735,0.48,0.50964,0.02964,0.52,0.55967,0.03967,0.56,0.57834,0.01834,0.6,0.72984,0.12984,0.56667,0.66409,0.09742,0.53333,0.43311,-0.10022,0.5,0.38658,-0.11342,0.46667,0.37066,-0.09601,0.43333,0.38161,-0.05172
flat,contest-off,98,13663387882441394564,0.16667,50,0,0,178,16,0.4,0.53263,0.13263,0.44,0.24999,-0.19001,0.48,0.49897,0.01897,0.52,0.50968,-0.01032,0.56,0.43324,-0.12676,0.6,0.4563,-0.1437,0.56667,0.8246,0.25793,0.53333,0.74593,0.2126,0.5,0.26122,-0.23878,0.46667,0.41183,-0.05484,0.43333,0.47896,0.04563
flat,contest-off,99,10053845774819246904,0.79167,140,0,0,215,13,0.4,0.45802,0.05802,0.44,0.48753,0.04753,0.48,0.54852,0.06852,0.52,0.55002,0.03002,0.56,0.47163,-0.08837,0.6,0.63191,0.03191,0.56667,0.5764,0.00973,0.53333,0.64702,0.11368,0.5,0.56767,0.06767,0.46667,0.48156,0.01489,0.43333,0.29727,-0.13607
flat,contest-off,100,358278705579810026,1,103,0,0,250,13,0.4,0.50019,0.10019,0.44,0.43092,-0.00908,0.48,0.53606,0.05606,0.52,0.48673,-0.03327,0.56,0.62829,0.06829,0.6,0.70045,0.10045,0.56667,0.83189,0.26522,0.53333,0.49423,-0.0391,0.5,0.45421,-0.04579,0.46667,0.32144,-0.14523,0.43333,0.42659,-0.00674
flat,contest-off,101,3190285902838756774,0.70833,135,0,0,228,14,0.4,0.48353,0.08353,0.44,0.52698,0.08698,0.48,0.69915,0.21915,0.52,0.69317,0.17317,0.56,0.60202,0.04202,0.6,0.69688,0.09688,0.56667,0.43614,-0.13053,0.53333,0.31548,-0.21785,0.5,0.33922,-0.16078,0.46667,0.46911,0.00244,0.43333,0.44017,0.00683
flat,contest-on,42,10758057547202243277,0.79167,123,0,0,225,15,0.4,0.4356,0.0356,0.44,0.5455,0.1055,0.48,0.53344,0.05344,0.52,0.48129,-0.03871,0.56,0.57003,0.01003,0.6,0.75223,0.15223,0.56667,0.40678,-0.15989,0.53333,0.55153,0.0182,0.5,0.59036,0.09036,0.46667,0.40326,-0.06341,0.43333,0.41968,-0.01365
flat,contest-on,43,4355085082358081478,0.75,96,0,0,201,12,0.4,0.41708,0.01708,0.44,0.4659,0.0259,0.48,0.50609,0.02609,0.52,0.56065,0.04065,0.56,0.60896,0.04896,0.6,0.65199,0.05199,0.56667,0.6255,0.05883,0.53333,0.55695,0.02362,0.5,0.5103,0.0103,0.46667,0.42993,-0.03674,0.43333,0.35016,-0.08318
flat,contest-on,44,5284814070168556198,0.95833,41,0,0,233,13,0.4,0.41353,0.01353,0.44,0.57574,0.13574,0.48,0.56942,0.08942,0.52,0.53658,0.01658,0.56,0.66275,0.10275,0.6,0.69522,0.09522,0.56667,0.37443,-0.19224,0.53333,0.29183,-0.24151,0.5,0.38011,-0.11989,0.46667,0.33642,-0.13024,0.43333,0.27669,-0.15664
flat,contest-on,45,5566832830767517057,0.83333,160,0,0,238,16,0.4,0.61038,0.21038,0.44,0.63656,0.19656,0.48,0.60658,0.12658,0.52,0.57561,0.05561,0.56,0.59084,0.03084,0.6,0.79504,0.19504,0.56667,0.40295,-0.16371,0.53333,0.39841,-0.13492,0.5,0.34213,-0.15787,0.46667,0.46076,-0.00591,0.43333,0.4057,-0.02763
flat,contest-on,46,7325291500197556030,0.91667,168,0,0,244,16,0.4,0.61219,0.21219,0.44,0.56648,0.12648,0.48,0.64508,0.16508,0.52,0.67189,0.15189,0.56,0.63617,0.07617,0.6,0.7184,0.1184,0.56667,0.20507,-0.3616,0.53333,0.35491,-0.17842,0.5,0.35296,-0.14704,0.46667,0.29803,-0.16864,0.43333,0.50343,0.0701
flat,contest-on,47,9809404944702441678,0.04167,1,0,0,172,11,0.4,0.53088,0.13088,0.44,0.31787,-0.12213,0.48,0.62476,0.14476,0.52,0.38871,-0.13129,0.56,0.63637,0.07637,0.6,0.52958,-0.07042,0.56667,0.62087,0.0542,0.53333,0.59374,0.06041,0.5,0.78558,0.28558,0.46667,0.33422,-0.13245,0.43333,0.23356,-0.19978
flat,contest-on,48,16568389407866588139,0.83333,70,0,0,219,11,0.4,0.37651,-0.02349,0.44,0.50311,0.06311,0.48,0.55338,0.07338,0.52,0.63077,0.11077,0.56,0.62486,0.06486,0.6,0.68342,0.08342,0.56667,0.52304,-0.04363,0.53333,0.48427,-0.04907,0.5,0.33533,-0.16467,0.46667,0.39812,-0.06855,0.43333,0.35257,-0.08076
flat,contest-on,49,1863792840695640741,0.5,176,0,0,202,12,0.4,0.41727,0.01727,0.44,0.42753,-0.01247,0.48,0.49812,0.01812,0.52,0.53046,0.01046,0.56,0.47781,-0.08219,0.6,0.54618,-0.05382,0.56667,0.64352,0.07685,0.53333,0.58061,0.04728,0.5,0.64956,0.14956,0.46667,0.46383,-0.00284,0.43333,0.38463,-0.0487
flat,contest-on,50,9909296423194717218,0.91667,180,0,0,226,17,0.4,0.54718,0.14718,0.44,0.59027,0.15027,0.48,0.49717,0.01717,0.52,0.78698,0.26698,0.56,0.61286,0.05286,0.6,0.75172,0.15172,0.56667,0.39247,-0.1742,0.53333,0.43798,-0.09535,0.5,0.26677,-0.23323,0.46667,0.30459,-0.16208,0.43333,0.40954,-0.02379
flat,contest-on,51,16178406224730036616,0.875,124,0,0,180,12,0.4,0.3721,-0.0279,0.44,0.40207,-0.03793,0.48,0.57089,0.09089,0.52,0.43696,-0.08304,0.56,0.54939,-0.01061,0.6,0.58197,-0.01803,0.56667,0.66585,0.09919,0.53333,0.50932,-0.02401,0.5,0.34496,-0.15504,0.46667,0.42003,-0.04664,0.43333,0.32093,-0.1124
flat,contest-on,52,8955695839895695940,0.5,133,0,0,205,13,0.4,0.42116,0.02116,0.44,0.48858,0.04858,0.48,0.51675,0.03675,0.52,0.56076,0.04076,0.56,0.62002,0.06002,0.6,0.6773,0.0773,0.56667,0.63603,0.06937,0.53333,0.3344,-0.19894,0.5,0.34712,-0.15288,0.46667,0.38577,-0.0809,0.43333,0.40907,-0.02426
flat,contest-on,53,13723788957015082635,0.95833,20,0,0,232,14,0.4,0.42007,0.02007,0.44,0.51709,0.07709,0.48,0.48208,0.00208,0.52,0.50225,-0.01775,0.56,0.60787,0.04787,0.6,0.79851,0.19851,0.56667,0.60928,0.04262,0.53333,0.53494,0.00161,0.5,0.46177,-0.03823,0.46667,0.40501,-0.06165,0.43333,0.45093,0.01759
flat,contest-on,54,6740557693035277408,0.45833,104,0,0,178,11,0.4,0.4359,0.0359,0.44,0.35638,-0.08362,0.48,0.58451,0.10451,0.52,0.56391,0.04391,0.56,0.51561,-0.04439,0.6,0.60326,0.00326,0.56667,0.64885,0.08218,0.53333,0.57978,0.04644,0.5,0.67373,0.17373,0.46667,0.38922,-0.07745,0.43333,0.35494,-0.07839
flat,contest-on,55,10204170570778845865,0.83333,107,0,0,203,13,0.4,0.41764,0.01764,0.44,0.4934,0.0534,0.48,0.4267,-0.0533,0.52,0.48044,-0.03956,0.56,0.54516,-0.01484,0.6,0.5965,-0.0035,0.56667,0.48817,-0.07849,0.53333,0.51049,-0.02284,0.5,0.66106,0.16106,0.46667,0.69173,0.22506,0.43333,0.31756,-0.11577
flat,contest-on,56,1924600371480457366,0.79167,72,0,0,216,13,0.4,0.43259,0.03259,0.44,0.54258,0.10258,0.48,0.51362,0.03362,0.52,0.56248,0.04248,0.56,0.60809,0.04809,0.6,0.67808,0.07808,0.56667,0.83943,0.27277,0.53333,0.27049,-0.26284,0.5,0.35932,-0.14068,0.46667,0.48398,0.01731,0.43333,0.48407,0.05074
flat,contest-on,57,12429610609126566433,0.83333,100,0,0,210,14,0.4,0.52176,0.12176,0.44,0.51824,0.07824,0.48,0.65291,0.17291,0.52,0.5892,0.06919,0.56,0.57644,0.01644,0.6,0.68997,0.08997,0.56667,0.56934,0.00267,0.53333,0.50431,-0.02903,0.5,0.26987,-0.23013,0.46667,0.33938,-0.12729,0.43333,0.48698,0.05365
flat,contest-on,58,15698505351885908652,0.29167,115,0,0,184,14,0.4,0.63944,0.23944,0.44,0.50219,0.06219,0.48,0.56519,0.08519,0.52,0.80104,0.28104,0.56,0.78344,0.22344,0.6,0.65209,0.05209,0.56667,0.31581,-0.25086,0.53333,0.29383,-0.2395,0.5,0.53031,0.03031,0.46667,0.30336,-0.16331,0.43333,0.4759,0.04257
flat,contest-on,59,7407190426248857878,0.70833,120,0,0,238,12,0.4,0.49773,0.09773,0.44,0.54203,0.10203,0.48,0.57994,0.09994,0.52,0.59685,0.07685,0.56,0.66873,0.10873,0.6,0.66972,0.06972,0.56667,0.50194,-0.06473,0.53333,0.33538,-0.19795,0.5,0.38445,-0.11555,0.46667,0.61229,0.14563,0.43333,0.55687,0.12354
flat,contest-on,60,925929796865713495,0.125,0,1,0,162,10,0.4,0.39358,-0.00642,0.44,0.56075,0.12075,0.48,0.51891,0.03891,0.52,0.33072,-0.18928,0.56,0.53344,-0.02656,0.6,0.60958,0.00958,0.56667,0.68041,0.11374,0.53333,0.6528,0.11947,0.5,0.35355,-0.14645,0.46667,0.26035,-0.20632,0.43333,0.40858,-0.02476
flat,contest-on,61,13594536431899429458,0.66667,119,0,0,196,14,0.4,0.47942,0.07942,0.44,0.50083,0.06083,0.48,0.5118,0.0318,0.52,0.57032,0.05032,0.56,0.72577,0.16577,0.6,0.538,-0.062,0.56667,0.58901,0.02235,0.53333,0.3204,-0.21294,0.5,0.36249,-0.13751,0.46667,0.46053,-0.00614,0.43333,0.31891,-0.11443
flat,contest-on,62,1793897800129050772,0.875,32,0,0,231,12,0.4,0.41258,0.01258,0.44,0.43778,-0.00222,0.48,0.5932,0.1132,0.52,0.47359,-0.04641,0.56,0.61429,0.05429,0.6,0.67517,0.07517,0.56667,0.62537,0.0587,0.53333,0.34891,-0.18443,0.5,0.40788,-0.09212,0.46667,0.39386,-0.07281,0.43333,0.31316,-0.12017
flat,contest-on,63,9524905060964216040,0.08333,2,0,0,141,9,0.4,0.29084,-0.10916,0.44,0.46579,0.02579,0.48,0.49727,0.01727,0.52,0.46703,-0.05297,0.56,0.60845,0.04845,0.6,0.69524,0.09524,0.56667,0.66596,0.09929,0.53333,0.64856,0.11522,0.5,0.52063,0.02063,0.46667,0.38505,-0.08161,0.43333,0.35359,-0.07974
flat,contest-on,64,6191410601582682338,0.125,0,1,0,135,11,0.4,0.35768,-0.04232,0.44,0.44093,0.00093,0.48,0.55235,0.07235,0.52,0.33202,-0.18798,0.56,0.49826,-0.06174,0.6,0.55582,-0.04418,0.56667,0.53894,-0.02772,0.53333,0.66245,0.12912,0.5,0.32401,-0.17599,0.46667,0.33012,-0.13655,0.43333,0.46516,0.03183
flat,contest-on,65,13295667677170594607,0.75,248,0,0,225,15,0.4,0.58253,0.18253,0.44,0.43596,-0.00404,0.48,0.476,-0.004,0.52,0.61242,0.09242,0.56,0.6326,0.0726,0.6,0.70579,0.10579,0.56667,0.41948,-0.14719,0.53333,0.52586,-0.00747,0.5,0.34805,-0.15195,0.46667,0.43317,-0.0335,0.43333,0.37835,-0.05499
flat,contest-on,66,17479362999692053068,0,0,1,1,152,0,0.4,,,0.44,,,0.48,,,0.52,,,0.56,,,0.6,,,0.56667,,,0.53333,,,0.5,,,0.46667,,,0.43333,,
flat,contest-on,67,11505041769593676677,0.75,219,0,0,223,12,0.4,0.47486,0.07486,0.44,0.55091,0.11091,0.48,0.66341,0.18341,0.52,0.73253,0.21253,0.56,0.53984,-0.02016,0.6,0.83989,0.23989,0.56667,0.24864,-0.31803,0.53333,0.3782,-0.15513,0.5,0.36163,-0.13837,0.46667,0.39295,-0.07372,0.43333,0.41826,-0.01508
flat,contest-on,68,10629957795814378380,1,31,0,0,220,15,0.4,0.44828,0.04828,0.44,0.42953,-0.01047,0.48,0.60518,0.12518,0.52,0.65127,0.13127,0.56,0.66194,0.10194,0.6,0.75256,0.15256,0.56667,0.57078,0.00412,0.53333,0.38499,-0.14834,0.5,0.3224,-0.1776,0.46667,0.47051,0.00385,0.43333,0.48329,0.04996
flat,contest-on,69,13905988830122322622,0.75,79,0,0,214,14,0.4,0.3593,-0.0407,0.44,0.48603,0.04603,0.48,0.43097,-0.04903,0.52,0.57822,0.05822,0.56,0.50474,-0.05526,0.6,0.73966,0.13966,0.56667,0.47777,-0.08889,0.53333,0.44347,-0.08986,0.5,0.47088,-0.02912,0.46667,0.50344,0.03677,0.43333,0.52497,0.09164
flat,contest-on,70,2572735999035143932,0.91667,98,0,0,241,14,0.4,0.45119,0.05119,0.44,0.53146,0.09146,0.48,0.52095,0.04095,0.52,0.58549,0.06549,0.56,0.64135,0.08135,0.6,0.7559,0.1559,0.56667,0.45092,-0.11574,0.53333,0.29716,-0.23618,0.5,0.33739,-0.16261,0.46667,0.30861,-0.15806,0.43333,0.41881,-0.01453
flat,contest-on,71,15942723661441544825,0.95833,69,0,0,221,14,0.4,0.34733,-0.05267,0.44,0.33954,-0.10046,0.48,0.4277,-0.0523,0.52,0.54002,0.02002,0.56,0.65152,0.09152,0.6,0.6595,0.0595,0.56667,0.61297,0.0463,0.53333,0.68646,0.15312,0.5,0.66516,0.16516,0.46667,0.36337,-0.10329,0.43333,0.36915,-0.06419
flat,contest-on,72,2061499082405233436,0.83333,106,0,0,203,12,0.4,0.40648,0.00648,0.44,0.41993,-0.02007,0.48,0.46347,-0.01653,0.52,0.50285,-0.01715,0.56,0.572,0.012,0.6,0.63622,0.03622,0.56667,0.61808,0.05141,0.53333,0.50826,-0.02507,0.5,0.62131,0.12131,0.46667,0.39074,-0.07593,0.43333,0.40032,-0.03301
flat,contest-on,73,9053364165572667846,0.08333,23,0,0,195,12,0.4,0.46488,0.06488,0.44,0.52643,0.08643,0.48,0.56018,0.08018,0.52,0.60898,0.08898,0.56,0.56884,0.00884,0.6,0.77073,0.17073,0.56667,0.32242,-0.24425,0.53333,0.28621,-0.24712,0.5,0.32244,-0.17756,0.46667,0.32476,-0.1419,0.43333,0.39043,-0.04291
flat,contest-on,74,4021286445205265483,1,32,0,0,237,14,0.4,0.52023,0.12023,0.44,0.56049,0.12049,0.48,0.44302,-0.03698,0.52,0.53198,0.01198,0.56,0.74867,0.18867,0.6,0.85649,0.25649,0.56667,0.70892,0.14226,0.53333,0.34406,-0.18927,0.5,0.37175,-0.12825,0.46667,0.47986,0.01319,0.43333,0.43774,0.0044
flat,contest-on,75,10309385419630120799,0.91667,115,0,0,228,14,0.4,0.55525,0.15525,0.44,0.55087,0.11087,0.48,0.48283,0.00283,0.52,0.64166,0.12166,0.56,0.62643,0.06643,0.6,0.81225,0.21225,0.56667,0.37461,-0.19205,0.53333,0.40652,-0.12681,0.5,0.37362,-0.12638,0.46667,0.37861,-0.08805,0.43333,0.41533,-0.018
flat,contest-on,76,2333188707531712769,0.70833,192,0,0,216,11,0.4,0.46511,0.06511,0.44,0.68908,0.24908,0.48,0.6168,0.1368,0.52,0.6189,0.0989,0.56,0.60226,0.04226,0.6,0.65455,0.05455,0.56667,0.31375,-0.25291,0.53333,0.34219,-0.19114,0.5,0.35289,-0.14711,0.46667,0.4631,-0.00357,0.43333,0.51222,0.07889
flat,contest-on,77,3618918861194736176,0.83333,52,0,0,213,15,0.4,0.4793,0.0793,0.44,0.56243,0.12243,0.48,0.62521,0.14521,0.52,0.57262,0.05262,0.56,0.62719,0.06719,0.6,0.70734,0.10734,0.56667,0.6359,0.06924,0.53333,0.39317,-0.14016,0.5,0.35975,-0.14025,0.46667,0.35926,-0.1074,0.43333,0.41018,-0.02315
flat,contest-on,78,16329358662285519941,1,46,0,0,204,13,0.4,0.41172,0.01172,0.44,0.4119,-0.0281,0.48,0.41452,-0.06548,0.52,0.50075,-0.01925,0.56,0.61316,0.05316,0.6,0.63626,0.03626,0.56667,0.61557,0.0489,0.53333,0.64448,0.11115,0.5,0.6232,0.1232,0.46667,0.52805,0.06138,0.43333,0.30724,-0.12609
flat,contest-on,79,10165722406132343212,0.45833,222,0,0,209,13,0.4,0.58456,0.18456,0.44,0.6988,0.2588,0.48,0.53358,0.05358,0.52,0.7404,0.2204,0.56,0.51864,-0.04136,0.6,0.84328,0.24328,0.56667,0.26455,-0.30211,0.53333,0.27959,-0.25374,0.5,0.32392,-0.17608,0.46667,0.49359,0.02692,0.43333,0.52531,0.09198
flat,contest-on,80,12748052701354739956,0.58333,223,0,0,204,14,0.4,0.4912,0.0912,0.44,0.54633,0.10633,0.48,0.62299,0.14299,0.52,0.60659,0.08659,0.56,0.64641,0.08641,0.6,0.6554,0.0554,0.56667,0.43046,-0.13621,0.53333,0.36493,-0.16841,0.5,0.34677,-0.15323,0.46667,0.34545,-0.12122,0.43333,0.39323,-0.0401
flat,contest-on,81,11602164549014486528,0.66667,131,0,0,206,14,0.4,0.44907,0.04907,0.44,0.56855,0.12855,0.48,0.61759,0.13759,0.52,0.50238,-0.01762,0.56,0.64573,0.08573,0.6,0.65762,0.05762,0.56667,0.51563,-0.05104,0.53333,0.37133,-0.162,0.5,0.40775,-0.09225,0.46667,0.45949,-0.00718,0.43333,0.53855,0.10521
flat,contest-on,82,13464606119368829981,0.91667,37,0,0,234,15,0.4,0.53044,0.13044,0.44,0.37475,-0.06525,0.48,0.60173,0.12173,0.52,0.56524,0.04524,0.56,0.60914,0.04914,0.6,0.7693,0.1693,0.56667,0.7088,0.14214,0.53333,0.40529,-0.12804,0.5,0.16242,-0.33758,0.46667,0.3216,-0.14507,0.43333,0.38262,-0.05071
flat,contest-on,83,6553201905087072308,0.625,192,0,0,209,14,0.4,0.43887,0.03887,0.44,0.64645,0.20645,0.48,0.49683,0.01683,0.52,0.53228,0.01228,0.56,0.56893,0.00893,0.6,0.71799,0.11799,0.56667,0.46915,-0.09751,0.53333,0.30265,-0.23068,0.5,0.41541,-0.08459,0.46667,0.2964,-0.17027,0.43333,0.40937,-0.02396
flat,contest-on,84,1249867381676075715,0.70833,215,0,0,210,15,0.4,0.56671,0.16671,0.44,0.7204,0.2804,0.48,0.6715,0.1915,0.52,0.56603,0.04603,0.56,0.60471,0.04471,0.6,0.66894,0.06894,0.56667,0.34958,-0.21708,0.53333,0.32521,-0.20813,0.5,0.44053,-0.05947,0.46667,0.40747,-0.0592,0.43333,0.47625,0.04291
flat,contest-on,85,6702011530889006745,0.875,33,0,0,221,15,0.4,0.49083,0.09083,0.44,0.62063,0.18063,0.48,0.59762,0.11762,0.52,0.67437,0.15437,0.56,0.67625,0.11625,0.6,0.74222,0.14222,0.56667,0.38214,-0.18452,0.53333,0.42299,-0.11035,0.5,0.45461,-0.04539,0.46667,0.43216,-0.0345,0.43333,0.48202,0.04869
flat,contest-on,86,11940759007153076831,0.875,111,0,0,202,11,0.4,0.46923,0.06923,0.44,0.42261,-0.01739,0.48,0.37004,-0.10996,0.52,0.45275,-0.06725,0.56,0.56182,0.00182,0.6,0.49719,-0.10281,0.56667,0.57331,0.00664,0.53333,0.62617,0.09284,0.5,0.51881,0.01881,0.46667,0.52191,0.05525,0.43333,0.56852,0.13519
flat,contest-on,87,14224608624944768315,0.08333,30,0,0,148,8,0.4,0.41068,0.01068,0.44,0.42537,-0.01463,0.48,0.41238,-0.06762,0.52,0.57774,0.05774,0.56,0.53167,-0.02833,0.6,0.56841,-0.03159,0.56667,0.71148,0.14481,0.53333,0.74781,0.21448,0.5,0.28332,-0.21668,0.46667,0.3148,-0.15187,0.43333,0.49028,0.05695
flat,contest-on,88,10849811451874385078,0.79167,77,0,0,216,14,0.4,0.49311,0.09311,0.44,0.55337,0.11337,0.48,0.5546,0.0746,0.52,0.63392,0.11392,0.56,0.6342,0.0742,0.6,0.645,0.045,0.56667,0.60232,0.03565,0.53333,0.44119,-0.09214,0.5,0.47825,-0.02175,0.46667,0.31162,-0.15505,0.43333,0.31352,-0.11981
flat,contest-on,89,3990052798072725425,0.83333,114,0,0,217,13,0.4,0.41503,0.01503,0.44,0.43216,-0.00784,0.48,0.48697,0.00697,0.52,0.48938,-0.03062,0.56,0.57231,0.01231,0.6,0.6049,0.0049,0.56667,0.59099,0.02432,0.53333,0.6794,0.14607,0.5,0.50611,0.00611,0.46667,0.56847,0.10181,0.43333,0.50281,0.06948
flat,contest-on,90,1317207734258541059,0.95833,63,0,0,225,16,0.4,0.61356,0.21356,0.44,0.63891,0.19891,0.48,0.55977,0.07977,0.52,0.51055,-0.00945,0.56,0.67906,0.11906,0.6,0.79091,0.19091,0.56667,0.3378,-0.22886,0.53333,0.36116,-0.17217,0.5,0.40853,-0.09147,0.46667,0.511,0.04434,0.43333,0.45207,0.01874
flat,contest-on,91,7095846260809303507,1,92,0,0,236,12,0.4,0.45119,0.05119,0.44,0.37754,-0.06246,0.48,0.52646,0.04646,0.52,0.48152,-0.03848,0.56,0.57083,0.01083,0.6,0.69898,0.09898,0.56667,0.64448,0.07782,0.53333,0.62796,0.09462,0.5,0.44275,-0.05725,0.46667,0.30087,-0.16579,0.43333,0.41522,-0.01811
flat,contest-on,92,9170283555158288935,0.75,95,0,0,226,13,0.4,0.40231,0.00231,0.44,0.56624,0.12624,0.48,0.61602,0.13602,0.52,0.55164,0.03164,0.56,0.54205,-0.01795,0.6,0.77883,0.17883,0.56667,0.50323,-0.06344,0.53333,0.60103,0.0677,0.5,0.38121,-0.11879,0.46667,0.37605,-0.09062,0.43333,0.40975,-0.02358
flat,contest-on,93,7762468275118155895,0.95833,20,0,0,216,14,0.4,0.46611,0.06611,0.44,0.5517,0.1117,0.48,0.48017,0.00017,0.52,0.64844,0.12844,0.56,0.65495,0.09495,0.6,0.67296,0.07296,0.56667,0.33889,-0.22778,0.53333,0.34913,-0.1842,0.5,0.40718,-0.09282,0.46667,0.32454,-0.14213,0.43333,0.43034,-0.003
flat,contest-on,94,1096455949924748687,0.25,101,0,0,159,9,0.4,0.38007,-0.01993,0.44,0.3782,-0.0618,0.48,0.54062,0.06062,0.52,0.53826,0.01826,0.56,0.53758,-0.02242,0.6,0.62419,0.02419,0.56667,0.57673,0.01006,0.53333,0.52005,-0.01328,0.5,0.68752,0.18752,0.46667,0.35159,-0.11508,0.43333,0.34045,-0.09289
flat,contest-on,95,1309239925506257953,0.875,130,0,0,227,15,0.4,0.44941,0.04941,0.44,0.52816,0.08816,0.48,0.57422,0.09422,0.52,0.71748,0.19748,0.56,0.65776,0.09776,0.6,0.82069,0.22069,0.56667,0.30993,-0.25674,0.53333,0.42476,-0.10858,0.5,0.40291,-0.09709,0.46667,0.4387,-0.02797,0.43333,0.35751,-0.07582
flat,contest-on,96,14843691281402160565,0.91667,1,0,0,203,12,0.4,0.45934,0.05934,0.44,0.53766,0.09766,0.48,0.4457,-0.0343,0.52,0.47829,-0.04171,0.56,0.53373,-0.02627,0.6,0.62983,0.02983,0.56667,0.52265,-0.04402,0.53333,0.60804,0.07471,0.5,0.44158,-0.05842,0.46667,0.38128,-0.08539,0.43333,0.34624,-0.08709
flat,contest-on,97,1680193267388716485,0.95833,60,0,0,214,13,0.4,0.4066,0.0066,0.44,0.43943,-0.00057,0.48,0.48084,0.00084,0.52,0.51901,-0.00099,0.56,0.65341,0.09341,0.6,0.67626,0.07626,0.56667,0.57113,0.00446,0.53333,0.37544,-0.15789,0.5,0.38596,-0.11404,0.46667,0.40343,-0.06323,0.43333,0.34827,-0.08507
flat,contest-on,98,291586319410795547,0.375,137,0,0,206,18,0.4,0.59733,0.19733,0.44,0.61044,0.17044,0.48,0.60299,0.12299,0.52,0.54073,0.02073,0.56,0.52699,-0.03301,0.6,0.63057,0.03057,0.56667,0.5469,-0.01977,0.53333,0.65222,0.11889,0.5,0.36736,-0.13264,0.46667,0.34818,-0.11849,0.43333,0.38875,-0.04458
flat,contest-on,99,14946936263476271014,0.70833,119,0,0,196,13,0.4,0.3981,-0.0019,0.44,0.58008,0.14008,0.48,0.56667,0.08667,0.52,0.5651,0.0451,0.56,0.52778,-0.03222,0.6,0.62402,0.02402,0.56667,0.50809,-0.05858,0.53333,0.65328,0.11995,0.5,0.33726,-0.16274,0.46667,0.46935,0.00268,0.43333,0.37493,-0.0584
flat,contest-on,100,11433231687411678974,0.91667,51,0,0,200,14,0.4,0.52067,0.12067,0.44,0.64306,0.20306,0.48,0.69108,0.21108,0.52,0.60079,0.08079,0.56,0.68961,0.12961,0.6,0.71715,0.11715,0.56667,0.36016,-0.20651,0.53333,0.29192,-0.24142,0.5,0.37822,-0.12178,0.46667,0.45712,-0.00955,0.43333,0.32674,-0.1066
flat,contest-on,101,5400337608784658792,0.83333,124,0,0,219,15,0.4,0.61369,0.21369,0.44,0.49112,0.05112,0.48,0.60955,0.12955,0.52,0.59715,0.07715,0.56,0.58585,0.02585,0.6,0.66876,0.06876,0.56667,0.60186,0.0352,0.53333,0.25264,-0.28069,0.5,0.32475,-0.17525,0.46667,0.34537,-0.12129,0.43333,0.36861,-0.06473
terrain,contest-off,42,11931304813082950328,0.58333,168,0,0,219,13,0.4,0.37637,-0.02363,0.44,0.54222,0.10222,0.48,0.55502,0.07502,0.52,0.55098,0.03098,0.56,0.62652,0.06652,0.6,0.71024,0.11024,0.56667,0.59601,0.02935,0.53333,0.35624,-0.1771,0.5,0.48999,-0.01001,0.46667,0.43924,-0.02743,0.43333,0.56092,0.12759
terrain,contest-off,43,16044586043354031634,0.83333,158,0,0,249,16,0.4,0.60461,0.20461,0.44,0.6158,0.1758,0.48,0.5991,0.1191,0.52,0.60576,0.08576,0.56,0.63434,0.07434,0.6,0.78,0.18,0.56667,0.66431,0.09764,0.53333,0.27319,-0.26014,0.5,0.4112,-0.0888,0.46667,0.38983,-0.07683,0.43333,0.49658,0.06325
terrain,contest-off,44,6526934393837902777,0.875,34,0,0,212,14,0.4,0.4773,0.0773,0.44,0.52058,0.08058,0.48,0.49461,0.01461,0.52,0.53344,0.01344,0.56,0.69662,0.13662,0.6,0.7137,0.1137,0.56667,0.4608,-0.10587,0.53333,0.33456,-0.19877,0.5,0.44804,-0.05196,0.46667,0.35957,-0.1071,0.43333,0.32724,-0.10609
terrain,contest-off,45,7463588143576109797,0.54167,87,0,0,217,12,0.4,0.50912,0.10912,0.44,0.47869,0.03869,0.48,0.48705,0.00705,0.52,0.64516,0.12516,0.56,0.61579,0.05579,0.6,0.6465,0.0465,0.56667,0.58407,0.0174,0.53333,0.45439,-0.07894,0.5,0.35706,-0.14294,0.46667,0.38768,-0.07898,0.43333,0.44132,0.00798
terrain,contest-off,46,14716059715025764931,0.41667,60,0,0,186,10,0.4,0.31657,-0.08343,0.44,0.44051,0.00051,0.48,0.42027,-0.05973,0.52,0.48523,-0.03477,0.56,0.54456,-0.01544,0.6,0.61806,0.01806,0.56667,0.47793,-0.08873,0.53333,0.60279,0.06946,0.5,0.56511,0.06511,0.46667,0.50223,0.03556,0.43333,0.33258,-0.10075
terrain,contest-off,47,18366784313081843457,0.70833,168,0,0,228,13,0.4,0.42748,0.02748,0.44,0.49417,0.05417,0.48,0.47236,-0.00764,0.52,0.49494,-0.02506,0.56,0.51488,-0.04512,0.6,0.65928,0.05928,0.56667,0.71378,0.14711,0.53333,0.63773,0.1044,0.5,0.64921,0.14921,0.46667,0.21277,-0.2539,0.43333,0.32765,-0.10568
terrain,contest-off,48,11692186311051649827,0.125,7,0,0,159,13,0.4,0.42206,0.02206,0.44,0.45143,0.01143,0.48,0.60868,0.12868,0.52,0.57782,0.05782,0.56,0.73375,0.17375,0.6,0.68607,0.08607,0.56667,0.8886,0.32193,0.53333,0.19838,-0.33496,0.5,0.355,-0.145,0.46667,0.36543,-0.10123,0.43333,0.34107,-0.09226
terrain,contest-off,49,8231153351556976417,0.08333,3,0,0,184,12,0.4,0.41537,0.01537,0.44,0.65117,0.21117,0.48,0.74772,0.26772,0.52,0.49873,-0.02127,0.56,0.53245,-0.02755,0.6,0.68761,0.08761,0.56667,0.63799,0.07132,0.53333,0.51292,-0.02041,0.5,0.2673,-0.2327,0.46667,0.44045,-0.02621,0.43333,0.46144,0.02811
terrain,contest-off,50,11474347142251862695,0.91667,130,0,0,246,16,0.4,0.60336,0.20336,0.44,0.5689,0.1289,0.48,0.5101,0.0301,0.52,0.66833,0.14833,0.56,0.69415,0.13415,0.6,0.69338,0.09338,0.56667,0.57212,0.00545,0.53333,0.34421,-0.18912,0.5,0.30469,-0.19531,0.46667,0.37733,-0.08934,0.43333,0.47109,0.03776
terrain,contest-off,51,857840859353608766,0.83333,125,0,0,184,15,0.4,0.43159,0.03159,0.44,0.54903,0.10903,0.48,0.52121,0.04121,0.52,0.55626,0.03626,0.56,0.51567,-0.04433,0.6,0.58301,-0.01699,0.56667,0.67892,0.11225,0.53333,0.4862,-0.04714,0.5,0.5988,0.0988,0.46667,0.302,-0.16466,0.43333,0.50507,0.07174
terrain,contest-off,52,17950050650170599079,0.25,3,0,0,175,14,0.4,0.48114,0.08114,0.44,0.4568,0.0168,0.48,0.52047,0.04047,0.52,0.58812,0.06812,0.56,0.58509,0.02509,0.6,0.80771,0.20771,0.56667,0.73963,0.17296,0.53333,0.24849,-0.28484,0.5,0.45697,-0.04303,0.46667,0.45518,-0.01149,0.43333,0.49658,0.06325
terrain,contest-off,53,2101085645962634722,0.45833,123,0,0,183,13,0.4,0.43621,0.03621,0.44,0.4461,0.0061,0.48,0.32156,-0.15844,0.52,0.50614,-0.01386,0.56,0.57538,0.01538,0.6,0.6707,0.0707,0.56667,0.49835,-0.06832,0.53333,0.71952,0.18619,0.5,0.62533,0.12533,0.46667,0.37083,-0.09584,0.43333,0.40022,-0.03312
terrain,contest-off,54,196037760564998166,0.83333,163,0,0,225,13,0.4,0.42984,0.02984,0.44,0.40433,-0.03567,0.48,0.49799,0.01799,0.52,0.57935,0.05935,0.56,0.45718,-0.10282,0.6,0.6661,0.0661,0.56667,0.62358,0.05691,0.53333,0.6232,0.08987,0.5,0.51916,0.01916,0.46667,0.43494,-0.03172,0.43333,0.38254,-0.05079
terrain,contest-off,55,12982661794487700079,0.95833,15,0,0,220,13,0.4,0.34765,-0.05235,0.44,0.37511,-0.06489,0.48,0.45385,-0.02615,0.52,0.46911,-0.05089,0.56,0.51486,-0.04514,0.6,0.66501,0.06501,0.56667,0.49677,-0.0699,0.53333,0.63136,0.09802,0.5,0.66325,0.16325,0.46667,0.69692,0.23025,0.43333,0.31173,-0.12161
terrain,contest-off,56,12978171269250226809,0.875,148,0,0,207,14,0.4,0.49293,0.09293,0.44,0.55978,0.11978,0.48,0.59572,0.11572,0.52,0.61446,0.09446,0.56,0.67014,0.11014,0.6,0.73496,0.13496,0.56667,0.38408,-0.18258,0.53333,0.47219,-0.06115,0.5,0.32666,-0.17334,0.46667,0.48566,0.01899,0.43333,0.38202,-0.05132
terrain,contest-off,57,10732419532549061166,0.70833,159,0,0,218,14,0.4,0.45864,0.05864,0.44,0.39161,-0.04839,0.48,0.39434,-0.08566,0.52,0.51793,-0.00207,0.56,0.44688,-0.11312,0.6,0.58228,-0.01772,0.56667,0.51494,-0.05173,0.53333,0.76373,0.2304,0.5,0.60537,0.10537,0.46667,0.29202,-0.17465,0.43333,0.43782,0.00448
terrain,contest-off,58,2407745914188775006,0.79167,94,0,0,220,13,0.4,0.48195,0.08195,0.44,0.43378,-0.00622,0.48,0.45241,-0.02759,0.52,0.60578,0.08578,0.56,0.54051,-0.01949,0.6,0.7463,0.1463,0.56667,0.52841,-0.03826,0.53333,0.61093,0.0776,0.5,0.69532,0.19532,0.46667,0.35996,-0.10671,0.43333,0.25499,-0.17834
terrain,contest-off,59,602799310114120776,0.875,84,0,0,226,17,0.4,0.55422,0.15422,0.44,0.70196,0.26196,0.48,0.5974,0.1174,0.52,0.56036,0.04036,0.56,0.68566,0.12566,0.6,0.69599,0.09599,0.56667,0.40798,-0.15869,0.53333,0.24669,-0.28664,0.5,0.38647,-0.11353,0.46667,0.48739,0.02073,0.43333,0.48588,0.05255
terrain,contest-off,60,7657398478945276193,0.91667,120,0,0,231,16,0.4,0.51643,0.11643,0.44,0.50083,0.06083,0.48,0.61274,0.13274,0.52,0.58218,0.06218,0.56,0.6131,0.0531,0.6,0.67103,0.07103,0.56667,0.57939,0.01272,0.53333,0.34894,-0.1844,0.5,0.24142,-0.25858,0.46667,0.39769,-0.06897,0.43333,0.43199,-0.00134
terrain,contest-off,61,11367063287199266759,0.66667,144,0,0,209,12,0.4,0.32752,-0.07248,0.44,0.4198,-0.0202,0.48,0.50254,0.02254,0.52,0.44389,-0.07611,0.56,0.55109,-0.00891,0.6,0.59446,-0.00554,0.56667,0.56367,-0.00299,0.53333,0.6178,0.08447,0.5,0.69952,0.19952,0.46667,0.57301,0.10635,0.43333,0.27659,-0.15675
terrain,contest-off,62,13335843421076431061,1,0,1,0,228,12,0.4,0.45489,0.05489,0.44,0.53331,0.09331,0.48,0.52079,0.04079,0.52,0.50739,-0.01261,0.56,0.61902,0.05902,0.6,0.68799,0.08799,0.56667,0.42877,-0.1379,0.53333,0.49327,-0.04006,0.5,0.42107,-0.07893,0.46667,0.42918,-0.03749,0.43333,0.37158,-0.06175
terrain,contest-off,63,4928064345575120181,0.33333,47,0,0,171,10,0.4,0.37395,-0.02605,0.44,0.43102,-0.00898,0.48,0.42123,-0.05877,0.52,0.5469,0.0269,0.56,0.61725,0.05725,0.6,0.57053,-0.02947,0.56667,0.6989,0.13223,0.53333,0.65617,0.12284,0.5,0.5474,0.0474,0.46667,0.42143,-0.04523,0.43333,0.27724,-0.15609
terrain,contest-off,64,5711527579507067655,0.45833,102,0,0,195,11,0.4,0.35921,-0.04079,0.44,0.46259,0.02259,0.48,0.43802,-0.04198,0.52,0.60239,0.08239,0.56,0.6106,0.0506,0.6,0.57959,-0.02041,0.56667,0.73758,0.17092,0.53333,0.48413,-0.04921,0.5,0.43475,-0.06525,0.46667,0.44307,-0.0236,0.43333,0.43208,-0.00126
terrain,contest-off,65,1702902841986245315,0.91667,141,0,0,239,15,0.4,0.49951,0.09951,0.44,0.42299,-0.01701,0.48,0.38445,-0.09555,0.52,0.47321,-0.04679,0.56,0.58804,0.02804,0.6,0.67086,0.07086,0.56667,0.45356,-0.11311,0.53333,0.43143,-0.1019,0.5,0.49389,-0.00611,0.46667,0.57523,0.10856,0.43333,0.34672,-0.08661
terrain,contest-off,66,6027175532496451506,0.08333,19,0,0,193,9,0.4,0.42568,0.02568,0.44,0.37729,-0.06271,0.48,0.39439,-0.08561,0.52,0.51564,-0.00436,0.56,0.61598,0.05598,0.6,0.7658,0.1658,0.56667,0.74212,0.17545,0.53333,0.74677,0.21343,0.5,0.28333,-0.21667,0.46667,0.32145,-0.14522,0.43333,0.44478,0.01145
terrain,contest-off,67,2995916147961460526,0.54167,169,0,0,198,17,0.4,0.6222,0.2222,0.44,0.53591,0.09591,0.48,0.54101,0.06101,0.52,0.66919,0.14919,0.56,0.67818,0.11818,0.6,0.76638,0.16638,0.56667,0.43367,-0.133,0.53333,0.36103,-0.17231,0.5,0.3847,-0.1153,0.46667,0.37982,-0.08684,0.43333,0.43928,0.00595
terrain,contest-off,68,9389987557116870413,0.95833,47,0,0,242,15,0.4,0.42147,0.02147,0.44,0.46349,0.02349,0.48,0.63933,0.15933,0.52,0.81069,0.29069,0.56,0.58256,0.02256,0.6,0.71355,0.11355,0.56667,0.32848,-0.23819,0.53333,0.35256,-0.18077,0.5,0.30838,-0.19162,0.46667,0.44028,-0.02638,0.43333,0.46701,0.03368
terrain,contest-off,69,2457492614313933428,0.29167,81,0,0,202,12,0.4,0.32785,-0.07215,0.44,0.46914,0.02914,0.48,0.47838,-0.00162,0.52,0.58897,0.06897,0.56,0.57986,0.01986,0.6,0.63151,0.03151,0.56667,0.32356,-0.24311,0.53333,0.48951,-0.04383,0.5,0.48314,-0.01686,0.46667,0.39465,-0.07202,0.43333,0.56583,0.13249
terrain,contest-off,70,6418083761333783792,0.29167,78,0,0,161,9,0.4,0.25504,-0.14496,0.44,0.324,-0.116,0.48,0.33512,-0.14488,0.52,0.449,-0.071,0.56,0.49612,-0.06388,0.6,0.50133,-0.09867,0.56667,0.54703,-0.01964,0.53333,0.61965,0.08632,0.5,0.64291,0.14291,0.46667,0.64988,0.18321,0.43333,0.71857,0.28524
terrain,contest-off,71,11381077218799775781,0.75,163,0,0,230,15,0.4,0.44323,0.04323,0.44,0.50839,0.06839,0.48,0.50365,0.02365,0.52,0.53994,0.01994,0.56,0.58763,0.02763,0.6,0.72845,0.12845,0.56667,0.65475,0.08809,0.53333,0.69735,0.16401,0.5,0.08482,-0.41518,0.46667,0.27677,-0.18989,0.43333,0.28022,-0.15311
terrain,contest-off,72,6902194874494001787,0.625,189,0,0,208,15,0.4,0.49468,0.09468,0.44,0.42859,-0.01141,0.48,0.55273,0.07273,0.52,0.56736,0.04736,0.56,0.58455,0.02455,0.6,0.6948,0.0948,0.56667,0.43022,-0.13645,0.53333,0.38375,-0.14958,0.5,0.53412,0.03412,0.46667,0.51965,0.05299,0.43333,0.40896,-0.02437
terrain,contest-off,73,2742900093835853591,0.95833,126,0,0,238,15,0.4,0.57798,0.17798,0.44,0.48629,0.04629,0.48,0.65077,0.17077,0.52,0.48724,-0.03276,0.56,0.62891,0.06891,0.6,0.73061,0.13061,0.56667,0.51066,-0.056,0.53333,0.54223,0.0089,0.5,0.50665,0.00665,0.46667,0.39101,-0.07566,0.43333,0.40859,-0.02474
terrain,contest-off,74,8885575618880587797,0.33333,159,0,0,186,11,0.4,0.38274,-0.01726,0.44,0.34961,-0.09039,0.48,0.46641,-0.01359,0.52,0.5116,-0.0084,0.56,0.49574,-0.06426,0.6,0.4906,-0.1094,0.56667,0.57596,0.00929,0.53333,0.58901,0.05567,0.5,0.68152,0.18152,0.46667,0.34135,-0.12532,0.43333,0.33839,-0.09494
terrain,contest-off,75,18028856581151065121,0.5,117,0,0,202,12,0.4,0.5073,0.1073,0.44,0.4827,0.0427,0.48,0.64989,0.16989,0.52,0.65807,0.13807,0.56,0.49402,-0.06598,0.6,0.67992,0.07992,0.56667,0.49377,-0.07289,0.53333,0.41331,-0.12002,0.5,0.35887,-0.14113,0.46667,0.37786,-0.08881,0.43333,0.3898,-0.04353
terrain,contest-off,76,18275887318375713158,0.75,141,0,0,214,15,0.4,0.4444,0.0444,0.44,0.65832,0.21832,0.48,0.48416,0.00416,0.52,0.58233,0.06233,0.56,0.57659,0.01659,0.6,0.63267,0.03267,0.56667,0.29263,-0.27404,0.53333,0.21882,-0.31451,0.5,0.34583,-0.15417,0.46667,0.36995,-0.09671,0.43333,0.42804,-0.00529
terrain,contest-off,77,13010194969808925178,1,79,0,0,241,12,0.4,0.37693,-0.02307,0.44,0.49549,0.05549,0.48,0.38261,-0.09739,0.52,0.50462,-0.01538,0.56,0.50904,-0.05096,0.6,0.71662,0.11662,0.56667,0.63894,0.07227,0.53333,0.54856,0.01523,0.5,0.62305,0.12305,0.46667,0.26404,-0.20263,0.43333,0.39288,-0.04046
terrain,contest-off,78,16884543857470618508,0.875,92,0,0,251,16,0.4,0.46594,0.06594,0.44,0.48064,0.04064,0.48,0.58955,0.10955,0.52,0.74245,0.22245,0.56,0.70539,0.14539,0.6,0.77552,0.17552,0.56667,0.29759,-0.26908,0.53333,0.29289,-0.24044,0.5,0.48115,-0.01885,0.46667,0.50534,0.03867,0.43333,0.38744,-0.04589
terrain,contest-off,79,5317180378738492884,0,1,0,1,167,0,0.4,,,0.44,,,0.48,,,0.52,,,0.56,,,0.6,,,0.56667,,,0.53333,,,0.5,,,0.46667,,,0.43333,,
terrain,contest-off,80,13627591875868068867,0.08333,16,0,0,193,11,0.4,0.46875,0.06875,0.44,0.5358,0.0958,0.48,0.49251,0.01251,0.52,0.75115,0.23115,0.56,0.56334,0.00334,0.6,0.82507,0.22507,0.56667,0.4067,-0.15996,0.53333,0.37449,-0.15884,0.5,0.31843,-0.18157,0.46667,0.43112,-0.03554,0.43333,0.48077,0.04743
terrain,contest-off,81,4604972206429337194,0.16667,40,0,0,204,10,0.4,0.45471,0.05471,0.44,0.47413,0.03413,0.48,0.33686,-0.14314,0.52,0.41237,-0.10763,0.56,0.63639,0.07639,0.6,0.68981,0.08981,0.56667,0.80196,0.23529,0.53333,0.37538,-0.15796,0.5,0.45192,-0.04808,0.46667,0.21154,-0.25513,0.43333,0.44617,0.01284
terrain,contest-off,82,4256090904025789068,0.95833,0,1,0,211,12,0.4,0.43032,0.03032,0.44,0.55568,0.11568,0.48,0.5265,0.0465,0.52,0.48545,-0.03455,0.56,0.60181,0.04181,0.6,0.65179,0.05179,0.56667,0.44967,-0.117,0.53333,0.4661,-0.06723,0.5,0.50358,0.00358,0.46667,0.42175,-0.04492,0.43333,0.471,0.03767
terrain,contest-off,83,13959319255547575603,0.83333,134,0,0,235,18,0.4,0.48,0.08,0.44,0.51597,0.07597,0.48,0.594,0.114,0.52,0.55889,0.03889,0.56,0.64735,0.08735,0.6,0.83265,0.23265,0.56667,0.6754,0.10873,0.53333,0.38786,-0.14548,0.5,0.42673,-0.07327,0.46667,0.33098,-0.13569,0.43333,0.57995,0.14662
terrain,contest-off,84,2867220924145239904,0.79167,174,0,0,226,14,0.4,0.40144,0.00144,0.44,0.5189,0.0789,0.48,0.52427,0.04427,0.52,0.48116,-0.03884,0.56,0.59422,0.03422,0.6,0.72168,0.12168,0.56667,0.51945,-0.04721,0.53333,0.60851,0.07518,0.5,0.48529,-0.01471,0.46667,0.33265,-0.13401,0.43333,0.57434,0.141
terrain,contest-off,85,11041095456510480921,0.875,67,0,0,214,12,0.4,0.3427,-0.0573,0.44,0.44036,0.00036,0.48,0.43657,-0.04343,0.52,0.52778,0.00778,0.56,0.54363,-0.01637,0.6,0.59619,-0.00381,0.56667,0.70139,0.13472,0.53333,0.70771,0.17438,0.5,0.46099,-0.03901,0.46667,0.55021,0.08355,0.43333,0.36247,-0.07086
terrain,contest-off,86,15227373173883500387,0.79167,133,0,0,230,15,0.4,0.49999,0.09999,0.44,0.43705,-0.00295,0.48,0.4776,-0.0024,0.52,0.45076,-0.06924,0.56,0.5049,-0.0551,0.6,0.60159,0.00159,0.56667,0.65748,0.09081,0.53333,0.60842,0.07509,0.5,0.40517,-0.09483,0.46667,0.37917,-0.0875,0.43333,0.39744,-0.0359
terrain,contest-off,87,4660568216383386202,0.79167,128,0,0,215,13,0.4,0.4706,0.0706,0.44,0.5212,0.0812,0.48,0.43343,-0.04657,0.52,0.56275,0.04275,0.56,0.71782,0.15782,0.6,0.63444,0.03444,0.56667,0.66288,0.09621,0.53333,0.43387,-0.09946,0.5,0.55586,0.05586,0.46667,0.33152,-0.13515,0.43333,0.37802,-0.05531
terrain,contest-off,88,11007668999498197003,0.83333,106,0,0,231,15,0.4,0.47446,0.07446,0.44,0.51919,0.07919,0.48,0.5943,0.1143,0.52,0.65434,0.13434,0.56,0.63481,0.07481,0.6,0.66124,0.06124,0.56667,0.64755,0.08088,0.53333,0.28369,-0.24965,0.5,0.37274,-0.12726,0.46667,0.51069,0.04403,0.43333,0.42846,-0.00487
terrain,contest-off,89,3754197525901616844,0.91667,99,0,0,240,18,0.4,0.5228,0.1228,0.44,0.5224,0.0824,0.48,0.56659,0.08659,0.52,0.53337,0.01337,0.56,0.58697,0.02696,0.6,0.66672,0.06672,0.56667,0.5029,-0.06377,0.53333,0.42027,-0.11306,0.5,0.46851,-0.03149,0.46667,0.4587,-0.00797,0.43333,0.49572,0.06239
terrain,contest-off,90,15688234660977084036,0.95833,7,0,0,224,13,0.4,0.41712,0.01712,0.44,0.56522,0.12522,0.48,0.49196,0.01196,0.52,0.40261,-0.11739,0.56,0.66293,0.10293,0.6,0.68507,0.08507,0.56667,0.46616,-0.10051,0.53333,0.4421,-0.09124,0.5,0.41903,-0.08097,0.46667,0.35926,-0.10741,0.43333,0.29243,-0.14091
terrain,contest-off,91,15905994037775622806,0.83333,138,0,0,240,17,0.4,0.44099,0.04099,0.44,0.50317,0.06317,0.48,0.50078,0.02078,0.52,0.61753,0.09753,0.56,0.54765,-0.01235,0.6,0.66842,0.06842,0.56667,0.50834,-0.05833,0.53333,0.47365,-0.05968,0.5,0.43084,-0.06916,0.46667,0.60286,0.13619,0.43333,0.39223,-0.0411
terrain,contest-off,92,11698853022293402496,0.875,138,0,0,207,17,0.4,0.44861,0.04861,0.44,0.56688,0.12688,0.48,0.55194,0.07194,0.52,0.69311,0.17311,0.56,0.61947,0.05947,0.6,0.69824,0.09824,0.56667,0.44253,-0.12414,0.53333,0.31778,-0.21555,0.5,0.39922,-0.10078,0.46667,0.42148,-0.04519,0.43333,0.46622,0.03289
terrain,contest-off,93,6265376069028772560,1,50,0,0,230,13,0.4,0.37703,-0.02297,0.44,0.41451,-0.02549,0.48,0.49792,0.01792,0.52,0.40946,-0.11054,0.56,0.58142,0.02142,0.6,0.67271,0.07271,0.56667,0.62881,0.06215,0.53333,0.61166,0.07833,0.5,0.53545,0.03545,0.46667,0.45184,-0.01483,0.43333,0.36122,-0.07211
terrain,contest-off,94,10062734544581313435,0.58333,162,0,0,203,15,0.4,0.47238,0.07238,0.44,0.63153,0.19153,0.48,0.62029,0.14029,0.52,0.55414,0.03414,0.56,0.65679,0.09679,0.6,0.67516,0.07516,0.56667,0.37644,-0.19023,0.53333,0.36187,-0.17146,0.5,0.37327,-0.12673,0.46667,0.4802,0.01354,0.43333,0.4393,0.00597
terrain,contest-off,95,2779063907615125597,0.91667,107,0,0,246,14,0.4,0.46409,0.06409,0.44,0.51071,0.07071,0.48,0.4712,-0.0088,0.52,0.68344,0.16344,0.56,0.75013,0.19013,0.6,0.69453,0.09453,0.56667,0.4079,-0.15876,0.53333,0.3935,-0.13983,0.5,0.38746,-0.11254,0.46667,0.41399,-0.05268,0.43333,0.40155,-0.03178
terrain,contest-off,96,17856302890310414721,0.95833,12,0,0,232,16,0.4,0.50664,0.10664,0.44,0.49378,0.05378,0.48,0.54661,0.06661,0.52,0.51088,-0.00912,0.56,0.59635,0.03635,0.6,0.71198,0.11198,0.56667,0.38681,-0.17985,0.53333,0.51374,-0.0196,0.5,0.40229,-0.09771,0.46667,0.44191,-0.02475,0.43333,0.57863,0.1453
terrain,contest-off,97,10511313609713376648,0.95833,56,0,0,237,13,0.4,0.31516,-0.08484,0.44,0.42115,-0.01885,0.48,0.45959,-0.02041,0.52,0.5177,-0.0023,0.56,0.4854,-0.0746,0.6,0.68929,0.08929,0.56667,0.69843,0.13177,0.53333,0.70008,0.16675,0.5,0.48811,-0.01189,0.46667,0.3538,-0.11287,0.43333,0.3652,-0.06813
terrain,contest-off,98,8992940240192475777,0.54167,114,0,0,213,13,0.4,0.48691,0.08691,0.44,0.46873,0.02873,0.48,0.53854,0.05854,0.52,0.54824,0.02824,0.56,0.49766,-0.06234,0.6,0.59601,-0.00399,0.56667,0.47195,-0.09472,0.53333,0.47907,-0.05426,0.5,0.51452,0.01452,0.46667,0.63086,0.1642,0.43333,0.34682,-0.08651
terrain,contest-off,99,5719416443757970997,0.5,141,0,0,198,12,0.4,0.37414,-0.02586,0.44,0.44944,0.00944,0.48,0.49398,0.01398,0.52,0.54154,0.02154,0.56,0.49194,-0.06806,0.6,0.49005,-0.10995,0.56667,0.51933,-0.04733,0.53333,0.66116,0.12783,0.5,0.54048,0.04048,0.46667,0.5385,0.07184,0.43333,0.52687,0.09354
terrain,contest-off,100,1490490086162428778,0.875,81,0,0,210,12,0.4,0.36837,-0.03163,0.44,0.54104,0.10104,0.48,0.49537,0.01537,0.52,0.55972,0.03972,0.56,0.70682,0.14682,0.6,0.57489,-0.02511,0.56667,0.81445,0.24778,0.53333,0.50311,-0.03022,0.5,0.48816,-0.01184,0.46667,0.33045,-0.13621,0.43333,0.43882,0.00549
terrain,contest-off,101,18305131815290152823,0.625,167,0,0,212,19,0.4,0.63366,0.23366,0.44,0.49126,0.05126,0.48,0.57731,0.09731,0.52,0.56059,0.04059,0.56,0.67225,0.11225,0.6,0.68934,0.08934,0.56667,0.35891,-0.20775,0.53333,0.4279,-0.10543,0.5,0.41013,-0.08987,0.46667,0.50361,0.03694,0.43333,0.24649,-0.18684
terrain,contest-on,42,11419345455504929644,0.54167,115,0,0,193,13,0.4,0.56749,0.16749,0.44,0.555,0.115,0.48,0.55728,0.07728,0.52,0.57399,0.05399,0.56,0.67675,0.11675,0.6,0.76709,0.16709,0.56667,0.32766,-0.23901,0.53333,0.32925,-0.20408,0.5,0.3424,-0.1576,0.46667,0.46224,-0.00443,0.43333,0.51965,0.08632
terrain,contest-on,43,3839180758264916597,0.875,105,0,0,217,14,0.4,0.45248,0.05248,0.44,0.52974,0.08974,0.48,0.49674,0.01674,0.52,0.58348,0.06348,0.56,0.62882,0.06882,0.6,0.59304,-0.00696,0.56667,0.57019,0.00352,0.53333,0.39412,-0.13922,0.5,0.52481,0.02481,0.46667,0.4664,-0.00027,0.43333,0.39039,-0.04294
terrain,contest-on,44,2831068713720157038,0.91667,69,0,0,224,13,0.4,0.46901,0.06901,0.44,0.53875,0.09875,0.48,0.72998,0.24998,0.52,0.62785,0.10785,0.56,0.61527,0.05527,0.6,0.64983,0.04983,0.56667,0.40915,-0.15752,0.53333,0.33538,-0.19795,0.5,0.49345,-0.00655,0.46667,0.44017,-0.0265,0.43333,0.39754,-0.0358
terrain,contest-on,45,7915179641536637391,0.83333,61,0,0,207,14,0.4,0.43803,0.03803,0.44,0.4119,-0.0281,0.48,0.46245,-0.01755,0.52,0.56087,0.04087,0.56,0.44381,-0.11619,0.6,0.64167,0.04167,0.56667,0.60612,0.03945,0.53333,0.4939,-0.03943,0.5,0.69788,0.19788,0.46667,0.55503,0.08836,0.43333,0.33313,-0.10021
terrain,contest-on,46,9006626802914113475,0.29167,98,0,0,164,11,0.4,0.58726,0.18726,0.44,0.23791,-0.20209,0.48,0.46863,-0.01137,0.52,0.51464,-0.00536,0.56,0.53561,-0.02439,0.6,0.58187,-0.01813,0.56667,0.62883,0.06217,0.53333,0.73865,0.20532,0.5,0.56234,0.06234,0.46667,0.32225,-0.14442,0.43333,0.52388,0.09055
terrain,contest-on,47,11228813120252847093,0.79167,199,0,0,219,15,0.4,0.45184,0.05184,0.44,0.50982,0.06982,0.48,0.43761,-0.04239,0.52,0.54251,0.02251,0.56,0.56928,0.00928,0.6,0.7023,0.1023,0.56667,0.3995,-0.16716,0.53333,0.48151,-0.05183,0.5,0.62198,0.12198,0.46667,0.56238,0.09572,0.43333,0.3395,-0.09383
terrain,contest-on,48,7262636065716420085,0.04167,3,0,0,160,11,0.4,0.3922,-0.0078,0.44,0.54254,0.10254,0.48,0.39786,-0.08214,0.52,0.62075,0.10075,0.56,0.59923,0.03923,0.6,0.60596,0.00596,0.56667,0.54541,-0.02125,0.53333,0.64752,0.11418,0.5,0.39596,-0.10404,0.46667,0.21105,-0.25561,0.43333,0.3497,-0.08364
terrain,contest-on,49,13887504905037804982,0.70833,177,0,0,238,13,0.4,0.49171,0.09171,0.44,0.55339,0.11339,0.48,0.44691,-0.03309,0.52,0.63602,0.11602,0.56,0.52554,-0.03446,0.6,0.78222,0.18222,0.56667,0.34176,-0.2249,0.53333,0.40549,-0.12784,0.5,0.47305,-0.02695,0.46667,0.32411,-0.14256,0.43333,0.49092,0.05759
terrain,contest-on,50,17115069681229246018,0.95833,37,0,0,244,16,0.4,0.52524,0.12524,0.44,0.47272,0.03272,0.48,0.50757,0.02757,0.52,0.69561,0.17561,0.56,0.6635,0.1035,0.6,0.78351,0.18351,0.56667,0.6167,0.05004,0.53333,0.39878,-0.13456,0.5,0.27693,-0.22307,0.46667,0.40126,-0.06541,0.43333,0.42898,-0.00436
terrain,contest-on,51,5138890636421484145,0.33333,92,0,0,167,12,0.4,0.49696,0.09696,0.44,0.48378,0.04378,0.48,0.47964,-0.00036,0.52,0.53486,0.01486,0.56,0.55955,-0.00045,0.6,0.56388,-0.03612,0.56667,0.66379,0.09712,0.53333,0.66051,0.12718,0.5,0.5202,0.0202,0.46667,0.39075,-0.07591,0.43333,0.31891,-0.11442
terrain,contest-on,52,13955740203742328319,0.04167,4,0,0,172,11,0.4,0.45898,0.05898,0.44,0.45331,0.01331,0.48,0.48545,0.00545,0.52,0.53189,0.01189,0.56,0.7258,0.1658,0.6,0.65667,0.05667,0.56667,0.78724,0.22057,0.53333,0.304,-0.22933,0.5,0.31535,-0.18465,0.46667,0.40433,-0.06234,0.43333,0.45409,0.02076
terrain,contest-on,53,5821702340349275850,0.91667,69,0,0,219,14,0.4,0.41811,0.01811,0.44,0.534,0.094,0.48,0.45945,-0.02055,0.52,0.53037,0.01037,0.56,0.49287,-0.06713,0.6,0.69651,0.09651,0.56667,0.4463,-0.12037,0.53333,0.47133,-0.062,0.5,0.40609,-0.09391,0.46667,0.49253,0.02586,0.43333,0.41828,-0.01506
terrain,contest-on,54,14652343770441616224,0.875,117,0,0,216,14,0.4,0.58055,0.18055,0.44,0.47552,0.03552,0.48,0.68756,0.20756,0.52,0.67594,0.15594,0.56,0.6584,0.0984,0.6,0.68182,0.08182,0.56667,0.48949,-0.07717,0.53333,0.35597,-0.17736,0.5,0.37387,-0.12613,0.46667,0.42682,-0.03985,0.43333,0.34587,-0.08746
terrain,contest-on,55,10108866540556607505,0.95833,28,0,0,194,15,0.4,0.45913,0.05913,0.44,0.43164,-0.00836,0.48,0.49099,0.01099,0.52,0.35655,-0.16345,0.56,0.42894,-0.13106,0.6,0.64459,0.04459,0.56667,0.56956,0.00289,0.53333,0.59868,0.06535,0.5,0.63571,0.13571,0.46667,0.61887,0.15221,0.43333,0.25697,-0.17636
terrain,contest-on,56,1258458883806652660,0.58333,139,0,0,190,13,0.4,0.45491,0.05491,0.44,0.5153,0.0753,0.48,0.53373,0.05373,0.52,0.60953,0.08953,0.56,0.56188,0.00188,0.6,0.65485,0.05485,0.56667,0.75314,0.18648,0.53333,0.43861,-0.09473,0.5,0.45515,-0.04485,0.46667,0.47743,0.01076,0.43333,0.46946,0.03612
terrain,contest-on,57,3982436895539378403,0.29167,117,0,0,164,13,0.4,0.31464,-0.08536,0.44,0.36708,-0.07292,0.48,0.54096,0.06096,0.52,0.44133,-0.07867,0.56,0.40902,-0.15098,0.6,0.52857,-0.07143,0.56667,0.61072,0.04405,0.53333,0.57092,0.03759,0.5,0.60077,0.10077,0.46667,0.72066,0.25399,0.43333,0.28208,-0.15125
terrain,contest-on,58,3208789095551480386,0.41667,182,0,0,214,15,0.4,0.51369,0.11369,0.44,0.43335,-0.00665,0.48,0.46971,-0.01029,0.52,0.62734,0.10734,0.56,0.52831,-0.03169,0.6,0.62405,0.02405,0.56667,0.25613,-0.31054,0.53333,0.66592,0.13259,0.5,0.50243,0.00243,0.46667,0.59592,0.12925,0.43333,0.28097,-0.15237
terrain,contest-on,59,12661599857666169067,0.875,96,0,0,214,16,0.4,0.62969,0.22969,0.44,0.6068,0.1668,0.48,0.56314,0.08314,0.52,0.58127,0.06127,0.56,0.58612,0.02612,0.6,0.73079,0.13079,0.56667,0.45422,-0.11245,0.53333,0.45424,-0.07909,0.5,0.50308,0.00308,0.46667,0.60313,0.13647,0.43333,0.50406,0.07073
terrain,contest-on,60,16879563945426641736,0.79167,107,0,0,209,13,0.4,0.57337,0.17337,0.44,0.54457,0.10457,0.48,0.50311,0.02311,0.52,0.4998,-0.0202,0.56,0.6895,0.1295,0.6,0.57531,-0.02469,0.56667,0.57449,0.00783,0.53333,0.59846,0.06513,0.5,0.34113,-0.15887,0.46667,0.33986,-0.1268,0.43333,0.40707,-0.02626
terrain,contest-on,61,5940998935474268914,0.25,88,0,0,197,13,0.4,0.45501,0.05501,0.44,0.44538,0.00538,0.48,0.56721,0.08721,0.52,0.55727,0.03727,0.56,0.51585,-0.04415,0.6,0.69437,0.09437,0.56667,0.39511,-0.17155,0.53333,0.42733,-0.10601,0.5,0.47319,-0.02681,0.46667,0.49323,0.02657,0.43333,0.47953,0.0462
terrain,contest-on,62,5768050492676847805,0.91667,62,0,0,225,15,0.4,0.40332,0.00332,0.44,0.49864,0.05864,0.48,0.56598,0.08598,0.52,0.46433,-0.05567,0.56,0.46077,-0.09923,0.6,0.68521,0.08521,0.56667,0.44928,-0.11739,0.53333,0.50819,-0.02514,0.5,0.56452,0.06452,0.46667,0.62203,0.15537,0.43333,0.46336,0.03003
terrain,contest-on,63,8571427212057686053,0.45833,163,0,0,211,13,0.4,0.55949,0.15949,0.44,0.53648,0.09648,0.48,0.54036,0.06036,0.52,0.66898,0.14898,0.56,0.61419,0.05419,0.6,0.70659,0.10659,0.56667,0.43095,-0.13572,0.53333,0.56796,0.03463,0.5,0.50053,0.00053,0.46667,0.39375,-0.07291,0.43333,0.39971,-0.03363
terrain,contest-on,64,12424982922534709371,0,8,0,1,171,0,0.4,,,0.44,,,0.48,,,0.52,,,0.56,,,0.6,,,0.56667,,,0.53333,,,0.5,,,0.46667,,,0.43333,,
terrain,contest-on,65,10557459228328353066,0.95833,118,0,0,235,16,0.4,0.53148,0.13148,0.44,0.53857,0.09857,0.48,0.49089,0.01089,0.52,0.4635,-0.0565,0.56,0.5968,0.0368,0.6,0.74417,0.14417,0.56667,0.61443,0.04777,0.53333,0.63941,0.10608,0.5,0.39739,-0.10261,0.46667,0.36953,-0.09714,0.43333,0.34613,-0.08721
terrain,contest-on,66,365865180355574229,0.125,41,0,0,184,10,0.4,0.44118,0.04118,0.44,0.48559,0.04559,0.48,0.51777,0.03777,0.52,0.69164,0.17164,0.56,0.61816,0.05816,0.6,0.77583,0.17583,0.56667,0.65586,0.08919,0.53333,0.32696,-0.20637,0.5,0.38612,-0.11388,0.46667,0.3913,-0.07536,0.43333,0.42639,-0.00695
terrain,contest-on,67,5794371844603305680,0.625,249,0,0,237,16,0.4,0.46031,0.06031,0.44,0.62437,0.18437,0.48,0.70293,0.22293,0.52,0.67143,0.15143,0.56,0.49886,-0.06114,0.6,0.78296,0.18296,0.56667,0.39326,-0.17341,0.53333,0.29608,-0.23726,0.5,0.39898,-0.10102,0.46667,0.38294,-0.08373,0.43333,0.3733,-0.06003
terrain,contest-on,68,8264449013406712407,1,11,0,0,218,14,0.4,0.43199,0.03199,0.44,0.35019,-0.08981,0.48,0.49874,0.01874,0.52,0.66766,0.14766,0.56,0.77812,0.21812,0.6,0.81952,0.21952,0.56667,0.39196,-0.17471,0.53333,0.43166,-0.10168,0.5,0.35722,-0.14278,0.46667,0.38947,-0.0772,0.43333,0.52946,0.09613
terrain,contest-on,69,11601879122739891975,0.04167,3,0,0,175,8,0.4,0.36921,-0.03079,0.44,0.65697,0.21697,0.48,0.48147,0.00147,0.52,0.58166,0.06166,0.56,0.61774,0.05774,0.6,0.70322,0.10322,0.56667,0.39499,-0.17168,0.53333,0.48998,-0.04335,0.5,0.37697,-0.12303,0.46667,0.55695,0.09028,0.43333,0.5692,0.13587
terrain,contest-on,70,2042517648188081354,0.625,128,0,0,227,14,0.4,0.44854,0.04854,0.44,0.51977,0.07977,0.48,0.51605,0.03605,0.52,0.47833,-0.04167,0.56,0.6468,0.0868,0.6,0.83109,0.23109,0.56667,0.36818,-0.19848,0.53333,0.38089,-0.15244,0.5,0.3656,-0.1344,0.46667,0.55337,0.0867,0.43333,0.32012,-0.11321
terrain,contest-on,71,11701001423571903860,0.91667,124,0,0,222,13,0.4,0.4652,0.0652,0.44,0.44776,0.00776,0.48,0.52098,0.04098,0.52,0.59078,0.07078,0.56,0.51585,-0.04415,0.6,0.71818,0.11818,0.56667,0.60636,0.03969,0.53333,0.60403,0.0707,0.5,0.29296,-0.20704,0.46667,0.41887,-0.04779,0.43333,0.38162,-0.05171
terrain,contest-on,72,9118009958948775310,0.95833,17,0,0,212,14,0.4,0.39366,-0.00634,0.44,0.46525,0.02525,0.48,0.42738,-0.05262,0.52,0.42769,-0.09231,0.56,0.56095,0.00095,0.6,0.71536,0.11536,0.56667,0.54873,-0.01793,0.53333,0.58628,0.05294,0.5,0.47084,-0.02916,0.46667,0.51069,0.04402,0.43333,0.32717,-0.10617
terrain,contest-on,73,8234156375710940779,0.83333,106,0,0,216,14,0.4,0.40797,0.00797,0.44,0.45763,0.01763,0.48,0.54803,0.06803,0.52,0.58184,0.06184,0.56,0.54255,-0.01745,0.6,0.66674,0.06674,0.56667,0.57439,0.00772,0.53333,0.46719,-0.06614,0.5,0.46601,-0.03399,0.46667,0.52401,0.05735,0.43333,0.35874,-0.07459
terrain,contest-on,74,12481489485454016589,0.45833,126,0,0,238,14,0.4,0.47666,0.07666,0.44,0.51866,0.07866,0.48,0.52532,0.04532,0.52,0.50998,-0.01002,0.56,0.60506,0.04506,0.6,0.7491,0.1491,0.56667,0.47578,-0.09088,0.53333,0.35991,-0.17342,0.5,0.40858,-0.09142,0.46667,0.43215,-0.03452,0.43333,0.55528,0.12195
terrain,contest-on,75,11556817621198313356,0.91667,58,0,0,230,15,0.4,0.59794,0.19794,0.44,0.56624,0.12624,0.48,0.52018,0.04018,0.52,0.63008,0.11008,0.56,0.55091,-0.00909,0.6,0.59075,-0.00925,0.56667,0.34246,-0.22421,0.53333,0.50746,-0.02588,0.5,0.48187,-0.01813,0.46667,0.43659,-0.03007,0.43333,0.34988,-0.08345
terrain,contest-on,76,15359673110879120001,0.58333,109,0,0,195,12,0.4,0.40954,0.00954,0.44,0.41877,-0.02123,0.48,0.47283,-0.00717,0.52,0.49404,-0.02596,0.56,0.54491,-0.01509,0.6,0.64211,0.04211,0.56667,0.57851,0.01185,0.53333,0.73587,0.20254,0.5,0.56592,0.06592,0.46667,0.32307,-0.14359,0.43333,0.35856,-0.07478
terrain,contest-on,77,5550919826923402655,0.95833,72,0,0,238,13,0.4,0.44135,0.04135,0.44,0.46555,0.02555,0.48,0.5673,0.0873,0.52,0.61905,0.09905,0.56,0.53427,-0.02573,0.6,0.69051,0.09051,0.56667,0.57054,0.00388,0.53333,0.61547,0.08214,0.5,0.45024,-0.04976,0.46667,0.37526,-0.0914,0.43333,0.37067,-0.06266
terrain,contest-on,78,2687891086799284585,0.79167,154,0,0,200,11,0.4,0.41919,0.01919,0.44,0.46717,0.02717,0.48,0.53604,0.05604,0.52,0.58044,0.06044,0.56,0.71907,0.15907,0.6,0.62103,0.02103,0.56667,0.55933,-0.00733,0.53333,0.50803,-0.0253,0.5,0.52782,0.02782,0.46667,0.3299,-0.13677,0.43333,0.40392,-0.02941
terrain,contest-on,79,17165095319134949740,0.54167,201,0,0,216,14,0.4,0.49977,0.09977,0.44,0.43662,-0.00338,0.48,0.59386,0.11386,0.52,0.62149,0.10149,0.56,0.6075,0.0475,0.6,0.77178,0.17178,0.56667,0.58045,0.01378,0.53333,0.35839,-0.17495,0.5,0.36202,-0.13798,0.46667,0.38091,-0.08576,0.43333,0.40516,-0.02818
terrain,contest-on,80,8361054839697066580,0.25,52,0,0,175,12,0.4,0.51569,0.11569,0.44,0.51579,0.07579,0.48,0.52292,0.04292,0.52,0.37992,-0.14008,0.56,0.55529,-0.00471,0.6,0.66141,0.06141,0.56667,0.7053,0.13864,0.53333,0.65581,0.12247,0.5,0.41442,-0.08558,0.46667,0.38751,-0.07915,0.43333,0.29973,-0.1336
terrain,contest-on,81,17933303475987690176,0.375,153,0,0,185,12,0.4,0.39564,-0.00436,0.44,0.44526,0.00526,0.48,0.42359,-0.05641,0.52,0.48161,-0.03839,0.56,0.50908,-0.05092,0.6,0.73741,0.13741,0.56667,0.44073,-0.12593,0.53333,0.50616,-0.02717,0.5,0.44331,-0.05669,0.46667,0.39709,-0.06958,0.43333,0.45694,0.02361
terrain,contest-on,82,14603853167349872107,0.95833,57,0,0,191,12,0.4,0.36811,-0.03189,0.44,0.47567,0.03567,0.48,0.43701,-0.04299,0.52,0.45926,-0.06074,0.56,0.53199,-0.02801,0.6,0.56694,-0.03306,0.56667,0.61833,0.05166,0.53333,0.64287,0.10954,0.5,0.66709,0.16709,0.46667,0.50344,0.03678,0.43333,0.39528,-0.03806
terrain,contest-on,83,15851087755592604524,0.79167,109,0,0,222,12,0.4,0.38025,-0.01975,0.44,0.50303,0.06303,0.48,0.40262,-0.07738,0.52,0.46853,-0.05147,0.56,0.52934,-0.03066,0.6,0.68274,0.08274,0.56667,0.5046,-0.06207,0.53333,0.44276,-0.09057,0.5,0.52153,0.02153,0.46667,0.6185,0.15183,0.43333,0.42668,-0.00666
terrain,contest-on,84,2393151849885332150,0.08333,3,0,0,161,9,0.4,0.29638,-0.10362,0.44,0.45119,0.01119,0.48,0.51366,0.03366,0.52,0.46275,-0.05725,0.56,0.47782,-0.08218,0.6,0.77272,0.17272,0.56667,0.64641,0.07974,0.53333,0.77672,0.24338,0.5,0.67954,0.17954,0.46667,0.28819,-0.17847,0.43333,0.42602,-0.00731
terrain,contest-on,85,11770680638283713884,1,86,0,0,212,15,0.4,0.46794,0.06794,0.44,0.69021,0.25021,0.48,0.64962,0.16962,0.52,0.61419,0.09419,0.56,0.5732,0.0132,0.6,0.81246,0.21246,0.56667,0.31455,-0.25212,0.53333,0.4905,-0.04284,0.5,0.49527,-0.00473,0.46667,0.41708,-0.04958,0.43333,0.52986,0.09652
terrain,contest-on,86,7894769583465758506,0.95833,123,0,0,211,14,0.4,0.47702,0.07702,0.44,0.4112,-0.0288,0.48,0.46002,-0.01998,0.52,0.50022,-0.01978,0.56,0.5058,-0.0542,0.6,0.60494,0.00494,0.56667,0.64533,0.07866,0.53333,0.54485,0.01151,0.5,0.51086,0.01086,0.46667,0.43039,-0.03628,0.43333,0.40016,-0.03318
terrain,contest-on,87,12114913696018561565,0.625,172,0,0,220,14,0.4,0.53457,0.13457,0.44,0.48621,0.04621,0.48,0.48968,0.00968,0.52,0.56507,0.04507,0.56,0.54106,-0.01894,0.6,0.69855,0.09855,0.56667,0.68973,0.12306,0.53333,0.41442,-0.11892,0.5,0.47335,-0.02665,0.46667,0.38435,-0.08232,0.43333,0.40209,-0.03124
terrain,contest-on,88,2195971224596406,0.91667,133,0,0,239,16,0.4,0.53397,0.13397,0.44,0.52938,0.08938,0.48,0.5919,0.1119,0.52,0.74134,0.22134,0.56,0.62281,0.06281,0.6,0.76301,0.16301,0.56667,0.24645,-0.32022,0.53333,0.38764,-0.14569,0.5,0.4371,-0.0629,0.46667,0.44946,-0.01721,0.43333,0.56758,0.13425
terrain,contest-on,89,2193872393116647950,0.83333,172,0,0,227,13,0.4,0.52398,0.12398,0.44,0.48128,0.04128,0.48,0.53774,0.05774,0.52,0.54186,0.02186,0.56,0.57536,0.01536,0.6,0.63903,0.03903,0.56667,0.5089,-0.05777,0.53333,0.49827,-0.03506,0.5,0.48024,-0.01976,0.46667,0.64239,0.17573,0.43333,0.40326,-0.03008
terrain,contest-on,90,1554019731237641220,0.95833,100,0,0,220,15,0.4,0.52541,0.12541,0.44,0.36274,-0.07726,0.48,0.50292,0.02292,0.52,0.49508,-0.02492,0.56,0.60417,0.04417,0.6,0.66667,0.06667,0.56667,0.61852,0.05186,0.53333,0.43114,-0.10219,0.5,0.47162,-0.02838,0.46667,0.47971,0.01304,0.43333,0.3832,-0.05013
terrain,contest-on,91,11680094538707359033,0.75,125,0,0,240,13,0.4,0.49077,0.09077,0.44,0.53079,0.09079,0.48,0.64284,0.16284,0.52,0.53208,0.01208,0.56,0.63565,0.07565,0.6,0.73026,0.13026,0.56667,0.54048,-0.02619,0.53333,0.47427,-0.05906,0.5,0.35904,-0.14096,0.46667,0.40747,-0.0592,0.43333,0.45986,0.02653
terrain,contest-on,92,17762223264342769515,0.70833,117,0,0,213,13,0.4,0.505,0.105,0.44,0.48418,0.04418,0.48,0.50967,0.02967,0.52,0.63438,0.11438,0.56,0.52307,-0.03693,0.6,0.71833,0.11833,0.56667,0.52968,-0.03699,0.53333,0.52021,-0.01313,0.5,0.37246,-0.12754,0.46667,0.49294,0.02627,0.43333,0.44539,0.01206
terrain,contest-on,93,9018062284256437872,0.83333,88,0,0,218,13,0.4,0.43799,0.03799,0.44,0.42361,-0.01639,0.48,0.48991,0.00991,0.52,0.60167,0.08167,0.56,0.66719,0.10719,0.6,0.68,0.08,0.56667,0.68112,0.11445,0.53333,0.48721,-0.04612,0.5,0.34324,-0.15676,0.46667,0.38438,-0.08229,0.43333,0.46964,0.03631
terrain,contest-on,94,12929180135902588451,0,1,0,1,160,0,0.4,,,0.44,,,0.48,,,0.52,,,0.56,,,0.6,,,0.56667,,,0.53333,,,0.5,,,0.46667,,,0.43333,,
terrain,contest-on,95,3940538626279886401,0.58333,148,0,0,213,14,0.4,0.3737,-0.0263,0.44,0.51754,0.07754,0.48,0.44522,-0.03478,0.52,0.62005,0.10005,0.56,0.60553,0.04553,0.6,0.82602,0.22602,0.56667,0.75566,0.18899,0.53333,0.40922,-0.12411,0.5,0.24573,-0.25427,0.46667,0.38044,-0.08622,0.43333,0.32266,-0.11068
terrain,contest-on,96,13504727453290263093,0.91667,0,1,0,201,13,0.4,0.47122,0.07122,0.44,0.44651,0.00651,0.48,0.46215,-0.01785,0.52,0.60146,0.08146,0.56,0.58628,0.02628,0.6,0.70905,0.10905,0.56667,0.63423,0.06756,0.53333,0.46408,-0.06925,0.5,0.43494,-0.06506,0.46667,0.35161,-0.11506,0.43333,0.49489,0.06156
terrain,contest-on,97,6951141266357193474,0.91667,35,0,0,208,12,0.4,0.28204,-0.11796,0.44,0.40916,-0.03084,0.48,0.44769,-0.03231,0.52,0.49278,-0.02722,0.56,0.51565,-0.04435,0.6,0.58773,-0.01227,0.56667,0.67641,0.10974,0.53333,0.70065,0.16732,0.5,0.6669,0.1669,0.46667,0.49982,0.03316,0.43333,0.3274,-0.10593
terrain,contest-on,98,16283895216291153960,0.79167,170,0,0,223,13,0.4,0.50529,0.10529,0.44,0.53612,0.09612,0.48,0.47195,-0.00805,0.52,0.61092,0.09092,0.56,0.64243,0.08243,0.6,0.7026,0.1026,0.56667,0.3473,-0.21937,0.53333,0.28904,-0.24429,0.5,0.39509,-0.10491,0.46667,0.57696,0.1103,0.43333,0.48555,0.05221
terrain,contest-on,99,7951530938298520192,0.83333,152,0,0,223,15,0.4,0.53426,0.13426,0.44,0.61133,0.17133,0.48,0.59957,0.11957,0.52,0.63476,0.11476,0.56,0.64989,0.08989,0.6,0.72725,0.12725,0.56667,0.29405,-0.27262,0.53333,0.49321,-0.04012,0.5,0.37354,-0.12646,0.46667,0.40779,-0.05888,0.43333,0.47797,0.04464
terrain,contest-on,100,15970781378922677018,0.95833,31,0,0,205,13,0.4,0.48103,0.08103,0.44,0.55863,0.11863,0.48,0.63576,0.15576,0.52,0.58102,0.06102,0.56,0.67095,0.11095,0.6,0.69524,0.09524,0.56667,0.39698,-0.16969,0.53333,0.33033,-0.20301,0.5,0.47554,-0.02446,0.46667,0.46388,-0.00278,0.43333,0.35226,-0.08107
terrain,contest-on,101,2890519747292414138,0.875,195,0,0,236,15,0.4,0.69729,0.29729,0.44,0.42165,-0.01835,0.48,0.73203,0.25203,0.52,0.62637,0.10637,0.56,0.59099,0.03099,0.6,0.73383,0.13383,0.56667,0.26772,-0.29895,0.53333,0.26623,-0.2671,0.5,0.26585,-0.23415,0.46667,0.35346,-0.11321,0.43333,0.48483,0.0515
